customerID,gender,SeniorCitizen,Partner,Dependents,tenure,PhoneService,MultipleLines,InternetService,OnlineSecurity,OnlineBackup,DeviceProtection,TechSupport,StreamingTV,StreamingMovies,Contract,PaperlessBilling,PaymentMethod,MonthlyCharges,TotalCharges,Churn
8359-LQYWG,Female,0,Yes,Yes,55,Yes,No,No,No internet service,No internet service,No internet service,No internet service,No internet service,No internet service,Two year,No,Electronic check,31.1,1741.01,No
4970-MAQAI,Male,1,Yes,No,7,Yes,Yes,Fiber optic,Yes,No,No,No,No,No,Month-to-month,Yes,Bank transfer (automatic),85.01,573.79,Yes
5870-BMXZX,Female,1,No,No,44,Yes,No,No,No internet service,No internet service,No internet service,No internet service,No internet service,No internet service,Month-to-month,No,Electronic check,18.0,750.11,No
7271-LSIEK,Female,0,Yes,No,26,Yes,Yes,Fiber optic,No,No,No,No,No,No,Month-to-month,No,Credit card (automatic),73.91,1894.5,No
2584-BNWFZ,Male,0,No,No,24,Yes,No,Fiber optic,No,No,No,Yes,Yes,Yes,Month-to-month,No,Credit card (automatic),67.74,1582.81,Yes
5013-HYTIA,Female,0,No,No,71,Yes,Yes,Fiber optic,Yes,No,No,No,No,Yes,Two year,Yes,Electronic check,75.22,5296.79,No
3952-EFWDH,Female,0,No,No,2,Yes,No,Fiber optic,Yes,No,No,No,No,No,Month-to-month,Yes,Mailed check,82.13,169.41,Yes
9778-DRFAA,Female,1,No,Yes,57,Yes,No,DSL,Yes,No,Yes,No,No,No,Two year,Yes,Mailed check,73.24,4264.1,No
8403-TCYKS,Male,0,Yes,No,42,Yes,Yes,Fiber optic,No,No,No,No,No,No,Month-to-month,No,Credit card (automatic),97.87,4141.59,No
6266-EHVKC,Male,0,Yes,Yes,43,Yes,Yes,DSL,No,No,No,No,No,No,One year,No,Electronic check,77.64,3304.66,No
3395-AZGGY,Male,0,No,No,26,Yes,Yes,No,No internet service,No internet service,No internet service,No internet service,No internet service,No internet service,Month-to-month,Yes,Electronic check,23.39,583.66,No
3440-FBPIN,Female,0,Yes,No,40,Yes,No,DSL,No,Yes,No,No,Yes,No,One year,Yes,Electronic check,63.18,2453.96,No
4545-PMBYP,Female,0,No,No,1,Yes,Yes,DSL,No,No,No,No,No,Yes,Month-to-month,Yes,Credit card (automatic),58.99,47.62,Yes
8918-UAIRR,Female,1,No,No,49,Yes,No,Fiber optic,No,No,No,No,Yes,No,Two year,No,Electronic check,66.43,3233.58,No
2773-RYEXW,Male,0,Yes,No,8,Yes,No,DSL,No,No,No,No,No,No,Month-to-month,Yes,Mailed check,64.81,487.45,Yes
6128-RQLKE,Male,0,Yes,No,29,Yes,Yes,No,No internet service,No internet service,No internet service,No internet service,No internet service,No internet service,Month-to-month,Yes,Bank transfer (automatic),29.54,884.79,No
2247-HODAJ,Female,0,No,Yes,68,Yes,Yes,Fiber optic,No,No,Yes,No,Yes,Yes,Month-to-month,No,Electronic check,97.26,6600.81,No
7438-YYSOD,Male,0,No,Yes,38,Yes,Yes,Fiber optic,Yes,No,No,No,Yes,Yes,Two year,Yes,Electronic check,96.35,3677.56,No
6492-HQZWN,Female,0,No,No,42,Yes,Yes,DSL,Yes,No,Yes,Yes,No,Yes,Month-to-month,No,Mailed check,68.13,2884.87,No
3096-EIROQ,Female,0,Yes,No,7,Yes,No,Fiber optic,No,No,Yes,Yes,Yes,Yes,Two year,No,Electronic check,69.08,486.68,No
1238-RDICB,Female,0,No,Yes,24,No,No phone service,DSL,Yes,No,No,Yes,No,No,Month-to-month,No,Credit card (automatic),57.75,1398.29,No
8004-ANVBV,Male,0,Yes,No,53,Yes,No,DSL,Yes,No,Yes,Yes,No,No,Month-to-month,Yes,Credit card (automatic),53.39,2824.17,No
3866-WYUFT,Female,0,Yes,No,54,Yes,Yes,Fiber optic,Yes,No,No,No,Yes,No,Month-to-month,Yes,Credit card (automatic),69.57,3799.58,No
7023-KEILI,Female,0,No,No,0,Yes,Yes,DSL,Yes,Yes,No,No,No,No,One year,No,Credit card (automatic),60.44, ,No
3607-WUGSY,Female,1,No,Yes,28,No,No phone service,Fiber optic,Yes,No,Yes,No,No,Yes,Month-to-month,No,Bank transfer (automatic),89.12,2458.14,No
9512-GPMMO,Male,0,Yes,No,70,Yes,No,Fiber optic,No,Yes,No,Yes,No,No,One year,Yes,Credit card (automatic),105.12,7423.58,No
9665-TXNCB,Male,0,No,Yes,4,Yes,No,No,No internet service,No internet service,No internet service,No internet service,No internet service,No internet service,Two year,No,Credit card (automatic),24.45,85.98,No
1320-ZNSWK,Male,0,Yes,Yes,1,Yes,Yes,Fiber optic,No,No,Yes,No,Yes,No,Two year,No,Mailed check,84.71,88.47,No
6572-GYRQG,Male,0,Yes,No,32,No,No phone service,DSL,No,No,Yes,Yes,Yes,No,Two year,Yes,Credit card (automatic),57.88,1872.96,No
6864-DBVQG,Female,0,Yes,No,0,Yes,Yes,No,No internet service,No internet service,No internet service,No internet service,No internet service,No internet service,One year,Yes,Mailed check,27.97, ,No
2730-EANKX,Female,0,No,Yes,58,Yes,Yes,Fiber optic,No,No,No,Yes,No,No,Two year,Yes,Mailed check,78.86,4603.32,No
4759-SFBOX,Female,0,Yes,Yes,13,Yes,Yes,DSL,No,No,Yes,No,Yes,No,One year,No,Bank transfer (automatic),72.27,952.7,No
8332-LUSWF,Male,0,No,No,26,Yes,Yes,Fiber optic,No,Yes,No,Yes,Yes,Yes,One year,Yes,Mailed check,95.83,2479.66,No
9673-IEZJK,Male,0,Yes,No,8,Yes,No,Fiber optic,No,Yes,No,No,Yes,No,Two year,No,Credit card (automatic),91.55,670.89,Yes
2270-GSSHL,Male,1,Yes,Yes,64,Yes,No,DSL,Yes,Yes,Yes,No,Yes,Yes,Month-to-month,Yes,Credit card (automatic),54.67,3560.46,No
6678-VJTYY,Male,0,Yes,Yes,10,Yes,No,No,No internet service,No internet service,No internet service,No internet service,No internet service,No internet service,Month-to-month,Yes,Electronic check,18.37,226.82,No
5995-WTXNZ,Male,1,Yes,No,2,Yes,No,No,No internet service,No internet service,No internet service,No internet service,No internet service,No internet service,Two year,No,Mailed check,21.31,24.2,No
6714-GQOQV,Male,0,No,Yes,59,Yes,Yes,Fiber optic,No,Yes,No,No,No,No,Month-to-month,Yes,Electronic check,91.46,5424.28,No
8811-CVMGO,Male,1,No,No,61,No,No phone service,DSL,No,Yes,No,Yes,Yes,Yes,Two year,Yes,Mailed check,67.03,4058.22,Yes
5370-ZHDLQ,Female,0,No,No,42,Yes,No,DSL,Yes,No,No,Yes,No,Yes,Month-to-month,Yes,Electronic check,62.39,2672.56,No
7052-KDHWE,Male,0,Yes,No,9,Yes,Yes,Fiber optic,No,No,No,No,No,No,Month-to-month,No,Electronic check,95.71,930.38,Yes
2155-SSSTT,Female,0,No,No,3,Yes,Yes,DSL,Yes,No,Yes,No,No,No,Month-to-month,Yes,Electronic check,72.43,284.62,Yes
6523-LHBMK,Female,0,No,No,8,Yes,No,DSL,No,No,No,Yes,No,No,Two year,No,Bank transfer (automatic),77.14,669.13,No
2519-LPMXE,Male,0,Yes,Yes,3,Yes,No,Fiber optic,Yes,No,No,No,No,No,Month-to-month,Yes,Electronic check,97.06,310.66,Yes
3913-XHHBQ,Female,0,No,No,4,Yes,No,Fiber optic,No,No,Yes,No,Yes,No,Month-to-month,Yes,Electronic check,97.91,456.32,Yes
2951-NNWVX,Female,0,No,Yes,15,Yes,No,DSL,No,Yes,No,No,Yes,No,Two year,No,Bank transfer (automatic),47.93,729.77,No
4573-EHMAR,Male,0,No,No,62,No,No phone service,Fiber optic,No,No,No,No,No,No,One year,No,Bank transfer (automatic),82.21,4980.29,No
3400-URDLL,Male,0,No,Yes,3,Yes,No,DSL,No,Yes,Yes,No,Yes,Yes,Two year,Yes,Electronic check,66.67,153.89,No
1425-JIXVW,Female,0,No,No,10,Yes,No,Fiber optic,No,Yes,No,No,Yes,Yes,Month-to-month,No,Bank transfer (automatic),94.19,887.6,Yes
4012-QQTIW,Male,0,Yes,Yes,30,Yes,No,Fiber optic,Yes,No,No,No,No,No,One year,No,Mailed check,110.22,3314.39,No
1028-UZADR,Male,0,No,No,57,Yes,No,DSL,No,No,No,Yes,No,No,Two year,Yes,Electronic check,59.33,3427.26,No
1923-WMSNA,Male,0,No,No,36,Yes,No,No,No internet service,No internet service,No internet service,No internet service,No internet service,No internet service,One year,Yes,Electronic check,26.4,934.21,No
9753-MEBWR,Female,0,Yes,Yes,10,Yes,Yes,No,No internet service,No internet service,No internet service,No internet service,No internet service,No internet service,Month-to-month,No,Bank transfer (automatic),18.03,197.66,No
1651-SRJFC,Female,0,No,No,60,Yes,No,No,No internet service,No internet service,No internet service,No internet service,No internet service,No internet service,Month-to-month,Yes,Credit card (automatic),18.0,1065.41,No
4954-UVOVM,Female,0,No,Yes,5,Yes,No,DSL,Yes,No,Yes,No,No,Yes,Two year,Yes,Mailed check,66.45,399.96,No
1402-CKZUZ,Female,0,Yes,No,28,Yes,No,No,No internet service,No internet service,No internet service,No internet service,No internet service,No internet service,Month-to-month,Yes,Bank transfer (automatic),24.66,694.82,No
3406-ZXAEI,Male,0,No,No,44,Yes,No,Fiber optic,No,Yes,No,Yes,Yes,No,Two year,Yes,Mailed check,71.42,3075.93,No
1636-XHDWQ,Female,0,No,No,51,Yes,No,DSL,No,No,No,No,Yes,Yes,Month-to-month,Yes,Electronic check,66.16,3363.36,No
5634-KCNHT,Male,0,No,No,53,Yes,No,Fiber optic,No,Yes,Yes,No,No,No,Two year,Yes,Credit card (automatic),109.94,5817.54,No
8483-VOYWM,Male,0,No,No,14,Yes,Yes,No,No internet service,No internet service,No internet service,No internet service,No internet service,No internet service,One year,Yes,Bank transfer (automatic),25.7,356.27,No
5097-IKJSO,Female,0,Yes,No,8,Yes,Yes,No,No internet service,No internet service,No internet service,No internet service,No internet service,No internet service,Two year,Yes,Electronic check,33.24,236.35,No
6570-JMPCU,Male,0,No,No,6,Yes,No,DSL,Yes,Yes,Yes,No,Yes,No,Month-to-month,No,Credit card (automatic),51.52,346.35,Yes
1207-MFUBE,Female,0,No,No,23,Yes,Yes,DSL,No,Yes,No,No,Yes,No,Month-to-month,Yes,Electronic check,66.98,1610.09,No
8060-MQKNA,Female,0,No,No,13,No,No phone service,Fiber optic,Yes,No,Yes,No,Yes,No,Month-to-month,Yes,Electronic check,107.95,1380.74,No
5304-NMSKC,Female,0,Yes,No,38,Yes,No,No,No internet service,No internet service,No internet service,No internet service,No internet service,No internet service,Month-to-month,No,Bank transfer (automatic),26.99,991.03,No
7871-NVXBV,Female,0,Yes,Yes,55,No,No phone service,No,No internet service,No internet service,No internet service,No internet service,No internet service,No internet service,Month-to-month,Yes,Electronic check,18.0,984.2,No
1349-VKGGS,Female,0,No,No,30,No,No phone service,DSL,No,No,Yes,Yes,Yes,No,Month-to-month,Yes,Electronic check,67.3,2056.21,Yes
9221-CXDHM,Male,1,Yes,Yes,70,Yes,No,DSL,No,Yes,No,No,No,Yes,Month-to-month,No,Mailed check,49.21,3393.07,No
5480-FKLIR,Male,0,Yes,No,71,No,No phone service,Fiber optic,No,No,No,No,No,No,Month-to-month,Yes,Bank transfer (automatic),74.26,5338.39,No
5912-WHJLX,Male,0,No,No,41,Yes,No,DSL,Yes,No,Yes,Yes,No,Yes,Month-to-month,No,Mailed check,50.03,2028.96,No
3438-VXTTA,Male,0,No,No,24,Yes,Yes,DSL,Yes,Yes,No,Yes,Yes,Yes,Month-to-month,Yes,Electronic check,67.74,1600.35,Yes
5237-CFFCX,Male,0,No,Yes,54,Yes,No,Fiber optic,No,No,Yes,Yes,No,No,One year,No,Credit card (automatic),78.39,4256.57,No
4875-JYAIU,Female,1,No,Yes,32,Yes,No,DSL,No,Yes,No,No,No,No,Month-to-month,Yes,Credit card (automatic),48.32,1440.87,No
6419-FPVMV,Male,0,No,No,43,Yes,No,No,No internet service,No internet service,No internet service,No internet service,No internet service,No internet service,Month-to-month,No,Mailed check,31.0,1382.81,No
3397-BZPWA,Male,0,No,No,71,Yes,Yes,No,No internet service,No internet service,No internet service,No internet service,No internet service,No internet service,Month-to-month,Yes,Credit card (automatic),32.83,2454.28,No
4019-LMJAI,Male,0,No,No,31,Yes,No,DSL,No,No,Yes,Yes,No,Yes,Month-to-month,No,Electronic check,62.54,2028.5,No
6559-LCMKO,Male,0,No,No,52,Yes,Yes,Fiber optic,Yes,No,Yes,No,No,Yes,One year,Yes,Electronic check,88.5,4641.8,No
4658-VPHWQ,Female,0,No,Yes,3,Yes,Yes,Fiber optic,No,No,No,No,Yes,No,Two year,No,Bank transfer (automatic),103.79,358.12,No
3283-MFAVY,Female,0,Yes,No,6,Yes,Yes,Fiber optic,No,No,No,No,No,Yes,Two year,Yes,Electronic check,92.92,554.32,No
3767-ANBEO,Female,1,Yes,No,24,Yes,No,No,No internet service,No internet service,No internet service,No internet service,No internet service,No internet service,Month-to-month,No,Electronic check,30.29,726.0,No
5072-TJEPJ,Female,1,No,Yes,68,Yes,No,DSL,No,Yes,Yes,No,Yes,Yes,Month-to-month,Yes,Mailed check,62.41,4188.88,No
9172-DJURA,Male,0,No,No,4,Yes,No,No,No internet service,No internet service,No internet service,No internet service,No internet service,No internet service,One year,No,Electronic check,19.61,50.4,Yes
7303-STCNU,Female,1,No,Yes,33,No,No phone service,Fiber optic,No,No,Yes,Yes,No,Yes,Two year,Yes,Electronic check,62.65,2024.36,No
7878-FAMWJ,Male,0,No,Yes,0,Yes,Yes,DSL,Yes,Yes,No,Yes,No,Yes,Month-to-month,Yes,Electronic check,54.42, ,Yes
3485-KWSKJ,Male,0,No,Yes,60,Yes,Yes,Fiber optic,No,No,Yes,No,No,Yes,Two year,Yes,Electronic check,89.24,5345.27,No
9759-OZMIE,Male,1,Yes,No,52,Yes,Yes,Fiber optic,No,No,Yes,Yes,Yes,No,Month-to-month,Yes,Mailed check,66.64,3449.77,No
1933-YBMOC,Female,0,No,No,48,Yes,No,DSL,No,No,No,Yes,No,No,Month-to-month,Yes,Bank transfer (automatic),65.63,3158.65,No
9710-IJFMB,Male,0,No,Yes,10,Yes,Yes,No,No internet service,No internet service,No internet service,No internet service,No internet service,No internet service,Month-to-month,Yes,Electronic check,18.0,196.23,No
5242-EEDKC,Male,0,Yes,No,70,Yes,No,DSL,No,Yes,Yes,No,No,No,Month-to-month,No,Mailed check,60.42,4278.1,No
6190-DKIVD,Male,0,No,No,1,Yes,No,DSL,Yes,No,No,Yes,Yes,Yes,Two year,Yes,Electronic check,76.19,9.16,No
1115-BPURQ,Male,0,No,No,63,Yes,Yes,Fiber optic,No,Yes,Yes,No,Yes,No,Two year,No,Mailed check,75.57,4767.85,No
4293-FFWAN,Female,0,No,Yes,42,Yes,Yes,Fiber optic,No,Yes,No,Yes,Yes,No,Month-to-month,Yes,Credit card (automatic),114.08,4845.5,No
1124-MOFQA,Male,0,Yes,Yes,31,Yes,Yes,Fiber optic,No,No,No,No,Yes,No,Month-to-month,Yes,Mailed check,80.21,2533.69,No
7392-XQWWW,Male,0,Yes,Yes,37,Yes,No,Fiber optic,No,No,Yes,No,Yes,No,Two year,Yes,Electronic check,83.47,3193.09,No
1027-FMION,Male,0,No,No,18,Yes,No,Fiber optic,No,No,Yes,No,Yes,No,Two year,No,Electronic check,64.73,1158.44,No
8070-NQPEQ,Female,0,No,No,67,Yes,No,Fiber optic,No,No,Yes,No,Yes,No,One year,Yes,Credit card (automatic),76.18,5146.7,No
4902-VUNGU,Male,0,No,Yes,47,Yes,Yes,Fiber optic,Yes,No,No,Yes,No,Yes,Month-to-month,Yes,Electronic check,76.34,3484.76,Yes
1560-YUQGG,Male,0,Yes,No,53,Yes,Yes,DSL,No,Yes,No,Yes,Yes,No,Month-to-month,Yes,Electronic check,74.6,3951.79,No
4503-WQGDG,Male,0,No,Yes,26,Yes,No,Fiber optic,Yes,No,No,No,No,No,One year,Yes,Mailed check,100.28,2594.72,No
1960-OSAJD,Female,0,Yes,Yes,28,Yes,No,No,No internet service,No internet service,No internet service,No internet service,No internet service,No internet service,Month-to-month,Yes,Credit card (automatic),28.26,849.08,No
7654-OVRUU,Female,0,Yes,No,16,Yes,No,Fiber optic,Yes,No,No,No,No,Yes,One year,Yes,Mailed check,85.61,1404.84,No
1955-RFDNB,Female,1,Yes,Yes,15,Yes,No,Fiber optic,Yes,No,Yes,Yes,Yes,Yes,Month-to-month,No,Electronic check,82.23,1199.8,Yes
3581-ZYJWO,Male,0,No,Yes,48,Yes,Yes,Fiber optic,No,No,No,Yes,Yes,No,Month-to-month,No,Bank transfer (automatic),71.19,3397.28,No
3964-CBEKN,Female,0,No,No,34,Yes,No,DSL,No,Yes,No,No,Yes,Yes,Month-to-month,No,Bank transfer (automatic),57.88,1923.84,No
8145-ZYKIO,Female,0,Yes,No,26,No,No phone service,DSL,No,Yes,No,Yes,Yes,No,Two year,No,Electronic check,58.61,1568.35,No
7594-ATVFK,Female,0,No,No,0,Yes,Yes,DSL,No,Yes,Yes,No,Yes,No,Month-to-month,Yes,Electronic check,56.23, ,Yes
2424-TBLSI,Male,0,No,No,25,Yes,Yes,Fiber optic,No,No,No,No,Yes,Yes,Month-to-month,Yes,Electronic check,86.83,2066.26,Yes
2519-TCCRY,Male,0,No,No,36,No,No phone service,DSL,No,No,Yes,Yes,No,No,Month-to-month,No,Mailed check,70.18,2461.51,No
4677-LFQCA,Male,0,No,No,1,Yes,Yes,DSL,Yes,Yes,No,No,No,No,Two year,Yes,Credit card (automatic),67.11,57.64,No
8231-SURLG,Female,1,No,No,69,Yes,Yes,No,No internet service,No internet service,No internet service,No internet service,No internet service,No internet service,Month-to-month,No,Bank transfer (automatic),18.0,1287.18,No
9327-NVONN,Male,0,Yes,No,30,Yes,No,Fiber optic,No,Yes,Yes,Yes,Yes,No,Two year,No,Credit card (automatic),110.76,3239.71,No
2508-PBPHB,Male,0,Yes,Yes,61,Yes,Yes,DSL,No,Yes,Yes,No,No,Yes,Month-to-month,Yes,Bank transfer (automatic),50.09,3075.68,No
3090-JQYID,Male,0,No,No,0,Yes,No,DSL,No,Yes,No,No,Yes,Yes,Two year,No,Credit card (automatic),70.42, ,No
2047-RNREV,Female,1,No,Yes,56,Yes,No,Fiber optic,No,No,Yes,No,Yes,No,One year,No,Credit card (automatic),66.62,3728.77,No
8614-FTGHL,Male,1,No,No,1,Yes,Yes,DSL,Yes,No,No,Yes,No,Yes,Two year,Yes,Electronic check,69.23,78.03,No
5850-FPZHG,Female,0,No,No,65,Yes,No,DSL,No,No,No,No,No,No,Month-to-month,No,Electronic check,71.73,4666.11,No
1576-BUOOP,Female,0,No,No,58,Yes,Yes,No,No internet service,No internet service,No internet service,No internet service,No internet service,No internet service,One year,No,Electronic check,20.5,1075.53,No
2188-MVXAG,Female,0,No,No,69,Yes,Yes,Fiber optic,Yes,Yes,No,No,Yes,No,Two year,Yes,Electronic check,73.47,5223.5,No
4747-LAAXM,Male,0,No,No,48,Yes,No,No,No internet service,No internet service,No internet service,No internet service,No internet service,No internet service,Month-to-month,Yes,Electronic check,33.37,1663.74,No
8177-PDMUZ,Female,0,Yes,Yes,66,No,No phone service,Fiber optic,No,No,No,No,No,No,Month-to-month,No,Electronic check,106.67,7048.9,No
7587-XGEER,Female,0,No,No,24,Yes,Yes,DSL,No,No,No,No,No,No,Month-to-month,No,Credit card (automatic),77.33,1824.52,No
7257-ZNFSW,Female,1,No,Yes,49,Yes,No,Fiber optic,Yes,Yes,No,No,No,No,One year,Yes,Bank transfer (automatic),98.89,4854.55,No
9405-NIKCP,Male,0,Yes,No,29,Yes,No,DSL,No,Yes,Yes,Yes,Yes,No,Two year,Yes,Electronic check,43.74,1233.53,No
9449-JVXCO,Male,0,Yes,No,3,Yes,No,DSL,No,Yes,No,No,No,No,One year,Yes,Electronic check,72.48,213.03,Yes
2308-GSQOG,Male,0,No,No,0,Yes,No,DSL,No,No,Yes,No,No,No,Month-to-month,Yes,Electronic check,49.68, ,No
5082-NZORU,Male,0,No,No,53,Yes,No,No,No internet service,No internet service,No internet service,No internet service,No internet service,No internet service,Month-to-month,Yes,Bank transfer (automatic),28.94,1506.65,No
6568-ANSXE,Male,0,Yes,Yes,2,Yes,No,Fiber optic,No,No,No,Yes,Yes,Yes,One year,No,Bank transfer (automatic),63.1,145.91,No
6197-ULOFQ,Male,0,Yes,Yes,12,Yes,No,Fiber optic,Yes,Yes,No,No,No,No,Month-to-month,No,Electronic check,89.1,1121.13,Yes
9924-IPXIB,Male,0,Yes,No,52,Yes,Yes,Fiber optic,No,No,Yes,No,Yes,No,Two year,Yes,Mailed check,67.69,3563.75,No
6154-SGVPF,Female,0,Yes,Yes,54,No,No phone service,DSL,No,Yes,No,No,Yes,Yes,One year,No,Electronic check,50.0,2707.25,No
6372-PSFJW,Male,0,No,No,6,Yes,Yes,Fiber optic,Yes,Yes,No,No,No,No,Month-to-month,No,Mailed check,65.87,365.71,Yes
2070-MFQRL,Female,0,No,No,53,Yes,Yes,DSL,Yes,No,No,Yes,No,Yes,Month-to-month,Yes,Bank transfer (automatic),52.42,2862.38,No
2690-VTDHY,Female,0,No,No,12,Yes,No,DSL,No,No,Yes,No,No,Yes,Month-to-month,Yes,Bank transfer (automatic),61.43,811.41,No
7095-CNUCM,Male,0,Yes,Yes,3,Yes,Yes,DSL,Yes,No,No,Yes,No,Yes,One year,No,Electronic check,53.03,132.16,No
4696-FURPY,Female,1,Yes,Yes,6,Yes,Yes,DSL,Yes,Yes,No,No,Yes,No,Month-to-month,Yes,Bank transfer (automatic),54.09,350.5,No
2497-VANIU,Male,1,Yes,No,8,Yes,No,Fiber optic,No,Yes,No,No,Yes,Yes,Month-to-month,No,Mailed check,72.02,533.13,Yes
2195-YQLYI,Female,0,No,No,1,Yes,No,Fiber optic,No,No,Yes,No,No,Yes,One year,Yes,Mailed check,87.32,61.85,Yes
7260-UTCNJ,Male,0,No,No,24,Yes,No,Fiber optic,No,No,No,No,No,No,One year,Yes,Bank transfer (automatic),74.08,1863.52,No
8538-PGYUD,Female,0,Yes,No,64,Yes,No,No,No internet service,No internet service,No internet service,No internet service,No internet service,No internet service,Two year,No,Bank transfer (automatic),33.86,2139.57,No
4441-MDBSU,Male,0,No,No,1,Yes,Yes,Fiber optic,No,No,Yes,No,Yes,No,Two year,No,Electronic check,76.75,68.55,Yes
2830-VDIDY,Male,0,Yes,Yes,2,Yes,No,Fiber optic,No,No,Yes,No,No,Yes,Two year,No,Electronic check,101.52,227.63,No
4947-RUIBX,Male,0,Yes,No,16,Yes,No,Fiber optic,Yes,No,Yes,No,No,No,Month-to-month,No,Mailed check,91.51,1468.82,Yes
5155-VFQPU,Female,0,No,No,38,Yes,No,DSL,No,No,Yes,Yes,No,No,One year,Yes,Credit card (automatic),72.84,2784.51,No
8665-GWEHS,Female,0,Yes,No,0,Yes,Yes,No,No internet service,No internet service,No internet service,No internet service,No internet service,No internet service,Month-to-month,No,Mailed check,23.51, ,Yes
3456-BNLYY,Male,0,No,No,68,Yes,No,Fiber optic,No,No,Yes,Yes,Yes,Yes,One year,Yes,Mailed check,84.73,5655.71,No
9727-EQHJG,Male,0,Yes,No,48,Yes,No,Fiber optic,No,No,Yes,No,No,No,Two year,Yes,Credit card (automatic),102.28,4936.02,No
7249-PTFMK,Male,0,No,No,4,Yes,No,DSL,No,Yes,No,Yes,No,No,Two year,Yes,Credit card (automatic),52.46,212.36,No
2320-UNUAI,Female,0,Yes,Yes,24,Yes,No,No,No internet service,No internet service,No internet service,No internet service,No internet service,No internet service,One year,Yes,Electronic check,30.35,597.59,No
4989-HWSBH,Male,0,Yes,Yes,42,Yes,No,Fiber optic,No,Yes,Yes,No,No,No,Month-to-month,No,Mailed check,105.46,4401.91,No
7625-YTDJT,Male,0,Yes,No,63,Yes,No,DSL,No,No,Yes,No,No,Yes,Month-to-month,Yes,Bank transfer (automatic),69.82,4439.94,No
7034-IZVEL,Female,0,No,No,30,Yes,Yes,DSL,Yes,Yes,No,No,No,Yes,Month-to-month,Yes,Credit card (automatic),79.97,2431.86,Yes
2550-JEDBB,Female,0,No,No,3,Yes,No,Fiber optic,No,Yes,Yes,Yes,No,No,Month-to-month,No,Bank transfer (automatic),92.46,286.54,Yes
2141-PHXEM,Male,1,No,No,1,Yes,Yes,DSL,No,Yes,No,No,Yes,No,One year,Yes,Bank transfer (automatic),62.91,27.86,Yes
7167-QZTRB,Female,0,Yes,No,16,Yes,Yes,DSL,No,No,No,Yes,No,No,Month-to-month,Yes,Mailed check,46.4,765.18,No
3551-UCUBR,Male,1,Yes,Yes,16,No,No phone service,DSL,Yes,Yes,No,Yes,No,Yes,Month-to-month,Yes,Mailed check,45.13,700.74,Yes
3137-KVXWS,Female,0,Yes,No,64,Yes,Yes,DSL,No,Yes,Yes,Yes,No,Yes,One year,No,Credit card (automatic),68.85,4395.69,No
9404-NCTSU,Male,0,No,Yes,10,Yes,No,DSL,No,No,Yes,Yes,No,No,One year,Yes,Credit card (automatic),59.55,515.21,Yes
9922-DKYMA,Female,0,Yes,No,0,Yes,Yes,Fiber optic,No,Yes,Yes,Yes,Yes,Yes,Month-to-month,Yes,Mailed check,75.77, ,No
8182-PGENQ,Female,0,Yes,No,3,Yes,No,Fiber optic,Yes,No,No,No,Yes,No,Two year,No,Credit card (automatic),66.45,246.52,No
3728-LPUGA,Female,0,No,Yes,67,Yes,No,Fiber optic,No,No,No,No,Yes,No,One year,No,Credit card (automatic),77.7,5248.55,No
6441-ZSARU,Male,1,No,No,37,Yes,Yes,No,No internet service,No internet service,No internet service,No internet service,No internet service,No internet service,Month-to-month,Yes,Mailed check,18.0,646.77,Yes
5769-XTRZB,Female,0,Yes,No,0,Yes,No,DSL,Yes,No,Yes,Yes,No,No,Month-to-month,Yes,Mailed check,56.97, ,Yes
6378-PRXUN,Male,0,Yes,No,10,Yes,Yes,Fiber optic,Yes,No,No,No,Yes,No,Month-to-month,Yes,Mailed check,89.17,945.14,Yes
5643-FCTUW,Male,0,Yes,Yes,0,Yes,No,Fiber optic,No,Yes,No,No,No,No,Month-to-month,Yes,Bank transfer (automatic),96.72, ,No
5571-STMEX,Female,0,No,Yes,6,No,No phone service,Fiber optic,No,No,Yes,No,No,No,Two year,Yes,Mailed check,72.62,499.74,No
1027-LLJKO,Male,0,Yes,No,29,Yes,No,DSL,No,No,Yes,No,Yes,Yes,Month-to-month,Yes,Credit card (automatic),54.88,1596.44,Yes
3019-VBQPE,Female,0,No,No,70,Yes,No,Fiber optic,No,Yes,Yes,Yes,No,No,Two year,Yes,Bank transfer (automatic),80.25,5569.33,No
2204-GSYUH,Female,0,Yes,No,46,Yes,No,Fiber optic,No,Yes,Yes,No,No,No,Two year,Yes,Mailed check,106.83,4943.99,No
6866-WBDRE,Male,0,No,Yes,67,Yes,No,DSL,No,Yes,Yes,Yes,No,No,Month-to-month,No,Electronic check,55.45,3697.2,No
7480-SJXCG,Female,0,No,No,47,Yes,No,DSL,No,Yes,Yes,Yes,No,No,Month-to-month,No,Mailed check,50.78,2358.97,No
2052-RNRVI,Male,0,Yes,No,57,Yes,No,Fiber optic,No,No,No,Yes,No,Yes,Month-to-month,Yes,Bank transfer (automatic),76.42,4352.23,No
4030-TZDAJ,Female,0,Yes,Yes,3,No,No phone service,Fiber optic,No,Yes,No,Yes,No,No,Two year,Yes,Mailed check,87.38,197.95,No
8422-FVIIH,Male,0,Yes,No,69,Yes,No,DSL,Yes,No,No,No,No,No,One year,No,Mailed check,60.91,4226.74,No
9291-OGQFP,Female,0,No,No,26,Yes,No,DSL,No,No,No,No,No,No,One year,Yes,Credit card (automatic),53.91,1372.09,Yes
1427-RVPMF,Male,0,No,No,0,Yes,No,Fiber optic,No,Yes,Yes,Yes,Yes,Yes,Two year,No,Mailed check,62.63, ,No
9214-CUCQO,Male,0,No,No,0,Yes,No,Fiber optic,No,No,Yes,No,No,No,One year,Yes,Bank transfer (automatic),73.63, ,No
6709-KJYCH,Male,0,Yes,Yes,62,Yes,Yes,Fiber optic,Yes,Yes,Yes,Yes,Yes,Yes,Month-to-month,No,Mailed check,84.19,5408.99,No
7054-UPTDR,Female,0,Yes,No,63,Yes,Yes,Fiber optic,No,No,No,No,No,No,Two year,Yes,Electronic check,76.89,4830.55,No
2920-YBVDY,Female,0,No,Yes,15,Yes,No,DSL,No,Yes,No,No,Yes,No,Month-to-month,No,Credit card (automatic),72.25,1140.93,No
4071-RLJWB,Female,0,No,No,10,Yes,Yes,DSL,No,No,No,Yes,Yes,Yes,Two year,No,Bank transfer (automatic),66.14,553.02,No
2854-JPQGT,Female,0,No,No,31,Yes,No,Fiber optic,Yes,Yes,No,Yes,No,Yes,Two year,No,Credit card (automatic),82.86,2562.05,No
9494-JKRWN,Female,0,No,No,42,Yes,Yes,DSL,No,Yes,No,No,No,Yes,Month-to-month,Yes,Electronic check,50.58,2045.75,No
2495-DYHGS,Female,0,No,No,25,Yes,Yes,Fiber optic,No,Yes,No,No,No,Yes,One year,No,Bank transfer (automatic),78.44,1904.19,No
3988-TWKIO,Male,0,No,No,61,Yes,No,Fiber optic,No,No,Yes,No,No,No,Two year,Yes,Electronic check,75.16,4557.79,No
2091-WLUNW,Female,0,No,Yes,69,Yes,Yes,Fiber optic,Yes,No,No,No,No,No,Month-to-month,Yes,Bank transfer (automatic),87.98,6155.69,No
5891-PSXUZ,Female,0,No,No,18,Yes,No,DSL,No,Yes,No,Yes,No,No,Two year,Yes,Credit card (automatic),58.97,1117.43,Yes
8626-RUVOZ,Male,1,No,No,17,Yes,No,DSL,No,No,No,Yes,No,Yes,One year,No,Bank transfer (automatic),57.96,940.95,No
2727-AMTYD,Male,0,No,No,6,Yes,No,Fiber optic,No,No,Yes,No,Yes,No,Month-to-month,Yes,Electronic check,98.04,608.18,No
9707-DMCOU,Female,0,Yes,No,34,Yes,No,DSL,No,No,Yes,Yes,No,Yes,Two year,Yes,Credit card (automatic),62.23,2120.73,No
9636-QBDFC,Male,0,No,No,58,Yes,Yes,DSL,No,Yes,Yes,Yes,No,Yes,Two year,Yes,Credit card (automatic),53.96,3085.36,No
1952-FSHLE,Female,0,No,No,39,Yes,Yes,DSL,No,Yes,Yes,Yes,No,Yes,One year,No,Electronic check,55.64,2067.41,No
3290-QYLRR,Male,0,Yes,No,46,Yes,No,Fiber optic,No,Yes,No,Yes,No,Yes,Two year,No,Mailed check,102.87,4799.86,No
2104-RWSFE,Male,0,No,No,67,Yes,No,No,No internet service,No internet service,No internet service,No internet service,No internet service,No internet service,Month-to-month,Yes,Electronic check,29.06,1999.62,No
4619-JRBMS,Female,0,Yes,No,12,Yes,Yes,Fiber optic,No,No,No,No,No,Yes,One year,No,Electronic check,68.81,829.38,Yes
1536-IMLQO,Male,0,Yes,Yes,12,Yes,No,Fiber optic,No,Yes,No,No,Yes,No,Month-to-month,Yes,Electronic check,83.32,969.2,No
4529-CQOAQ,Male,0,Yes,No,26,No,No phone service,Fiber optic,No,No,No,Yes,No,No,One year,Yes,Bank transfer (automatic),110.4,2857.83,Yes
8139-LTTRM,Female,1,No,No,57,Yes,Yes,Fiber optic,No,No,Yes,Yes,Yes,No,One year,Yes,Electronic check,91.75,5233.99,No
2105-DMJDP,Female,0,No,No,35,Yes,Yes,DSL,No,No,Yes,Yes,No,Yes,One year,Yes,Electronic check,63.99,2296.42,Yes
6644-ZCEFB,Male,0,No,No,24,Yes,No,No,No internet service,No internet service,No internet service,No internet service,No internet service,No internet service,Month-to-month,Yes,Credit card (automatic),31.28,737.81,No
2444-NADGW,Male,0,Yes,No,42,Yes,Yes,No,No internet service,No internet service,No internet service,No internet service,No internet service,No internet service,Two year,Yes,Electronic check,32.41,1325.32,No
4147-ALHQT,Female,0,No,No,62,Yes,No,Fiber optic,No,Yes,No,No,Yes,Yes,Month-to-month,Yes,Electronic check,83.43,5187.0,Yes
1606-LLMMZ,Female,0,Yes,No,14,Yes,Yes,DSL,No,Yes,No,Yes,No,Yes,One year,Yes,Credit card (automatic),75.36,1060.54,Yes
5704-LNWMQ,Male,1,Yes,Yes,36,Yes,Yes,Fiber optic,Yes,Yes,No,No,Yes,No,Month-to-month,Yes,Bank transfer (automatic),65.95,2410.36,No
3165-YTFDO,Male,1,Yes,No,62,Yes,Yes,DSL,Yes,Yes,No,No,No,No,Month-to-month,No,Electronic check,46.4,2738.07,No
4190-EBFTG,Male,0,No,No,32,Yes,No,Fiber optic,No,No,No,No,No,Yes,Month-to-month,Yes,Electronic check,71.11,2239.25,Yes
1562-ZDYHX,Male,0,Yes,No,31,Yes,Yes,Fiber optic,Yes,No,No,No,Yes,Yes,Month-to-month,Yes,Bank transfer (automatic),97.05,3006.36,No
1885-KRVEA,Male,0,No,No,45,No,No phone service,Fiber optic,No,Yes,No,Yes,No,No,Two year,Yes,Mailed check,66.35,2913.04,No
7548-POKTY,Female,0,No,No,40,Yes,Yes,No,No internet service,No internet service,No internet service,No internet service,No internet service,No internet service,One year,No,Electronic check,29.92,1212.1,No
8443-HHXKZ,Male,0,Yes,No,71,Yes,No,No,No internet service,No internet service,No internet service,No internet service,No internet service,No internet service,Two year,Yes,Credit card (automatic),20.97,1433.77,No
3929-ZFYPU,Female,1,No,No,62,Yes,Yes,DSL,No,No,Yes,No,Yes,No,Two year,No,Electronic check,58.33,3589.88,No
1190-FHPRO,Female,0,Yes,Yes,4,Yes,No,Fiber optic,No,No,No,No,Yes,Yes,Month-to-month,Yes,Electronic check,79.88,294.95,Yes
5596-XIGPB,Female,0,Yes,No,31,Yes,Yes,No,No internet service,No internet service,No internet service,No internet service,No internet service,No internet service,Two year,No,Bank transfer (automatic),25.87,895.03,No
4428-OUIDS,Male,0,Yes,Yes,58,Yes,Yes,No,No internet service,No internet service,No internet service,No internet service,No internet service,No internet service,Month-to-month,Yes,Electronic check,34.03,1950.74,No
3357-DMQOT,Female,0,No,No,53,Yes,No,Fiber optic,No,Yes,Yes,Yes,No,No,Month-to-month,No,Mailed check,87.76,4681.07,No
7930-GEBLL,Female,1,No,No,29,No,No phone service,DSL,Yes,Yes,No,No,Yes,Yes,Month-to-month,Yes,Mailed check,57.86,1599.49,No
2814-XQXUF,Female,0,No,No,1,Yes,No,Fiber optic,No,Yes,No,No,No,No,Month-to-month,No,Electronic check,101.69,181.25,Yes
1337-EOKSF,Male,0,No,No,65,Yes,No,Fiber optic,No,No,No,No,No,No,One year,No,Bank transfer (automatic),73.04,4710.34,No
1612-RWRYD,Male,1,Yes,No,20,Yes,No,DSL,Yes,Yes,No,No,No,No,One year,No,Electronic check,40.68,779.03,No
9450-OHIWG,Female,0,No,No,5,Yes,Yes,No,No internet service,No internet service,No internet service,No internet service,No internet service,No internet service,One year,No,Electronic check,37.92,164.38,No
4702-EQJKD,Male,0,Yes,No,9,Yes,No,Fiber optic,No,No,No,No,No,No,Month-to-month,No,Bank transfer (automatic),108.46,933.94,Yes
4358-HMQKC,Male,0,Yes,Yes,66,Yes,No,No,No internet service,No internet service,No internet service,No internet service,No internet service,No internet service,Two year,No,Bank transfer (automatic),32.31,2080.62,No
7999-LLYUO,Male,0,No,Yes,12,Yes,No,DSL,No,Yes,Yes,No,No,No,Two year,No,Mailed check,42.79,569.71,No
8347-RGQOO,Female,0,Yes,No,4,Yes,Yes,No,No internet service,No internet service,No internet service,No internet service,No internet service,No internet service,Month-to-month,No,Bank transfer (automatic),38.62,142.88,Yes
8548-LGNMQ,Female,0,Yes,No,33,Yes,Yes,Fiber optic,Yes,Yes,Yes,No,Yes,Yes,One year,Yes,Credit card (automatic),92.73,3024.64,No
9532-LYFRF,Male,0,Yes,No,43,Yes,No,DSL,Yes,No,No,Yes,No,No,Month-to-month,No,Electronic check,65.03,2881.62,No
6250-FQSCM,Female,1,Yes,Yes,8,No,No phone service,No,No internet service,No internet service,No internet service,No internet service,No internet service,No internet service,Month-to-month,Yes,Bank transfer (automatic),35.99,233.69,No
4624-CFKKE,Male,0,No,Yes,22,Yes,Yes,No,No internet service,No internet service,No internet service,No internet service,No internet service,No internet service,Two year,No,Credit card (automatic),20.9,467.68,No
4289-XKLJF,Female,1,Yes,No,68,Yes,No,Fiber optic,Yes,Yes,No,Yes,No,No,Month-to-month,Yes,Electronic check,92.84,6212.35,Yes
4288-DERZV,Female,1,No,No,6,Yes,No,No,No internet service,No internet service,No internet service,No internet service,No internet service,No internet service,Month-to-month,Yes,Mailed check,18.0,45.51,No
6236-ERWZM,Male,0,Yes,Yes,8,No,No phone service,No,No internet service,No internet service,No internet service,No internet service,No internet service,No internet service,Month-to-month,Yes,Bank transfer (automatic),21.35,176.49,No
1448-MNTQO,Male,0,No,Yes,36,Yes,No,Fiber optic,No,Yes,No,No,Yes,Yes,Month-to-month,No,Electronic check,74.9,2725.07,Yes
1611-QLUSE,Male,0,No,Yes,54,Yes,No,DSL,Yes,No,No,No,No,No,Month-to-month,Yes,Electronic check,74.96,4024.2,No
8293-AJOXT,Female,0,No,No,5,Yes,Yes,Fiber optic,No,Yes,Yes,No,No,Yes,Two year,Yes,Electronic check,79.77,489.2,No
3200-ROIZD,Female,0,No,No,48,Yes,No,Fiber optic,Yes,No,Yes,No,No,No,Two year,No,Mailed check,88.09,4171.97,No
8075-APWUF,Female,0,No,No,45,Yes,Yes,Fiber optic,No,Yes,No,Yes,No,Yes,Month-to-month,Yes,Bank transfer (automatic),90.05,4016.33,No
8613-IPLCL,Female,0,No,No,69,Yes,Yes,DSL,No,No,Yes,Yes,Yes,Yes,Month-to-month,Yes,Electronic check,44.8,3051.17,No
9967-GVSJL,Male,0,No,No,62,Yes,No,No,No internet service,No internet service,No internet service,No internet service,No internet service,No internet service,Two year,No,Credit card (automatic),18.51,1144.02,No
6892-WPKZZ,Female,0,Yes,No,64,Yes,No,No,No internet service,No internet service,No internet service,No internet service,No internet service,No internet service,One year,Yes,Electronic check,31.82,2115.1,No
2126-XSJSG,Male,0,Yes,No,13,Yes,Yes,Fiber optic,No,No,Yes,No,Yes,No,Month-to-month,No,Credit card (automatic),102.77,1419.35,No
9198-NBQRI,Male,0,No,No,14,Yes,No,Fiber optic,No,No,No,Yes,No,No,Month-to-month,Yes,Electronic check,97.82,1312.59,No
6472-IJHHS,Female,0,Yes,No,3,Yes,No,DSL,Yes,Yes,Yes,Yes,No,No,One year,No,Mailed check,75.21,169.91,No
7501-VRXFJ,Female,1,Yes,No,55,Yes,No,Fiber optic,No,No,Yes,No,No,Yes,One year,No,Mailed check,91.9,4954.6,No
1875-HVGUY,Male,1,No,No,67,Yes,Yes,Fiber optic,No,No,No,No,No,No,Two year,No,Bank transfer (automatic),68.22,4604.31,No
7530-FZALA,Female,0,Yes,No,32,Yes,No,Fiber optic,No,Yes,No,No,Yes,Yes,Month-to-month,No,Electronic check,95.54,3125.42,No
2061-JQGYB,Female,0,Yes,Yes,2,Yes,No,Fiber optic,No,Yes,Yes,No,No,No,Month-to-month,No,Mailed check,96.89,183.92,Yes
2255-UPZLW,Female,0,No,No,66,No,No phone service,Fiber optic,No,No,No,No,Yes,Yes,Month-to-month,Yes,Mailed check,85.58,5655.04,No
2873-PBMTE,Female,0,Yes,No,48,Yes,Yes,Fiber optic,No,No,Yes,No,Yes,No,Month-to-month,No,Bank transfer (automatic),80.3,3882.13,No
5231-KPFTF,Male,0,Yes,No,13,No,No phone service,DSL,No,Yes,No,Yes,No,No,Two year,No,Mailed check,52.86,626.63,Yes
2391-XATTB,Male,0,Yes,Yes,66,Yes,No,DSL,Yes,No,Yes,Yes,No,No,Month-to-month,Yes,Bank transfer (automatic),47.75,3144.87,No
6435-EZQVF,Male,0,Yes,No,1,Yes,Yes,Fiber optic,Yes,Yes,Yes,No,No,Yes,Month-to-month,Yes,Electronic check,77.98,9.68,Yes
9433-CFHYR,Female,0,Yes,No,59,Yes,No,Fiber optic,No,No,No,No,No,Yes,Month-to-month,No,Electronic check,75.85,4511.54,No
3245-HNHFF,Female,0,No,No,33,Yes,Yes,DSL,Yes,No,Yes,Yes,Yes,No,One year,Yes,Credit card (automatic),75.22,2477.52,No
7676-ANRKM,Male,1,Yes,No,54,Yes,Yes,Fiber optic,Yes,No,No,No,No,No,Month-to-month,Yes,Electronic check,94.17,5067.1,Yes
2528-GTLOM,Male,0,Yes,Yes,46,Yes,Yes,No,No internet service,No internet service,No internet service,No internet service,No internet service,No internet service,Two year,Yes,Electronic check,29.15,1337.91,No
3924-KNIYF,Male,0,No,Yes,2,Yes,No,DSL,No,Yes,No,No,No,No,Two year,No,Electronic check,59.21,88.87,Yes
8738-NVFWR,Female,1,Yes,No,52,Yes,No,Fiber optic,No,No,No,No,Yes,No,One year,No,Electronic check,70.48,3667.26,No
5402-UZZJD,Female,0,Yes,Yes,1,Yes,No,No,No internet service,No internet service,No internet service,No internet service,No internet service,No internet service,Two year,Yes,Bank transfer (automatic),18.7,0.0,No
2657-TWSAT,Male,0,Yes,No,41,Yes,No,No,No internet service,No internet service,No internet service,No internet service,No internet service,No internet service,One year,No,Electronic check,28.75,1238.05,No
4560-AYLRQ,Male,0,Yes,No,46,Yes,No,Fiber optic,No,No,No,No,Yes,No,Month-to-month,No,Bank transfer (automatic),102.71,4653.53,Yes
6587-HBRIN,Female,1,Yes,No,15,Yes,No,Fiber optic,No,Yes,Yes,No,Yes,No,One year,No,Bank transfer (automatic),99.33,1569.99,No
8100-DEBPB,Male,0,Yes,Yes,29,Yes,Yes,DSL,Yes,No,No,No,No,Yes,Month-to-month,Yes,Electronic check,66.23,1938.54,No
5583-RVCCJ,Female,0,No,No,18,Yes,No,No,No internet service,No internet service,No internet service,No internet service,No internet service,No internet service,Month-to-month,No,Credit card (automatic),34.28,651.16,No
3089-HLMEJ,Male,0,No,No,40,Yes,No,No,No internet service,No internet service,No internet service,No internet service,No internet service,No internet service,Month-to-month,Yes,Electronic check,18.0,582.53,No
2061-TMLDT,Male,0,No,Yes,1,Yes,No,DSL,No,No,No,Yes,No,Yes,Month-to-month,Yes,Electronic check,64.87,57.39,Yes
1370-SQPJI,Female,0,Yes,Yes,56,Yes,Yes,DSL,No,No,No,Yes,No,Yes,Two year,No,Electronic check,61.41,3363.51,No
6760-CVLOL,Male,0,No,No,0,Yes,No,DSL,No,No,No,No,Yes,No,Month-to-month,Yes,Credit card (automatic),55.98, ,Yes
4053-WHNDA,Male,0,No,Yes,0,Yes,No,Fiber optic,Yes,No,Yes,No,No,Yes,Month-to-month,Yes,Bank transfer (automatic),102.65, ,Yes
5613-POSLG,Male,0,Yes,Yes,31,Yes,No,DSL,Yes,No,No,Yes,No,Yes,Month-to-month,Yes,Electronic check,63.2,2013.73,No
4223-GOZAR,Male,0,No,No,11,Yes,Yes,Fiber optic,No,No,No,No,No,Yes,One year,No,Bank transfer (automatic),100.81,1156.14,No
7519-SHMTI,Male,0,No,No,32,Yes,No,Fiber optic,No,No,Yes,No,No,Yes,Two year,Yes,Mailed check,88.41,2839.0,No
9071-AYXDV,Male,0,Yes,Yes,36,Yes,Yes,No,No internet service,No internet service,No internet service,No internet service,No internet service,No internet service,Month-to-month,No,Bank transfer (automatic),27.38,936.37,No
4107-QMEDU,Male,0,No,No,2,Yes,Yes,No,No internet service,No internet service,No internet service,No internet service,No internet service,No internet service,Month-to-month,No,Electronic check,20.74,50.95,No
2484-FPBTO,Male,0,Yes,No,4,Yes,No,Fiber optic,No,No,Yes,No,No,Yes,Month-to-month,Yes,Bank transfer (automatic),91.97,363.81,Yes
5156-DBVQM,Female,1,Yes,No,32,Yes,No,Fiber optic,No,Yes,No,Yes,Yes,No,One year,Yes,Electronic check,65.4,2008.77,No
2668-HLQTX,Female,1,Yes,No,57,Yes,No,Fiber optic,No,No,No,No,No,No,Two year,No,Mailed check,102.56,5853.02,No
4206-ZIUZW,Male,0,Yes,Yes,24,Yes,Yes,Fiber optic,Yes,No,No,No,No,Yes,Month-to-month,No,Electronic check,87.27,2052.28,Yes
6081-MNAXO,Male,0,No,Yes,5,Yes,Yes,Fiber optic,No,No,No,Yes,Yes,Yes,Two year,No,Credit card (automatic),94.94,496.68,No
6506-HWDXJ,Male,0,No,No,51,Yes,No,No,No internet service,No internet service,No internet service,No internet service,No internet service,No internet service,One year,Yes,Mailed check,33.39,1747.53,No
7709-BCVPQ,Female,0,Yes,No,52,Yes,No,DSL,No,No,Yes,No,Yes,Yes,Month-to-month,Yes,Electronic check,62.49,3196.46,Yes
5670-FQCHM,Female,0,No,No,38,Yes,Yes,No,No internet service,No internet service,No internet service,No internet service,No internet service,No internet service,Two year,No,Bank transfer (automatic),25.88,926.17,No
9080-ZXHXL,Male,1,No,No,0,Yes,No,DSL,No,Yes,No,No,No,Yes,One year,No,Credit card (automatic),65.41, ,No
1945-JULHH,Male,0,No,No,0,Yes,No,Fiber optic,Yes,Yes,No,Yes,No,No,Month-to-month,Yes,Mailed check,99.85, ,Yes
6083-PZPZK,Male,0,No,No,69,Yes,No,No,No internet service,No internet service,No internet service,No internet service,No internet service,No internet service,Month-to-month,No,Credit card (automatic),31.79,2220.0,No
3820-XTZQX,Male,1,No,No,12,Yes,No,Fiber optic,No,Yes,No,No,Yes,Yes,One year,Yes,Electronic check,92.97,1120.04,No
7499-ZPOCQ,Female,0,No,No,46,Yes,Yes,No,No internet service,No internet service,No internet service,No internet service,No internet service,No internet service,One year,Yes,Electronic check,33.87,1543.59,No
2666-HPNIQ,Male,0,Yes,No,9,Yes,No,No,No internet service,No internet service,No internet service,No internet service,No internet service,No internet service,Month-to-month,No,Mailed check,26.45,254.85,Yes
3564-PBSSE,Male,0,No,No,50,Yes,Yes,Fiber optic,No,No,Yes,No,No,Yes,Month-to-month,Yes,Credit card (automatic),107.16,5340.94,No
5969-AHVZW,Male,0,Yes,No,51,Yes,Yes,DSL,Yes,No,No,Yes,Yes,No,Two year,Yes,Bank transfer (automatic),74.5,3719.0,No
7003-LGPWV,Female,1,Yes,No,67,Yes,Yes,DSL,No,No,Yes,No,No,Yes,Month-to-month,Yes,Bank transfer (automatic),49.28,3253.38,No
6529-BFLJA,Male,0,Yes,No,1,Yes,Yes,No,No internet service,No internet service,No internet service,No internet service,No internet service,No internet service,One year,Yes,Mailed check,24.6,75.67,No
5053-UTXSS,Female,0,Yes,No,4,Yes,Yes,Fiber optic,No,No,No,No,Yes,Yes,One year,Yes,Mailed check,70.17,288.65,Yes
3029-BETWI,Male,0,No,No,68,Yes,No,Fiber optic,No,Yes,No,No,No,No,Month-to-month,No,Mailed check,82.45,5641.81,No
1135-WUMLE,Female,1,No,No,26,Yes,No,DSL,No,No,Yes,No,Yes,Yes,Month-to-month,No,Mailed check,59.22,1538.66,No
3651-WTOYD,Male,0,No,Yes,62,Yes,Yes,DSL,Yes,Yes,No,No,Yes,No,One year,No,Mailed check,77.36,4763.14,No
5309-SEPIB,Female,0,No,No,31,Yes,Yes,Fiber optic,Yes,Yes,No,No,No,Yes,One year,No,Bank transfer (automatic),111.21,3478.26,No
5453-IFTJG,Female,0,Yes,No,0,Yes,Yes,DSL,Yes,No,Yes,No,Yes,No,One year,Yes,Credit card (automatic),70.05, ,Yes
7011-IOQKO,Female,1,No,No,21,Yes,No,Fiber optic,No,No,No,No,No,No,Two year,Yes,Bank transfer (automatic),68.77,1386.23,No
2824-KYROK,Female,0,Yes,Yes,65,Yes,No,No,No internet service,No internet service,No internet service,No internet service,No internet service,No internet service,One year,Yes,Credit card (automatic),19.2,1310.21,No
4834-OBZLY,Female,0,Yes,No,26,Yes,No,DSL,Yes,No,No,Yes,No,No,Two year,No,Electronic check,60.99,1643.37,No
2123-VZOVK,Female,1,No,No,37,Yes,Yes,Fiber optic,No,No,No,No,Yes,Yes,One year,Yes,Bank transfer (automatic),98.74,3604.33,No
2750-NHWFQ,Female,0,No,Yes,38,Yes,No,DSL,No,Yes,Yes,No,No,Yes,Month-to-month,No,Mailed check,64.24,2454.04,No
6166-PBUSW,Male,0,Yes,No,2,Yes,No,Fiber optic,No,No,Yes,Yes,No,No,Two year,Yes,Mailed check,83.01,204.34,Yes
4409-GUWGB,Female,0,Yes,No,29,Yes,No,Fiber optic,No,No,Yes,No,Yes,No,Two year,No,Credit card (automatic),85.19,2465.82,Yes
9684-TBVVC,Female,0,Yes,Yes,8,Yes,No,DSL,No,Yes,Yes,Yes,No,Yes,Two year,Yes,Electronic check,54.05,531.87,No
2433-WGDJE,Female,0,No,Yes,57,Yes,No,Fiber optic,Yes,Yes,Yes,Yes,Yes,Yes,One year,Yes,Electronic check,99.53,5653.7,No
3383-OQNTA,Male,0,Yes,No,1,Yes,Yes,Fiber optic,No,No,No,No,Yes,No,Month-to-month,No,Credit card (automatic),104.73,103.02,Yes
7990-ZRBXI,Male,0,Yes,No,8,Yes,Yes,No,No internet service,No internet service,No internet service,No internet service,No internet service,No internet service,Month-to-month,Yes,Credit card (automatic),30.65,362.95,Yes
2092-OOWEZ,Female,0,No,No,27,Yes,No,Fiber optic,No,No,No,Yes,No,No,Month-to-month,Yes,Electronic check,72.48,1905.23,No
4363-XFEMM,Male,0,No,Yes,41,Yes,Yes,No,No internet service,No internet service,No internet service,No internet service,No internet service,No internet service,One year,No,Electronic check,21.56,887.06,No
3446-IHSUK,Male,1,Yes,Yes,39,Yes,No,Fiber optic,No,Yes,Yes,Yes,Yes,Yes,Month-to-month,No,Electronic check,89.54,3518.38,Yes
3050-OWUVV,Male,0,No,No,68,Yes,No,DSL,No,No,No,No,No,No,Two year,No,Credit card (automatic),57.27,3928.62,No
5496-JGYHV,Male,0,Yes,Yes,35,No,No phone service,DSL,No,Yes,Yes,Yes,No,No,One year,Yes,Electronic check,49.48,1693.25,No
6111-FVTYE,Male,0,Yes,No,44,Yes,Yes,No,No internet service,No internet service,No internet service,No internet service,No internet service,No internet service,Month-to-month,Yes,Bank transfer (automatic),38.76,1763.6,No
3254-XFDSV,Male,0,No,Yes,57,Yes,No,DSL,No,Yes,Yes,No,No,No,Month-to-month,Yes,Electronic check,68.5,3900.08,Yes
7303-FLEIA,Male,0,Yes,No,4,Yes,Yes,No,No internet service,No internet service,No internet service,No internet service,No internet service,No internet service,Month-to-month,Yes,Credit card (automatic),31.95,98.77,No
2785-BBQZM,Male,0,Yes,No,22,Yes,Yes,No,No internet service,No internet service,No internet service,No internet service,No internet service,No internet service,Two year,Yes,Mailed check,41.93,969.73,No
2102-COZLJ,Male,0,No,No,3,Yes,Yes,No,No internet service,No internet service,No internet service,No internet service,No internet service,No internet service,Month-to-month,No,Credit card (automatic),33.18,39.31,Yes
6637-HGCKN,Female,0,No,Yes,26,Yes,Yes,Fiber optic,No,No,No,No,No,No,Month-to-month,Yes,Credit card (automatic),108.95,2833.33,Yes
1051-CEBRH,Male,0,No,No,3,Yes,Yes,DSL,Yes,No,No,No,No,Yes,One year,No,Electronic check,51.1,141.48,No
9269-AHDUA,Female,1,No,No,1,Yes,No,DSL,Yes,No,No,No,No,No,One year,Yes,Mailed check,64.62,55.35,Yes
7514-KKRZK,Female,0,Yes,No,7,Yes,No,Fiber optic,No,No,No,No,No,Yes,Month-to-month,No,Electronic check,82.11,618.36,No
7814-TXUQG,Male,0,No,Yes,15,Yes,No,Fiber optic,No,Yes,No,No,No,No,One year,Yes,Mailed check,109.87,1626.18,No
4874-KKVAN,Male,0,Yes,Yes,60,Yes,Yes,Fiber optic,No,Yes,No,No,Yes,No,Month-to-month,Yes,Bank transfer (automatic),80.56,4793.36,No
6986-NWFSX,Female,0,No,No,3,Yes,No,Fiber optic,No,Yes,No,Yes,Yes,Yes,One year,No,Mailed check,78.3,178.01,Yes
1350-SZZYX,Female,0,Yes,No,41,Yes,No,No,No internet service,No internet service,No internet service,No internet service,No internet service,No internet service,One year,No,Mailed check,42.9,1832.85,No
7220-KZSYC,Female,1,Yes,No,67,Yes,Yes,DSL,Yes,Yes,No,No,No,Yes,Two year,Yes,Bank transfer (automatic),66.2,4346.98,No
1495-HFJID,Female,1,Yes,No,56,Yes,No,DSL,No,No,Yes,No,Yes,No,Month-to-month,No,Electronic check,45.64,2556.31,Yes
1938-OYBCB,Female,0,No,No,1,No,No phone service,Fiber optic,No,Yes,No,Yes,Yes,Yes,One year,No,Mailed check,93.74,115.9,No
8671-ZGUND,Female,1,Yes,No,48,Yes,No,No,No internet service,No internet service,No internet service,No internet service,No internet service,No internet service,Month-to-month,Yes,Electronic check,31.54,1510.41,Yes
9542-TNTOF,Male,0,No,No,53,Yes,Yes,No,No internet service,No internet service,No internet service,No internet service,No internet service,No internet service,Month-to-month,Yes,Credit card (automatic),21.9,1161.75,No
3493-JLZHC,Female,0,No,Yes,4,Yes,No,No,No internet service,No internet service,No internet service,No internet service,No internet service,No internet service,Month-to-month,Yes,Credit card (automatic),29.95,118.8,Yes
7230-IEKHY,Male,0,No,Yes,8,Yes,No,No,No internet service,No internet service,No internet service,No internet service,No internet service,No internet service,Month-to-month,Yes,Electronic check,21.35,148.37,Yes
3985-ZAJXE,Female,0,Yes,No,11,Yes,No,No,No internet service,No internet service,No internet service,No internet service,No internet service,No internet service,Two year,Yes,Mailed check,36.54,433.83,No
7328-CDVBU,Female,0,Yes,No,49,Yes,No,No,No internet service,No internet service,No internet service,No internet service,No internet service,No internet service,Two year,No,Credit card (automatic),18.0,760.19,No
8516-DLBCP,Male,1,No,No,12,Yes,No,Fiber optic,No,No,No,No,No,Yes,Month-to-month,No,Credit card (automatic),105.48,1295.33,Yes
7930-KDMXW,Female,0,No,Yes,59,Yes,Yes,Fiber optic,Yes,Yes,No,Yes,No,Yes,Month-to-month,Yes,Electronic check,75.99,4559.05,No
6447-MRDMO,Male,0,Yes,Yes,53,Yes,No,DSL,Yes,Yes,Yes,No,Yes,Yes,Month-to-month,Yes,Mailed check,57.37,3029.56,No
8470-PMWOB,Female,0,No,No,1,Yes,No,No,No internet service,No internet service,No internet service,No internet service,No internet service,No internet service,Two year,No,Electronic check,26.35,53.96,No
9067-WKJOY,Male,0,Yes,No,5,Yes,No,Fiber optic,No,No,No,Yes,Yes,Yes,Month-to-month,No,Credit card (automatic),91.54,433.98,Yes
3308-RLJOD,Female,1,Yes,No,64,Yes,Yes,No,No internet service,No internet service,No internet service,No internet service,No internet service,No internet service,Two year,Yes,Bank transfer (automatic),34.27,2202.52,No
2374-TSPLQ,Male,0,Yes,Yes,2,Yes,No,DSL,No,Yes,Yes,Yes,No,No,Month-to-month,Yes,Credit card (automatic),50.5,50.28,Yes
8817-MDZUO,Female,0,Yes,No,5,Yes,Yes,Fiber optic,No,No,Yes,No,Yes,Yes,One year,No,Credit card (automatic),97.28,483.56,No
6387-ZXXPH,Female,0,Yes,No,65,Yes,No,DSL,No,No,No,Yes,Yes,No,One year,No,Credit card (automatic),65.76,4316.98,No
6105-KMPQJ,Female,0,No,No,0,Yes,No,No,No internet service,No internet service,No internet service,No internet service,No internet service,No internet service,Month-to-month,No,Credit card (automatic),33.21, ,Yes
4124-TJYHY,Female,0,Yes,Yes,5,Yes,Yes,No,No internet service,No internet service,No internet service,No internet service,No internet service,No internet service,One year,No,Electronic check,32.31,131.48,No
6562-QNNNM,Female,0,No,No,49,Yes,Yes,Fiber optic,No,No,Yes,No,Yes,No,Two year,No,Credit card (automatic),78.38,3807.3,No
1463-UHOJD,Female,0,No,Yes,50,Yes,Yes,Fiber optic,Yes,No,No,No,Yes,Yes,Month-to-month,Yes,Electronic check,99.23,5083.2,No
5471-TBIOL,Male,0,No,No,23,Yes,Yes,DSL,Yes,No,No,No,Yes,No,Two year,Yes,Bank transfer (automatic),43.34,1026.5,No
2616-LBPTL,Female,0,Yes,Yes,64,Yes,Yes,No,No internet service,No internet service,No internet service,No internet service,No internet service,No internet service,Month-to-month,Yes,Credit card (automatic),33.69,2140.44,No
5007-OBZRH,Male,0,No,No,40,Yes,No,Fiber optic,No,No,No,No,No,No,Month-to-month,No,Bank transfer (automatic),57.1,2377.05,No
8562-ETXRH,Female,0,Yes,Yes,13,Yes,Yes,DSL,No,No,Yes,No,Yes,No,One year,Yes,Mailed check,73.45,1008.98,No
1828-IHKYQ,Male,1,No,No,37,Yes,No,No,No internet service,No internet service,No internet service,No internet service,No internet service,No internet service,Two year,Yes,Mailed check,28.29,1017.25,No
4759-XVVPL,Female,1,Yes,No,31,Yes,Yes,DSL,Yes,Yes,No,No,No,No,One year,Yes,Credit card (automatic),63.55,1973.28,No
4126-LIVCY,Female,0,No,Yes,44,Yes,No,DSL,No,No,Yes,No,No,Yes,Two year,Yes,Bank transfer (automatic),68.36,3077.14,No
6023-ZRBJJ,Male,0,Yes,Yes,23,Yes,No,Fiber optic,No,No,No,Yes,No,No,Month-to-month,No,Mailed check,90.83,2139.79,No
6492-RAGNA,Female,1,No,No,0,Yes,Yes,Fiber optic,No,No,No,No,Yes,No,Two year,Yes,Electronic check,109.5, ,Yes
8725-QMOJU,Female,0,Yes,No,46,Yes,No,No,No internet service,No internet service,No internet service,No internet service,No internet service,No internet service,One year,No,Electronic check,34.7,1627.15,No
1194-ZPXCM,Female,0,Yes,No,53,Yes,No,No,No internet service,No internet service,No internet service,No internet service,No internet service,No internet service,One year,Yes,Mailed check,29.98,1610.64,No
1343-EMNYD,Male,0,No,No,53,Yes,Yes,DSL,No,Yes,Yes,No,No,No,Month-to-month,Yes,Bank transfer (automatic),79.05,4233.5,No
2399-HFWRR,Female,0,Yes,Yes,29,Yes,Yes,DSL,No,No,No,No,No,No,Month-to-month,No,Electronic check,63.79,1816.2,No
9157-VOLET,Female,0,No,No,70,Yes,No,Fiber optic,Yes,Yes,Yes,No,Yes,Yes,Month-to-month,Yes,Credit card (automatic),80.66,5600.82,No
9167-CKFGD,Male,0,No,Yes,6,No,No phone service,Fiber optic,Yes,No,No,No,No,Yes,Two year,Yes,Electronic check,94.68,567.59,Yes
6125-WLHWG,Male,0,No,No,56,Yes,Yes,No,No internet service,No internet service,No internet service,No internet service,No internet service,No internet service,Two year,No,Mailed check,42.69,2311.48,No
6448-RSKCK,Male,1,No,No,66,Yes,Yes,DSL,No,No,Yes,Yes,Yes,No,Two year,Yes,Electronic check,64.56,4345.72,No
7267-WMCQA,Female,0,No,No,6,Yes,No,DSL,No,Yes,No,Yes,Yes,No,One year,No,Bank transfer (automatic),59.76,372.45,No
6126-ESLRD,Male,0,No,Yes,19,Yes,No,DSL,Yes,Yes,Yes,Yes,Yes,No,Month-to-month,No,Mailed check,54.19,987.99,No
4696-VHPFU,Female,0,Yes,Yes,8,Yes,Yes,DSL,No,Yes,Yes,No,No,Yes,Month-to-month,Yes,Mailed check,59.91,462.75,Yes
9135-ZXGHR,Female,0,No,No,1,Yes,No,DSL,Yes,Yes,No,No,No,No,Month-to-month,No,Bank transfer (automatic),66.14,0.0,Yes
5600-JAEXA,Male,0,No,No,8,No,No phone service,Fiber optic,No,No,No,Yes,Yes,No,Month-to-month,Yes,Credit card (automatic),90.65,704.0,No
8604-DJYEG,Female,0,Yes,No,8,Yes,No,No,No internet service,No internet service,No internet service,No internet service,No internet service,No internet service,Two year,No,Credit card (automatic),21.85,238.47,No
1082-MLNET,Female,0,Yes,No,43,No,No phone service,No,No internet service,No internet service,No internet service,No internet service,No internet service,No internet service,Two year,Yes,Bank transfer (automatic),21.46,831.61,No
4174-KUWBS,Male,0,Yes,Yes,67,Yes,Yes,DSL,Yes,No,Yes,Yes,Yes,No,Two year,No,Electronic check,55.42,3644.17,No
5213-KEQMG,Male,0,No,No,7,Yes,Yes,DSL,No,No,Yes,No,No,No,One year,Yes,Mailed check,82.31,569.39,Yes
1000-UZIPH,Male,0,Yes,No,59,No,No phone service,Fiber optic,No,No,Yes,No,No,No,Month-to-month,No,Electronic check,73.99,4437.88,No
1004-EKJAN,Male,1,No,No,14,Yes,No,DSL,No,Yes,Yes,No,Yes,No,Two year,Yes,Mailed check,49.43,702.97,No
2659-MMMGT,Male,0,No,No,46,Yes,No,Fiber optic,No,No,No,No,Yes,No,One year,No,Bank transfer (automatic),70.03,3165.85,Yes
3407-JRSLK,Female,0,No,Yes,34,Yes,Yes,Fiber optic,No,No,No,Yes,No,No,Month-to-month,No,Bank transfer (automatic),83.26,2826.12,No
4913-TXWSB,Male,0,Yes,No,55,Yes,Yes,No,No internet service,No internet service,No internet service,No internet service,No internet service,No internet service,Two year,Yes,Electronic check,21.28,1153.48,No
3212-MIFJV,Male,0,No,No,55,Yes,Yes,DSL,No,Yes,No,No,No,No,One year,Yes,Mailed check,56.49,3069.99,No
1697-ELYGU,Female,0,No,No,48,No,No phone service,DSL,No,No,Yes,Yes,Yes,No,Month-to-month,Yes,Electronic check,59.1,2773.89,Yes
2102-FPDPC,Female,0,Yes,No,3,Yes,No,DSL,No,No,No,Yes,No,Yes,One year,Yes,Credit card (automatic),49.82,140.79,No
8398-GWMMD,Female,0,Yes,No,4,Yes,Yes,Fiber optic,No,No,No,No,No,No,Month-to-month,Yes,Bank transfer (automatic),98.03,363.31,Yes
7363-QPFQI,Female,0,Yes,No,24,Yes,No,DSL,No,No,Yes,No,No,Yes,Two year,Yes,Credit card (automatic),46.48,1072.94,No
9526-FVFCH,Male,1,No,No,60,Yes,No,DSL,No,No,Yes,No,No,No,Two year,Yes,Bank transfer (automatic),73.23,4387.31,No
1396-JYNWW,Male,0,Yes,Yes,67,Yes,No,DSL,Yes,Yes,Yes,No,No,Yes,Two year,No,Electronic check,54.81,3682.38,No
2611-KIQOR,Female,0,Yes,No,32,Yes,No,DSL,No,No,Yes,Yes,Yes,No,One year,Yes,Electronic check,63.27,2027.42,No
7533-ZVNYC,Female,1,Yes,No,63,Yes,No,No,No internet service,No internet service,No internet service,No internet service,No internet service,No internet service,Month-to-month,Yes,Credit card (automatic),23.36,1472.56,No
8383-WOGAH,Female,0,Yes,No,34,Yes,No,No,No internet service,No internet service,No internet service,No internet service,No internet service,No internet service,Month-to-month,Yes,Electronic check,30.8,1116.77,No
4224-FBJRU,Male,0,Yes,No,48,Yes,Yes,Fiber optic,No,No,Yes,No,No,Yes,Two year,No,Bank transfer (automatic),108.19,5264.4,No
3498-BNVDB,Female,0,No,Yes,68,Yes,No,No,No internet service,No internet service,No internet service,No internet service,No internet service,No internet service,Two year,No,Electronic check,20.96,1461.87,No
6669-AACDL,Female,0,Yes,No,28,Yes,No,DSL,Yes,No,No,Yes,No,No,Month-to-month,Yes,Electronic check,58.85,1717.65,Yes
8549-QATQC,Male,0,No,No,29,Yes,No,No,No internet service,No internet service,No internet service,No internet service,No internet service,No internet service,Month-to-month,Yes,Electronic check,19.97,711.05,No
2227-XUUTQ,Female,0,Yes,No,70,Yes,No,Fiber optic,Yes,Yes,No,No,Yes,Yes,Month-to-month,Yes,Mailed check,85.3,5954.65,No
4275-QBAEN,Female,0,Yes,No,11,No,No phone service,DSL,Yes,No,Yes,No,No,No,Month-to-month,Yes,Electronic check,49.27,613.55,Yes
4548-BFEYF,Male,0,No,No,41,Yes,No,Fiber optic,No,Yes,No,No,No,No,Month-to-month,Yes,Bank transfer (automatic),95.44,3896.98,No
3142-THIXX,Male,0,No,No,2,Yes,Yes,Fiber optic,Yes,No,No,No,Yes,Yes,Month-to-month,No,Credit card (automatic),75.81,206.94,Yes
5964-VNPPF,Female,1,No,No,5,Yes,No,Fiber optic,Yes,No,No,No,Yes,No,One year,Yes,Credit card (automatic),87.15,484.34,No
9759-LLZEJ,Male,1,Yes,No,33,Yes,No,No,No internet service,No internet service,No internet service,No internet service,No internet service,No internet service,Month-to-month,No,Credit card (automatic),30.24,1016.26,No
8746-UUOGC,Male,0,No,No,63,Yes,No,Fiber optic,Yes,No,Yes,No,No,Yes,Month-to-month,Yes,Bank transfer (automatic),83.32,5283.32,Yes
7691-XYLZR,Male,0,No,No,49,Yes,Yes,No,No internet service,No internet service,No internet service,No internet service,No internet service,No internet service,One year,No,Credit card (automatic),18.42,960.4,No
8007-XEELR,Male,0,Yes,No,9,No,No phone service,No,No internet service,No internet service,No internet service,No internet service,No internet service,No internet service,Two year,Yes,Mailed check,18.0,186.32,Yes
8085-HKOOK,Female,0,No,No,2,Yes,No,Fiber optic,No,No,No,No,No,No,Month-to-month,Yes,Electronic check,107.87,264.98,Yes
8706-VUQDB,Female,0,Yes,Yes,0,Yes,Yes,Fiber optic,No,No,No,No,Yes,No,Two year,Yes,Mailed check,63.84, ,No
4393-RIKMB,Male,0,Yes,No,0,Yes,No,DSL,No,Yes,Yes,Yes,Yes,Yes,Month-to-month,No,Mailed check,72.83, ,Yes
7721-MOVNK,Female,0,No,No,13,Yes,Yes,Fiber optic,No,Yes,No,Yes,Yes,No,One year,No,Bank transfer (automatic),92.7,1181.29,No
5491-FSTKF,Female,0,No,No,10,Yes,No,DSL,Yes,No,No,Yes,Yes,No,Month-to-month,Yes,Mailed check,59.46,523.86,Yes
7865-NIPIX,Male,0,No,No,6,Yes,No,DSL,No,Yes,Yes,Yes,No,No,One year,Yes,Bank transfer (automatic),53.92,337.51,No
3802-LNLXZ,Female,0,No,No,14,No,No phone service,Fiber optic,Yes,No,Yes,No,Yes,Yes,One year,Yes,Credit card (automatic),81.59,1177.6,No
1416-URMWM,Male,0,Yes,No,12,Yes,Yes,DSL,Yes,No,Yes,No,No,No,One year,Yes,Bank transfer (automatic),78.39,929.45,Yes
1910-QKEVN,Female,0,No,Yes,53,No,No phone service,No,No internet service,No internet service,No internet service,No internet service,No internet service,No internet service,Two year,No,Bank transfer (automatic),23.88,1278.7,No
6937-QYDIG,Female,0,No,Yes,40,Yes,No,No,No internet service,No internet service,No internet service,No internet service,No internet service,No internet service,Two year,Yes,Mailed check,33.05,1460.15,No
1919-FCKWP,Female,1,Yes,No,44,Yes,No,DSL,No,Yes,Yes,Yes,No,No,Two year,Yes,Electronic check,58.35,2577.57,No
1524-UCWVG,Male,0,Yes,No,16,No,No phone service,DSL,No,No,Yes,No,Yes,No,One year,Yes,Mailed check,73.88,1248.15,Yes
7605-FUMOS,Female,0,No,Yes,9,No,No phone service,No,No internet service,No internet service,No internet service,No internet service,No internet service,No internet service,Month-to-month,No,Credit card (automatic),31.38,306.14,No
8564-WUDND,Male,0,Yes,Yes,55,Yes,No,DSL,No,No,Yes,Yes,No,Yes,Two year,No,Credit card (automatic),63.1,3471.8,No
3249-TYZQM,Male,0,No,Yes,43,Yes,Yes,No,No internet service,No internet service,No internet service,No internet service,No internet service,No internet service,Month-to-month,Yes,Electronic check,33.8,1422.29,No
1853-SVJKB,Male,0,No,Yes,41,Yes,No,Fiber optic,No,No,No,No,Yes,No,Month-to-month,Yes,Credit card (automatic),109.17,4443.09,Yes
7538-QEUVN,Female,0,No,No,67,Yes,No,Fiber optic,No,No,No,No,No,Yes,Month-to-month,No,Credit card (automatic),105.39,6965.19,Yes
6984-KVIIX,Male,0,No,No,41,Yes,No,DSL,Yes,Yes,Yes,No,Yes,Yes,One year,No,Bank transfer (automatic),57.31,2325.62,No
2041-VRVGP,Female,0,No,No,60,Yes,Yes,Fiber optic,Yes,No,Yes,No,No,No,Month-to-month,Yes,Electronic check,110.49,6526.74,No
9752-JGWUB,Female,1,No,No,64,Yes,No,No,No internet service,No internet service,No internet service,No internet service,No internet service,No internet service,Month-to-month,Yes,Electronic check,18.71,1222.72,No
9615-DLGAT,Male,1,Yes,Yes,7,Yes,Yes,DSL,Yes,No,No,No,No,No,Month-to-month,No,Electronic check,64.06,469.6,Yes
4968-TSDRJ,Male,0,No,No,2,Yes,No,No,No internet service,No internet service,No internet service,No internet service,No internet service,No internet service,Month-to-month,No,Mailed check,27.08,77.17,No
1025-BSCFA,Male,0,No,No,60,Yes,No,Fiber optic,Yes,No,No,Yes,No,Yes,One year,Yes,Bank transfer (automatic),98.32,5892.24,No
4995-JTMOX,Female,0,No,Yes,20,Yes,No,No,No internet service,No internet service,No internet service,No internet service,No internet service,No internet service,Two year,No,Bank transfer (automatic),22.31,452.95,No
7877-OCWWN,Female,0,No,Yes,7,No,No phone service,No,No internet service,No internet service,No internet service,No internet service,No internet service,No internet service,Month-to-month,No,Credit card (automatic),33.14,229.61,No
7021-GFIDN,Male,0,No,No,25,Yes,No,Fiber optic,No,No,No,No,Yes,Yes,Month-to-month,Yes,Bank transfer (automatic),82.88,2095.89,Yes
3166-UITNN,Female,0,No,Yes,51,Yes,No,No,No internet service,No internet service,No internet service,No internet service,No internet service,No internet service,One year,No,Mailed check,26.46,1374.53,No
2434-HTDAM,Male,0,No,Yes,48,Yes,No,No,No internet service,No internet service,No internet service,No internet service,No internet service,No internet service,Month-to-month,No,Electronic check,23.33,1081.43,Yes
8503-NVSWR,Female,0,No,No,5,Yes,No,No,No internet service,No internet service,No internet service,No internet service,No internet service,No internet service,Two year,Yes,Electronic check,29.13,223.38,No
2592-QDKAC,Female,0,No,No,35,Yes,Yes,DSL,No,Yes,No,Yes,No,Yes,Month-to-month,Yes,Electronic check,57.84,2055.07,No
6533-USRVQ,Female,0,Yes,Yes,22,Yes,No,No,No internet service,No internet service,No internet service,No internet service,No internet service,No internet service,Two year,Yes,Electronic check,21.33,416.67,No
4457-QXZNB,Female,0,Yes,No,64,Yes,No,Fiber optic,No,No,No,Yes,Yes,Yes,Month-to-month,No,Electronic check,69.33,4462.0,No
6098-LCZKD,Female,0,No,Yes,0,Yes,No,Fiber optic,Yes,Yes,Yes,No,Yes,Yes,Month-to-month,No,Electronic check,90.32, ,No
6522-DVBBL,Male,0,Yes,No,40,Yes,No,No,No internet service,No internet service,No internet service,No internet service,No internet service,No internet service,One year,No,Mailed check,33.53,1286.11,No
3840-AHFDC,Male,0,Yes,No,29,Yes,Yes,DSL,No,No,No,No,Yes,No,Month-to-month,Yes,Credit card (automatic),57.78,1554.81,No
6596-QZSTL,Male,1,Yes,No,24,No,No phone service,Fiber optic,No,Yes,No,Yes,Yes,No,Month-to-month,Yes,Mailed check,72.39,1681.05,Yes
4064-FPBKZ,Male,0,No,No,54,Yes,Yes,Fiber optic,No,No,Yes,No,Yes,No,Month-to-month,Yes,Credit card (automatic),71.77,3967.57,No
8887-FYETX,Female,1,No,No,57,Yes,Yes,Fiber optic,No,No,Yes,No,Yes,No,Two year,No,Credit card (automatic),105.51,5959.02,No
3548-OPUIK,Female,0,No,No,0,Yes,No,DSL,Yes,No,Yes,Yes,No,No,Month-to-month,No,Electronic check,64.32, ,Yes
3294-PUHYZ,Female,0,No,No,64,Yes,No,DSL,Yes,No,No,No,No,No,One year,Yes,Electronic check,59.08,3775.92,No
8110-JFGZD,Male,0,No,No,2,Yes,Yes,Fiber optic,Yes,No,Yes,No,No,Yes,Month-to-month,Yes,Credit card (automatic),85.0,284.36,No
8445-KDBJI,Female,0,Yes,No,32,Yes,Yes,Fiber optic,Yes,No,No,Yes,Yes,Yes,Month-to-month,Yes,Electronic check,77.26,2535.65,Yes
8195-FLPIO,Male,0,Yes,No,6,Yes,Yes,DSL,No,No,Yes,No,No,No,Month-to-month,No,Mailed check,61.28,387.28,No
8530-XGKFG,Male,0,Yes,Yes,55,Yes,No,DSL,No,Yes,No,No,No,No,One year,No,Electronic check,59.85,3272.31,No
8309-LLJHX,Female,0,Yes,No,27,Yes,No,DSL,No,No,No,No,No,Yes,Month-to-month,Yes,Bank transfer (automatic),59.27,1652.57,No
5569-AQIGW,Female,0,No,Yes,1,Yes,No,Fiber optic,Yes,No,No,No,Yes,Yes,Month-to-month,No,Electronic check,81.64,0.0,Yes
3778-GRPMO,Female,1,Yes,No,14,Yes,Yes,Fiber optic,No,No,No,Yes,Yes,Yes,Two year,No,Bank transfer (automatic),75.8,1024.74,No
4206-CYJNL,Male,1,No,No,45,Yes,No,DSL,No,Yes,Yes,No,Yes,No,Month-to-month,Yes,Electronic check,70.71,3195.73,No
2038-RYFFN,Female,0,No,No,3,Yes,No,Fiber optic,No,No,No,No,Yes,No,Month-to-month,Yes,Electronic check,93.0,194.95,Yes
7830-XPHRL,Male,0,Yes,Yes,67,Yes,No,Fiber optic,No,Yes,Yes,No,No,No,Two year,Yes,Credit card (automatic),117.62,7880.53,No
1317-ODJZK,Female,1,No,No,33,Yes,No,DSL,Yes,Yes,Yes,Yes,No,No,Month-to-month,Yes,Bank transfer (automatic),48.19,1507.88,No
5244-TPQXG,Female,0,No,No,24,Yes,No,DSL,No,No,No,No,No,No,Month-to-month,No,Credit card (automatic),67.01,1619.8,Yes
5640-JIUHD,Male,0,No,No,48,Yes,Yes,DSL,Yes,Yes,Yes,No,No,No,Month-to-month,Yes,Electronic check,72.51,3469.75,No
1315-TFVPF,Male,0,No,No,71,No,No phone service,Fiber optic,No,No,No,No,Yes,No,One year,Yes,Bank transfer (automatic),93.51,6629.36,No
4718-XMNFW,Male,0,No,Yes,45,Yes,No,Fiber optic,No,No,Yes,Yes,No,Yes,Month-to-month,Yes,Electronic check,103.44,4669.57,Yes
4941-EPQEQ,Female,0,No,No,7,Yes,No,DSL,No,No,No,No,Yes,No,Month-to-month,Yes,Bank transfer (automatic),67.58,467.39,Yes
1701-MACBQ,Male,0,No,No,68,Yes,No,DSL,No,No,Yes,Yes,No,No,One year,Yes,Electronic check,60.36,4141.92,Yes
4691-KPVIQ,Female,0,Yes,Yes,19,No,No phone service,No,No internet service,No internet service,No internet service,No internet service,No internet service,No internet service,Month-to-month,Yes,Electronic check,27.34,466.42,Yes
9213-YTTGB,Female,0,No,No,32,Yes,No,No,No internet service,No internet service,No internet service,No internet service,No internet service,No internet service,Month-to-month,No,Mailed check,20.66,582.67,No
1024-QKVEL,Female,0,No,No,0,Yes,Yes,Fiber optic,Yes,No,Yes,No,Yes,No,One year,Yes,Electronic check,73.3, ,No
9169-IDSQA,Male,0,Yes,No,5,Yes,Yes,Fiber optic,No,Yes,No,Yes,No,Yes,Month-to-month,Yes,Electronic check,96.14,438.08,Yes
2539-BFYZT,Female,0,Yes,No,46,Yes,Yes,No,No internet service,No internet service,No internet service,No internet service,No internet service,No internet service,Month-to-month,No,Mailed check,20.9,947.17,No
1277-GQUZO,Male,1,Yes,Yes,2,Yes,Yes,DSL,Yes,Yes,Yes,Yes,No,No,Month-to-month,Yes,Credit card (automatic),58.52,151.31,No
2162-LWFRE,Female,1,Yes,No,4,Yes,No,DSL,No,No,No,No,No,Yes,Two year,Yes,Electronic check,48.31,155.8,No
4227-GEDPF,Female,0,Yes,No,6,Yes,Yes,Fiber optic,No,Yes,No,No,Yes,No,Month-to-month,No,Mailed check,60.0,285.56,No
5920-PGFSX,Female,0,Yes,No,60,Yes,Yes,DSL,No,No,No,No,Yes,No,Month-to-month,Yes,Bank transfer (automatic),76.6,4596.04,No
5359-KWUXB,Female,0,No,No,51,Yes,Yes,No,No internet service,No internet service,No internet service,No internet service,No internet service,No internet service,Month-to-month,Yes,Bank transfer (automatic),36.32,1803.38,No
6311-IJIXQ,Male,0,No,No,34,Yes,Yes,Fiber optic,No,Yes,No,No,Yes,Yes,Month-to-month,Yes,Electronic check,67.86,2398.84,No
9511-FNLGC,Female,0,No,No,0,Yes,Yes,No,No internet service,No internet service,No internet service,No internet service,No internet service,No internet service,Month-to-month,Yes,Credit card (automatic),18.0, ,No
4732-ELNFA,Male,0,Yes,No,71,Yes,No,DSL,Yes,Yes,No,Yes,No,No,Month-to-month,Yes,Credit card (automatic),57.01,4119.42,No
3585-MFRIT,Male,0,No,No,55,Yes,Yes,DSL,No,No,No,No,No,Yes,Two year,No,Electronic check,59.56,3262.9,No
9823-VZYLG,Male,0,Yes,No,7,Yes,No,No,No internet service,No internet service,No internet service,No internet service,No internet service,No internet service,Month-to-month,No,Bank transfer (automatic),29.22,234.3,No
9979-PKSDK,Male,1,Yes,No,59,Yes,Yes,Fiber optic,No,No,Yes,No,Yes,No,Month-to-month,No,Bank transfer (automatic),85.9,5047.83,No
7352-UVRTM,Male,0,No,No,3,Yes,Yes,No,No internet service,No internet service,No internet service,No internet service,No internet service,No internet service,Month-to-month,No,Credit card (automatic),27.73,49.36,No
4019-DLOYX,Male,0,No,No,10,Yes,Yes,DSL,Yes,No,Yes,Yes,Yes,No,One year,No,Bank transfer (automatic),53.84,476.56,No
2033-CSEFV,Male,0,No,No,14,No,No phone service,DSL,No,No,Yes,No,No,No,Month-to-month,Yes,Electronic check,54.24,790.74,Yes
6930-OVNYR,Female,0,No,No,67,Yes,No,Fiber optic,Yes,No,Yes,No,Yes,Yes,Month-to-month,Yes,Mailed check,111.43,7494.62,No
1560-XCFYT,Female,0,No,No,1,Yes,No,DSL,Yes,No,Yes,No,No,No,Month-to-month,Yes,Mailed check,72.01,40.64,No
7180-TUYQU,Male,0,No,No,48,Yes,Yes,No,No internet service,No internet service,No internet service,No internet service,No internet service,No internet service,Month-to-month,No,Electronic check,36.64,1730.09,No
2533-QJONV,Male,0,No,No,23,Yes,No,DSL,Yes,No,No,No,No,No,Two year,Yes,Credit card (automatic),60.43,1427.52,No
3640-XWFEG,Male,0,Yes,Yes,21,Yes,No,DSL,No,No,No,Yes,No,No,Month-to-month,No,Electronic check,55.04,1132.45,Yes
9896-BPCID,Female,0,Yes,Yes,5,Yes,No,Fiber optic,No,No,No,Yes,Yes,No,Month-to-month,Yes,Credit card (automatic),66.22,315.03,Yes
8582-UZQSY,Male,0,No,No,17,Yes,Yes,Fiber optic,Yes,No,No,Yes,No,Yes,Month-to-month,No,Credit card (automatic),80.48,1468.9,Yes
5082-RZCDA,Male,0,No,Yes,3,Yes,Yes,DSL,Yes,No,Yes,Yes,Yes,No,One year,Yes,Electronic check,57.96,173.45,No
3626-XSWMA,Male,0,Yes,No,8,Yes,No,DSL,No,No,No,Yes,Yes,No,Month-to-month,No,Bank transfer (automatic),70.32,525.32,Yes
5347-ZPEGC,Male,0,Yes,Yes,2,Yes,Yes,Fiber optic,No,No,Yes,No,No,No,One year,Yes,Credit card (automatic),100.68,173.15,Yes
7837-RXUSJ,Male,0,Yes,Yes,34,Yes,No,DSL,Yes,Yes,Yes,No,Yes,No,Two year,Yes,Mailed check,45.97,1635.2,No
1390-WAHOI,Female,0,No,No,2,Yes,Yes,Fiber optic,No,Yes,No,No,No,Yes,Two year,No,Mailed check,89.64,183.38,No
9563-PHMOW,Female,0,Yes,No,6,Yes,Yes,No,No internet service,No internet service,No internet service,No internet service,No internet service,No internet service,Month-to-month,No,Credit card (automatic),31.61,179.32,No
4255-BIBJW,Female,0,No,No,54,Yes,No,DSL,Yes,No,Yes,Yes,No,Yes,Month-to-month,Yes,Electronic check,53.84,2832.31,No
5341-MBUJJ,Female,0,Yes,No,57,Yes,No,DSL,No,Yes,No,Yes,Yes,No,One year,No,Electronic check,71.54,3963.88,No
1139-FNOFA,Female,1,Yes,Yes,8,Yes,No,DSL,No,Yes,No,No,No,No,Month-to-month,Yes,Credit card (automatic),76.49,648.54,No
5881-SFKQA,Male,0,Yes,Yes,45,Yes,Yes,Fiber optic,Yes,Yes,Yes,No,No,No,Month-to-month,Yes,Credit card (automatic),105.35,4653.79,Yes
8873-QVTCS,Female,0,No,No,63,Yes,Yes,Fiber optic,No,Yes,Yes,Yes,No,No,Month-to-month,Yes,Electronic check,93.43,5872.76,No
2637-SOKXX,Female,0,Yes,No,68,Yes,Yes,No,No internet service,No internet service,No internet service,No internet service,No internet service,No internet service,One year,Yes,Bank transfer (automatic),37.19,2484.12,No
3094-ERGGC,Male,0,Yes,No,58,Yes,No,No,No internet service,No internet service,No internet service,No internet service,No internet service,No internet service,Month-to-month,No,Credit card (automatic),27.1,1605.91,No
9868-CEDUL,Female,1,No,No,44,Yes,No,DSL,No,No,No,No,No,No,Month-to-month,Yes,Credit card (automatic),68.0,2981.0,No
6581-ISSRQ,Male,0,No,No,0,No,No phone service,DSL,No,No,No,No,No,Yes,Two year,Yes,Electronic check,46.51, ,No
2060-QGQEF,Female,0,Yes,No,46,Yes,No,DSL,No,Yes,No,No,No,No,One year,Yes,Mailed check,40.61,1880.39,No
5869-KBPCO,Female,1,No,Yes,12,No,No phone service,Fiber optic,No,No,Yes,No,Yes,Yes,Month-to-month,No,Bank transfer (automatic),109.45,1340.07,Yes
8510-GNBTA,Female,0,Yes,Yes,33,Yes,No,DSL,No,No,No,No,No,Yes,Month-to-month,Yes,Credit card (automatic),73.79,2469.52,No
1070-BXNMN,Female,0,No,Yes,0,Yes,No,No,No internet service,No internet service,No internet service,No internet service,No internet service,No internet service,One year,Yes,Bank transfer (automatic),18.0, ,No
2928-OICIE,Male,0,Yes,No,33,Yes,No,Fiber optic,No,Yes,Yes,Yes,Yes,No,One year,No,Credit card (automatic),91.56,3092.3,No
8869-KRDJB,Female,0,No,No,61,Yes,Yes,DSL,Yes,No,No,Yes,No,No,Month-to-month,Yes,Electronic check,45.06,2746.27,No
5431-FIPHB,Female,0,No,No,25,Yes,Yes,No,No internet service,No internet service,No internet service,No internet service,No internet service,No internet service,One year,No,Mailed check,34.65,793.28,No
2454-WGCOM,Male,0,No,Yes,2,Yes,No,Fiber optic,No,No,Yes,Yes,Yes,No,Month-to-month,Yes,Mailed check,94.04,190.74,Yes
1308-LXAEN,Female,1,No,Yes,66,Yes,Yes,No,No internet service,No internet service,No internet service,No internet service,No internet service,No internet service,Month-to-month,Yes,Mailed check,21.14,1397.87,No
9032-XXVCX,Male,0,Yes,No,30,Yes,No,Fiber optic,No,Yes,No,No,No,No,One year,Yes,Electronic check,85.35,2570.37,No
4862-COTSP,Male,0,No,No,1,Yes,Yes,Fiber optic,No,No,No,No,No,No,Month-to-month,Yes,Electronic check,99.23,55.89,Yes
2572-TKGRU,Male,0,Yes,No,7,Yes,Yes,DSL,No,Yes,Yes,No,Yes,Yes,Two year,No,Bank transfer (automatic),53.74,402.11,No
8932-GYLRO,Female,0,Yes,No,28,Yes,Yes,Fiber optic,No,No,No,No,Yes,No,Month-to-month,Yes,Electronic check,75.96,2081.52,Yes
4671-PAVNZ,Male,1,No,Yes,41,No,No phone service,Fiber optic,Yes,No,Yes,No,No,Yes,One year,Yes,Electronic check,95.25,3963.41,No
4695-NQOEN,Male,0,No,No,16,Yes,No,No,No internet service,No internet service,No internet service,No internet service,No internet service,No internet service,Month-to-month,Yes,Electronic check,21.62,397.02,Yes
6246-LSHQS,Male,0,No,No,1,Yes,No,No,No internet service,No internet service,No internet service,No internet service,No internet service,No internet service,Month-to-month,Yes,Bank transfer (automatic),27.38,97.85,Yes
4535-HHKYL,Male,1,No,Yes,44,Yes,No,No,No internet service,No internet service,No internet service,No internet service,No internet service,No internet service,Month-to-month,Yes,Bank transfer (automatic),23.84,1039.37,No
2361-XMMVX,Male,1,No,No,69,No,No phone service,Fiber optic,Yes,No,Yes,No,No,Yes,Two year,Yes,Electronic check,92.68,6331.83,No
1966-UMTUK,Female,1,No,No,9,Yes,Yes,Fiber optic,No,Yes,Yes,Yes,Yes,Yes,Month-to-month,No,Electronic check,83.51,762.39,Yes
3322-SGTRW,Male,0,No,Yes,53,Yes,No,Fiber optic,No,No,No,No,No,No,Two year,No,Credit card (automatic),70.45,3769.37,No
2279-TTLCS,Female,0,No,No,67,No,No phone service,Fiber optic,No,No,No,No,Yes,Yes,Two year,No,Electronic check,92.55,6130.36,No
8020-MAIWN,Female,0,Yes,No,16,Yes,No,DSL,No,Yes,No,No,Yes,No,Month-to-month,Yes,Electronic check,46.86,698.73,No
1286-RDIYJ,Male,0,No,No,4,Yes,No,DSL,No,Yes,Yes,No,Yes,No,Month-to-month,Yes,Mailed check,42.73,238.31,Yes
3329-ELOSF,Male,1,No,No,4,Yes,No,DSL,No,No,No,Yes,No,Yes,One year,Yes,Bank transfer (automatic),57.99,311.31,No
9103-XZCQE,Female,0,No,Yes,56,Yes,No,Fiber optic,No,No,Yes,No,No,No,Month-to-month,No,Bank transfer (automatic),95.09,5356.06,No
1546-GQBTJ,Male,0,Yes,No,54,Yes,No,DSL,No,Yes,No,No,No,No,Two year,No,Credit card (automatic),79.32,4287.52,No
2297-ZBPXA,Male,1,Yes,Yes,30,Yes,Yes,Fiber optic,No,No,No,No,No,No,Month-to-month,No,Mailed check,94.71,2786.18,No
6442-ECRYX,Female,1,Yes,Yes,63,Yes,Yes,DSL,Yes,No,Yes,No,No,No,Two year,Yes,Electronic check,70.46,4472.51,No
5037-LVWPY,Female,0,Yes,Yes,1,Yes,No,Fiber optic,No,Yes,No,No,No,No,Two year,No,Bank transfer (automatic),95.26,51.26,No
8883-BQBEF,Female,1,No,No,9,No,No phone service,DSL,Yes,Yes,No,No,No,No,One year,Yes,Bank transfer (automatic),49.32,557.74,No
3318-HKPSO,Male,0,Yes,No,4,Yes,No,Fiber optic,No,No,No,No,Yes,Yes,Month-to-month,Yes,Mailed check,104.0,487.28,Yes
1324-NDLSF,Female,0,Yes,No,50,Yes,Yes,No,No internet service,No internet service,No internet service,No internet service,No internet service,No internet service,Month-to-month,Yes,Mailed check,36.31,1779.19,No
1951-VKWYQ,Female,0,No,No,69,Yes,No,Fiber optic,No,Yes,No,No,No,Yes,Month-to-month,Yes,Mailed check,81.8,5665.83,No
8158-VYFJK,Male,1,Yes,No,30,Yes,Yes,DSL,No,No,No,No,No,Yes,Two year,No,Credit card (automatic),73.0,2153.72,No
9003-BPFHZ,Female,1,Yes,No,25,Yes,No,Fiber optic,No,Yes,Yes,No,Yes,No,One year,No,Bank transfer (automatic),79.68,2006.1,Yes
6379-UOLRO,Male,0,No,No,5,Yes,No,No,No internet service,No internet service,No internet service,No internet service,No internet service,No internet service,Month-to-month,No,Electronic check,28.43,193.08,No
9061-WEQAM,Male,0,No,Yes,35,No,No phone service,Fiber optic,Yes,Yes,Yes,Yes,Yes,Yes,Month-to-month,No,Electronic check,65.08,2286.5,Yes
5847-KNCOJ,Female,0,No,Yes,51,Yes,No,Fiber optic,No,No,Yes,No,No,Yes,Month-to-month,No,Credit card (automatic),107.99,5502.75,No
9371-SICFF,Male,0,No,No,38,Yes,No,Fiber optic,No,Yes,No,No,Yes,Yes,Month-to-month,Yes,Bank transfer (automatic),73.3,2820.14,No
2977-WQEUV,Male,1,No,No,57,Yes,Yes,Fiber optic,No,Yes,Yes,No,No,Yes,Month-to-month,No,Bank transfer (automatic),92.98,5338.77,No
8607-IXCEE,Female,0,Yes,Yes,69,Yes,Yes,No,No internet service,No internet service,No internet service,No internet service,No internet service,No internet service,Month-to-month,Yes,Electronic check,29.1,1951.42,No
5665-IXCYV,Female,0,No,No,61,Yes,Yes,DSL,No,Yes,Yes,No,Yes,No,Month-to-month,Yes,Mailed check,50.44,3059.61,No
2608-XDALT,Female,0,No,No,44,Yes,No,No,No internet service,No internet service,No internet service,No internet service,No internet service,No internet service,Month-to-month,Yes,Electronic check,27.74,1220.13,Yes
2144-LGVON,Female,0,No,No,71,No,No phone service,Fiber optic,No,Yes,Yes,No,No,No,Month-to-month,No,Bank transfer (automatic),67.43,4792.46,No
7636-RQRMI,Female,0,Yes,Yes,61,Yes,No,Fiber optic,Yes,No,Yes,No,No,No,One year,No,Bank transfer (automatic),103.11,6378.38,No
9562-LXYBU,Male,1,Yes,Yes,8,Yes,No,Fiber optic,No,Yes,Yes,No,No,Yes,Month-to-month,No,Credit card (automatic),76.29,593.36,Yes
5687-AOAQQ,Male,0,Yes,No,34,Yes,Yes,DSL,No,Yes,Yes,No,Yes,No,Month-to-month,Yes,Mailed check,51.73,1742.51,No
1908-APQDH,Male,0,No,No,57,Yes,Yes,DSL,No,No,No,No,Yes,No,Month-to-month,Yes,Credit card (automatic),63.28,3571.88,Yes
7707-BWCHU,Male,0,No,No,28,Yes,Yes,DSL,No,Yes,Yes,No,Yes,No,Two year,No,Bank transfer (automatic),64.68,1827.81,No
1585-ZYNFO,Female,1,Yes,Yes,1,Yes,No,Fiber optic,Yes,No,No,No,Yes,Yes,One year,Yes,Electronic check,81.7,0.0,No
9865-VFYYU,Male,0,No,Yes,8,Yes,No,Fiber optic,No,No,Yes,No,No,Yes,Two year,Yes,Credit card (automatic),78.54,618.07,No
1372-YLEYF,Male,0,No,No,22,Yes,No,No,No internet service,No internet service,No internet service,No internet service,No internet service,No internet service,One year,Yes,Electronic check,20.5,475.95,No
9179-YLDEX,Male,0,No,Yes,25,Yes,Yes,Fiber optic,No,No,No,No,Yes,No,Month-to-month,Yes,Electronic check,82.29,2090.91,No
6738-CCSFQ,Male,1,Yes,No,10,Yes,No,Fiber optic,No,No,No,No,No,No,One year,Yes,Credit card (automatic),106.51,1094.29,No
8465-RBJZQ,Female,0,No,No,55,Yes,No,Fiber optic,No,No,No,No,Yes,No,Month-to-month,Yes,Bank transfer (automatic),102.33,5609.55,No
7017-VSXXA,Male,0,No,No,8,Yes,No,No,No internet service,No internet service,No internet service,No internet service,No internet service,No internet service,One year,No,Electronic check,20.99,152.27,No
5509-IJHLD,Male,0,No,Yes,42,Yes,No,DSL,Yes,No,No,No,No,No,Month-to-month,Yes,Credit card (automatic),60.38,2543.73,No
9820-YCUBY,Male,0,No,No,65,Yes,No,DSL,Yes,Yes,Yes,No,No,Yes,Month-to-month,Yes,Mailed check,54.06,3510.47,No
2338-BOQPF,Male,1,No,No,67,Yes,No,DSL,No,Yes,No,No,Yes,Yes,Two year,Yes,Credit card (automatic),51.74,3461.58,No
4415-PYJBW,Female,1,Yes,No,65,Yes,No,No,No internet service,No internet service,No internet service,No internet service,No internet service,No internet service,One year,No,Credit card (automatic),30.08,1916.88,No
6688-QSSZZ,Male,0,No,No,1,Yes,No,Fiber optic,No,No,No,No,Yes,Yes,Month-to-month,No,Credit card (automatic),64.8,58.79,Yes
7477-RUEGE,Male,0,Yes,No,3,Yes,Yes,Fiber optic,No,No,Yes,No,No,No,Two year,Yes,Electronic check,80.58,153.71,No
9095-MVPPQ,Male,1,No,Yes,28,Yes,No,DSL,No,Yes,No,No,Yes,No,Two year,No,Electronic check,61.28,1727.85,No
2788-LFXUY,Female,1,No,No,47,Yes,No,Fiber optic,No,No,Yes,No,No,No,Month-to-month,Yes,Credit card (automatic),82.55,3847.03,No
1221-BXYMX,Female,0,No,No,7,Yes,Yes,No,No internet service,No internet service,No internet service,No internet service,No internet service,No internet service,Month-to-month,Yes,Mailed check,30.17,221.52,No
8116-FYDVQ,Female,0,No,No,8,Yes,No,Fiber optic,No,No,No,No,No,No,Month-to-month,Yes,Mailed check,90.15,731.49,Yes
8112-IFBZN,Female,0,Yes,No,34,Yes,Yes,DSL,No,No,Yes,No,Yes,Yes,Month-to-month,Yes,Electronic check,69.15,2363.02,Yes
9534-TSRZD,Female,1,Yes,No,61,Yes,No,No,No internet service,No internet service,No internet service,No internet service,No internet service,No internet service,Month-to-month,Yes,Mailed check,22.73,1358.22,No
6533-LHNOP,Male,0,No,Yes,52,Yes,No,DSL,No,No,Yes,Yes,No,Yes,One year,No,Bank transfer (automatic),51.87,2760.39,No
6510-YANBM,Male,0,Yes,Yes,2,Yes,No,Fiber optic,Yes,No,No,No,Yes,Yes,One year,Yes,Credit card (automatic),69.39,58.01,No
7870-CZONA,Female,0,Yes,No,65,Yes,Yes,DSL,No,No,No,No,Yes,No,Month-to-month,Yes,Mailed check,45.49,3013.39,No
2301-GZDIP,Male,0,No,No,52,Yes,No,No,No internet service,No internet service,No internet service,No internet service,No internet service,No internet service,Month-to-month,No,Electronic check,20.98,1096.84,No
2592-AMXEJ,Female,0,Yes,Yes,68,Yes,Yes,No,No internet service,No internet service,No internet service,No internet service,No internet service,No internet service,One year,Yes,Bank transfer (automatic),41.79,2805.82,No
3019-KVZLP,Male,0,Yes,No,24,Yes,Yes,DSL,Yes,Yes,No,No,No,Yes,Month-to-month,No,Electronic check,65.93,1636.33,No
7179-SPRTT,Female,0,Yes,No,0,Yes,No,No,No internet service,No internet service,No internet service,No internet service,No internet service,No internet service,Two year,No,Electronic check,38.44, ,No
7712-FSRHR,Female,0,No,No,3,Yes,No,No,No internet service,No internet service,No internet service,No internet service,No internet service,No internet service,One year,No,Electronic check,27.49,51.33,No
2801-FZYUN,Male,0,Yes,Yes,1,Yes,No,Fiber optic,No,No,Yes,No,No,Yes,Month-to-month,No,Electronic check,72.25,191.27,No
5314-BRISM,Female,1,No,Yes,33,No,No phone service,Fiber optic,No,No,Yes,No,Yes,Yes,Month-to-month,No,Bank transfer (automatic),77.94,2564.87,Yes
6016-SMKEQ,Female,0,No,No,26,Yes,Yes,Fiber optic,No,Yes,Yes,No,No,No,Month-to-month,No,Credit card (automatic),90.73,2322.17,No
3144-NWHDM,Female,0,Yes,No,37,Yes,Yes,DSL,No,No,No,Yes,No,Yes,Month-to-month,No,Bank transfer (automatic),61.57,2259.38,No
4400-JRXNZ,Male,0,Yes,Yes,48,Yes,No,Fiber optic,Yes,No,Yes,Yes,No,No,Month-to-month,No,Credit card (automatic),103.79,4911.82,Yes
6697-QNAXD,Male,0,Yes,No,6,Yes,No,DSL,Yes,Yes,No,Yes,Yes,Yes,Month-to-month,Yes,Credit card (automatic),49.55,247.86,Yes
9332-GLFEV,Female,0,No,No,30,Yes,Yes,DSL,No,Yes,Yes,No,No,No,Two year,Yes,Electronic check,41.5,1167.58,No
6820-AGHGN,Male,0,Yes,No,46,Yes,No,Fiber optic,Yes,Yes,Yes,Yes,No,Yes,Two year,Yes,Electronic check,94.22,4386.36,Yes
1319-YUIRP,Male,1,Yes,No,31,Yes,No,DSL,Yes,No,No,No,Yes,Yes,Month-to-month,Yes,Mailed check,60.09,1861.65,No
3883-JNSMW,Female,1,Yes,No,29,Yes,No,Fiber optic,No,No,Yes,No,No,Yes,Month-to-month,Yes,Mailed check,96.41,2788.14,Yes
3760-FSMNK,Female,0,Yes,No,7,Yes,Yes,Fiber optic,No,No,Yes,No,Yes,No,Month-to-month,Yes,Bank transfer (automatic),107.57,692.09,No
3355-SMTIJ,Male,1,No,No,47,Yes,Yes,DSL,Yes,No,Yes,No,Yes,No,One year,No,Electronic check,62.89,2928.94,No
3864-RBUHR,Male,0,Yes,Yes,62,No,No phone service,DSL,No,Yes,Yes,No,No,No,Two year,Yes,Mailed check,66.26,4029.45,No
5516-PKTCR,Male,0,No,No,33,Yes,Yes,Fiber optic,No,No,Yes,No,No,Yes,Month-to-month,No,Credit card (automatic),103.22,3361.09,Yes
6399-REWXQ,Male,1,Yes,No,5,Yes,Yes,No,No internet service,No internet service,No internet service,No internet service,No internet service,No internet service,Two year,No,Credit card (automatic),21.35,66.46,No
3528-HFHSL,Female,0,No,No,2,Yes,No,Fiber optic,Yes,Yes,No,Yes,Yes,Yes,Two year,Yes,Credit card (automatic),68.3,183.88,No
9478-BOKHJ,Male,0,No,No,44,Yes,Yes,No,No internet service,No internet service,No internet service,No internet service,No internet service,No internet service,Month-to-month,No,Bank transfer (automatic),33.0,1424.61,No
8530-FPOVA,Male,0,Yes,No,2,Yes,Yes,No,No internet service,No internet service,No internet service,No internet service,No internet service,No internet service,One year,Yes,Credit card (automatic),23.86,113.22,No
7157-XIESO,Female,0,No,Yes,66,No,No phone service,Fiber optic,No,No,Yes,No,Yes,Yes,One year,Yes,Electronic check,110.03,7198.46,No
5011-OUOEK,Male,1,No,No,0,Yes,Yes,Fiber optic,Yes,No,No,Yes,Yes,No,Two year,Yes,Electronic check,76.17, ,No
9165-OTVIG,Male,0,No,Yes,5,Yes,No,Fiber optic,Yes,Yes,No,Yes,Yes,No,Month-to-month,Yes,Bank transfer (automatic),107.5,556.26,Yes
2045-WVVMX,Female,0,No,Yes,8,Yes,No,DSL,Yes,No,Yes,No,Yes,Yes,One year,Yes,Electronic check,70.35,554.85,No
1272-NKXDV,Female,0,No,No,0,Yes,Yes,DSL,No,Yes,No,Yes,No,No,Two year,No,Electronic check,59.11, ,No
9652-WSQDS,Female,1,Yes,No,6,Yes,Yes,DSL,Yes,No,No,No,No,No,Two year,Yes,Mailed check,65.25,400.07,No
5709-CQAHW,Female,0,No,No,47,Yes,Yes,DSL,Yes,Yes,No,No,Yes,Yes,Two year,No,Electronic check,73.81,3451.6,No
4066-UDDFG,Male,0,Yes,No,3,Yes,No,DSL,No,No,No,No,Yes,No,Month-to-month,Yes,Credit card (automatic),76.87,128.77,Yes
2962-FEQRQ,Female,0,No,No,2,Yes,Yes,DSL,No,No,No,No,No,No,Two year,No,Credit card (automatic),64.11,23.88,No
6886-DKLML,Female,0,No,No,49,Yes,Yes,Fiber optic,No,Yes,No,No,Yes,No,Two year,Yes,Credit card (automatic),108.66,5428.28,No
4305-RKXNT,Female,0,No,No,27,Yes,No,Fiber optic,No,No,No,No,No,Yes,Month-to-month,Yes,Credit card (automatic),102.34,2835.55,No
1292-VDDKI,Female,0,No,Yes,3,Yes,No,Fiber optic,No,No,No,Yes,No,Yes,Month-to-month,Yes,Mailed check,100.12,340.4,Yes
7182-NYJTV,Female,0,Yes,No,48,Yes,Yes,Fiber optic,No,Yes,No,No,Yes,No,Two year,No,Electronic check,95.82,4617.07,No
1516-MATUK,Female,0,No,No,23,Yes,Yes,Fiber optic,Yes,No,No,No,Yes,No,Month-to-month,Yes,Mailed check,86.34,1985.69,No
2400-DAIWT,Male,0,Yes,Yes,40,Yes,No,Fiber optic,Yes,No,No,No,Yes,Yes,Month-to-month,Yes,Mailed check,87.75,3539.44,No
8470-VPAVJ,Female,0,No,Yes,4,Yes,No,Fiber optic,Yes,No,No,Yes,Yes,Yes,Month-to-month,No,Electronic check,81.09,288.69,Yes
1271-MKRME,Male,0,No,Yes,7,Yes,Yes,DSL,No,Yes,Yes,Yes,No,Yes,Month-to-month,No,Credit card (automatic),65.47,442.37,No
5109-YAFUJ,Female,0,Yes,No,19,Yes,No,No,No internet service,No internet service,No internet service,No internet service,No internet service,No internet service,Two year,No,Electronic check,32.69,671.1,No
5766-QFPVO,Female,0,No,No,42,Yes,No,Fiber optic,No,No,Yes,No,Yes,No,Month-to-month,Yes,Credit card (automatic),83.09,3534.67,No
4778-DAYNZ,Female,0,Yes,No,1,Yes,No,Fiber optic,No,Yes,No,No,No,Yes,One year,Yes,Credit card (automatic),98.46,104.75,Yes
1908-FXPII,Female,0,No,Yes,42,Yes,No,Fiber optic,No,No,Yes,No,No,Yes,Month-to-month,Yes,Credit card (automatic),86.67,3617.55,No
9351-RGDBX,Male,0,No,No,50,No,No phone service,No,No internet service,No internet service,No internet service,No internet service,No internet service,No internet service,Two year,Yes,Electronic check,31.88,1656.15,No
1253-JCVOA,Female,0,No,No,6,Yes,Yes,Fiber optic,No,No,No,No,No,No,Month-to-month,No,Credit card (automatic),86.5,483.77,Yes
8280-XPYIT,Female,0,No,No,5,No,No phone service,No,No internet service,No internet service,No internet service,No internet service,No internet service,No internet service,Month-to-month,Yes,Credit card (automatic),18.0,107.16,No
4059-QFAPH,Male,0,Yes,No,2,Yes,Yes,DSL,Yes,Yes,No,No,No,Yes,One year,Yes,Electronic check,61.35,220.93,No
6748-NOFSB,Male,1,Yes,No,1,Yes,No,No,No internet service,No internet service,No internet service,No internet service,No internet service,No internet service,Month-to-month,Yes,Bank transfer (automatic),32.17,51.82,Yes
9628-RQCEO,Male,0,Yes,No,28,Yes,Yes,No,No internet service,No internet service,No internet service,No internet service,No internet service,No internet service,Month-to-month,No,Bank transfer (automatic),22.03,616.77,No
4163-YOJWF,Female,1,Yes,No,0,Yes,Yes,DSL,No,Yes,No,Yes,No,No,Two year,Yes,Credit card (automatic),39.19, ,No
1751-CGQKY,Male,0,Yes,No,51,Yes,Yes,DSL,Yes,Yes,No,No,No,Yes,Month-to-month,No,Electronic check,69.79,3584.37,No
3906-QQFRU,Female,0,No,No,0,Yes,Yes,No,No internet service,No internet service,No internet service,No internet service,No internet service,No internet service,Month-to-month,Yes,Bank transfer (automatic),25.59, ,No
4798-MURKY,Male,0,No,No,33,Yes,No,Fiber optic,No,No,Yes,No,No,No,Two year,Yes,Electronic check,87.07,2798.56,No
3661-RPRXV,Female,0,Yes,Yes,5,No,No phone service,DSL,No,Yes,No,No,No,No,Month-to-month,Yes,Bank transfer (automatic),60.02,285.81,No
6055-PHYAM,Male,0,No,No,2,Yes,Yes,Fiber optic,Yes,No,Yes,No,Yes,No,Month-to-month,No,Mailed check,99.97,181.65,No
8094-KOWKQ,Female,0,No,No,1,Yes,Yes,No,No internet service,No internet service,No internet service,No internet service,No internet service,No internet service,Month-to-month,Yes,Bank transfer (automatic),29.91,0.0,No
3498-AAIKJ,Male,1,Yes,No,58,No,No phone service,No,No internet service,No internet service,No internet service,No internet service,No internet service,No internet service,Two year,No,Bank transfer (automatic),18.0,1045.57,No
8006-TLADU,Female,0,No,No,39,Yes,No,DSL,No,Yes,Yes,No,No,Yes,Month-to-month,No,Credit card (automatic),69.0,2701.62,No
9730-YELNN,Female,1,Yes,No,0,No,No phone service,Fiber optic,Yes,Yes,No,No,No,Yes,Two year,No,Electronic check,100.73, ,No
3521-OMJGQ,Female,0,No,No,32,No,No phone service,Fiber optic,No,No,No,No,No,No,Two year,No,Mailed check,107.68,3480.17,No
4513-NMPLI,Female,0,No,No,64,Yes,No,DSL,No,No,No,Yes,No,No,Two year,No,Electronic check,46.32,3024.6,No
7711-DFVIJ,Male,0,Yes,No,70,Yes,Yes,DSL,No,Yes,No,No,Yes,Yes,One year,Yes,Electronic check,62.49,4360.49,No
1515-LRSLV,Male,0,Yes,Yes,48,Yes,No,DSL,No,Yes,Yes,No,No,No,Month-to-month,Yes,Mailed check,52.77,2555.86,No
6384-UVJNC,Male,1,No,Yes,15,Yes,No,DSL,No,Yes,Yes,No,Yes,No,Two year,Yes,Credit card (automatic),61.43,829.56,No
1645-OFSVO,Male,1,Yes,No,28,Yes,No,Fiber optic,Yes,Yes,No,No,Yes,Yes,Two year,Yes,Bank transfer (automatic),65.6,1846.01,No
2118-DKEUL,Female,1,No,No,54,Yes,No,DSL,Yes,No,No,No,Yes,No,Month-to-month,No,Mailed check,68.58,3692.54,No
7806-LOJCT,Female,1,No,No,41,Yes,Yes,Fiber optic,No,No,No,No,No,No,Two year,No,Credit card (automatic),62.39,2487.63,No
9902-WFMUY,Female,0,Yes,No,42,Yes,No,Fiber optic,No,Yes,Yes,No,No,Yes,Two year,No,Credit card (automatic),63.38,2640.81,No
5207-ZOQOL,Female,0,No,No,14,Yes,No,DSL,No,No,No,No,Yes,No,One year,Yes,Electronic check,59.07,811.92,No
7522-UJCAH,Female,1,No,No,10,Yes,No,Fiber optic,No,No,No,Yes,Yes,Yes,Month-to-month,No,Credit card (automatic),74.19,763.93,No
8796-VCKTY,Female,0,Yes,No,24,Yes,Yes,DSL,No,No,No,No,No,No,Two year,Yes,Mailed check,72.73,1744.52,No
7581-ZDTXW,Male,0,No,No,38,Yes,No,Fiber optic,No,Yes,No,No,Yes,Yes,Two year,Yes,Credit card (automatic),76.37,2889.42,No
8119-CSNTX,Male,0,No,No,1,Yes,No,DSL,No,No,Yes,No,Yes,No,Month-to-month,Yes,Bank transfer (automatic),49.28,4.38,Yes
2655-MESQC,Female,0,No,Yes,36,Yes,No,Fiber optic,No,No,Yes,No,Yes,No,Month-to-month,Yes,Electronic check,99.11,3622.17,No
4280-YPINS,Female,0,Yes,No,14,Yes,Yes,Fiber optic,No,Yes,Yes,No,No,Yes,Two year,Yes,Mailed check,89.78,1381.44,No
1620-VHEAI,Male,0,Yes,Yes,0,Yes,Yes,Fiber optic,No,Yes,No,No,Yes,Yes,Month-to-month,No,Bank transfer (automatic),105.89, ,Yes
1604-EVJVW,Female,0,No,Yes,1,Yes,No,DSL,Yes,Yes,No,No,Yes,Yes,Month-to-month,Yes,Bank transfer (automatic),48.79,45.12,Yes
2635-AXDUV,Female,0,No,No,70,No,No phone service,No,No internet service,No internet service,No internet service,No internet service,No internet service,No internet service,Month-to-month,No,Credit card (automatic),31.45,2224.88,No
9935-MWCAR,Male,0,Yes,No,1,Yes,No,Fiber optic,No,No,No,Yes,Yes,Yes,Month-to-month,No,Credit card (automatic),84.26,18.07,No
4398-RHSQC,Male,0,No,No,7,Yes,Yes,Fiber optic,No,No,Yes,No,No,No,Two year,Yes,Electronic check,99.91,647.94,Yes
2540-OZRSD,Female,0,No,No,0,Yes,No,Fiber optic,No,No,No,No,No,Yes,Month-to-month,No,Credit card (automatic),94.22, ,Yes
2743-GMDSQ,Female,0,Yes,No,52,Yes,Yes,No,No internet service,No internet service,No internet service,No internet service,No internet service,No internet service,Month-to-month,Yes,Mailed check,33.48,1783.59,No
9653-CFEUR,Male,0,No,No,47,Yes,No,Fiber optic,No,Yes,No,No,Yes,No,One year,Yes,Electronic check,91.5,4295.06,Yes
1081-YMUCX,Female,0,No,No,5,Yes,No,Fiber optic,Yes,No,No,No,No,No,Two year,No,Mailed check,103.18,526.67,No
2802-HAYGC,Male,0,No,No,4,Yes,Yes,Fiber optic,No,No,No,No,Yes,No,Month-to-month,No,Electronic check,64.7,238.67,Yes
3741-CYNGH,Female,0,No,No,1,Yes,No,Fiber optic,No,Yes,Yes,Yes,Yes,No,Two year,No,Credit card (automatic),66.76,92.62,No
7751-PYIOB,Male,0,No,Yes,4,Yes,Yes,Fiber optic,No,No,Yes,No,No,Yes,Month-to-month,Yes,Bank transfer (automatic),96.52,364.58,No
6224-SVUMS,Female,0,No,No,49,No,No phone service,Fiber optic,Yes,Yes,No,No,Yes,Yes,Two year,Yes,Mailed check,114.2,5582.98,No
7327-LMBDI,Male,0,No,No,66,Yes,No,Fiber optic,No,No,No,Yes,Yes,Yes,One year,Yes,Electronic check,92.07,6215.38,No
1001-JYHNB,Male,0,Yes,No,1,Yes,No,Fiber optic,No,Yes,No,No,Yes,Yes,Month-to-month,No,Bank transfer (automatic),75.99,86.54,Yes
3555-XBPAS,Female,0,Yes,No,34,Yes,No,Fiber optic,Yes,No,Yes,No,Yes,No,One year,Yes,Electronic check,80.27,2708.86,Yes
6386-MACHS,Male,0,No,No,8,No,No phone service,DSL,Yes,No,No,Yes,Yes,No,Month-to-month,No,Electronic check,69.71,590.3,No
1872-JMAXR,Male,0,No,No,5,Yes,No,Fiber optic,No,No,No,Yes,Yes,Yes,Month-to-month,Yes,Electronic check,83.36,353.73,Yes
3727-UACHG,Male,0,Yes,No,58,Yes,No,Fiber optic,Yes,Yes,No,No,No,Yes,One year,Yes,Electronic check,86.16,4934.06,No
6482-XIDME,Female,0,Yes,No,31,Yes,No,Fiber optic,No,No,No,No,Yes,No,One year,Yes,Bank transfer (automatic),92.3,2817.49,No
6989-ZWFGO,Female,0,Yes,Yes,0,Yes,No,Fiber optic,Yes,No,No,Yes,Yes,Yes,Month-to-month,Yes,Electronic check,87.72, ,Yes
3525-FEJKO,Female,0,No,No,19,Yes,No,Fiber optic,No,No,No,No,Yes,No,Two year,Yes,Credit card (automatic),74.75,1403.63,No
3783-ZSDFT,Male,0,No,No,4,Yes,No,DSL,No,No,Yes,Yes,Yes,No,Two year,No,Electronic check,56.7,238.85,No
1013-YZJTR,Male,0,No,Yes,7,Yes,No,Fiber optic,No,Yes,Yes,Yes,No,No,Two year,No,Bank transfer (automatic),104.64,716.79,No
6929-TGEYE,Male,0,Yes,No,56,Yes,No,DSL,No,No,Yes,No,Yes,Yes,Two year,Yes,Bank transfer (automatic),57.09,3250.25,No
6363-VSHUZ,Female,0,No,No,54,Yes,No,DSL,No,Yes,No,No,No,Yes,One year,Yes,Bank transfer (automatic),67.5,3617.87,No
4134-OBLHL,Female,0,Yes,No,11,Yes,No,No,No internet service,No internet service,No internet service,No internet service,No internet service,No internet service,Month-to-month,Yes,Electronic check,37.11,359.86,Yes
1205-IRHNF,Female,0,Yes,No,38,Yes,Yes,Fiber optic,No,Yes,No,No,Yes,No,Month-to-month,Yes,Electronic check,86.5,3309.43,No
4120-OGYTW,Female,0,Yes,Yes,50,Yes,No,DSL,No,Yes,No,Yes,Yes,Yes,Two year,No,Electronic check,67.34,3332.7,No
5812-QTUIC,Male,0,No,Yes,19,Yes,No,DSL,No,Yes,No,No,No,No,Month-to-month,No,Credit card (automatic),61.62,1157.4,No
6715-XLSVG,Female,0,No,No,40,Yes,Yes,DSL,Yes,Yes,No,No,No,No,Month-to-month,Yes,Credit card (automatic),51.1,2039.64,No
1389-HDHDX,Male,0,Yes,Yes,24,Yes,No,DSL,No,No,No,Yes,No,No,Two year,Yes,Mailed check,63.86,1541.81,No
7273-LTBPG,Male,1,Yes,No,25,No,No phone service,DSL,No,Yes,Yes,No,No,No,Month-to-month,Yes,Electronic check,58.8,1476.98,Yes
4108-MZLAR,Male,0,No,No,48,No,No phone service,DSL,Yes,No,No,No,No,No,One year,Yes,Mailed check,55.63,2574.94,No
6755-ZFBHK,Male,0,Yes,No,71,Yes,Yes,No,No internet service,No internet service,No internet service,No internet service,No internet service,No internet service,Month-to-month,No,Credit card (automatic),37.12,2573.57,No
7940-HXXGX,Male,1,No,No,18,Yes,No,Fiber optic,No,No,No,No,No,Yes,Month-to-month,Yes,Bank transfer (automatic),96.16,1683.13,Yes
6633-KXDUM,Male,0,Yes,Yes,37,Yes,Yes,DSL,No,No,No,No,No,Yes,One year,No,Credit card (automatic),56.18,2103.8,No
7396-TXKJF,Male,0,Yes,No,36,Yes,Yes,No,No internet service,No internet service,No internet service,No internet service,No internet service,No internet service,Two year,Yes,Electronic check,27.01,1005.3,No
4179-HUATQ,Female,0,Yes,No,49,Yes,No,No,No internet service,No internet service,No internet service,No internet service,No internet service,No internet service,Month-to-month,Yes,Mailed check,35.67,1747.84,No
5294-EDZMJ,Male,0,No,No,46,Yes,Yes,DSL,Yes,Yes,Yes,No,Yes,Yes,Month-to-month,Yes,Electronic check,76.76,3460.36,No
2536-TZXVE,Male,0,Yes,No,65,Yes,Yes,DSL,Yes,No,Yes,No,No,No,One year,Yes,Credit card (automatic),65.34,4273.12,No
8707-ICTYM,Female,0,Yes,Yes,11,Yes,Yes,DSL,Yes,No,Yes,No,No,Yes,Month-to-month,No,Mailed check,61.43,734.29,No
3801-UCQCC,Female,0,No,No,0,Yes,Yes,Fiber optic,No,Yes,Yes,No,Yes,Yes,One year,No,Electronic check,65.6, ,Yes
5659-REUHM,Female,0,Yes,Yes,43,Yes,Yes,Fiber optic,No,No,No,No,No,No,Month-to-month,Yes,Electronic check,75.28,3286.5,No
5315-QUTYJ,Male,0,No,No,1,Yes,No,Fiber optic,No,No,Yes,No,Yes,Yes,Month-to-month,No,Mailed check,69.29,12.25,Yes
7989-KHING,Female,0,Yes,Yes,36,Yes,Yes,Fiber optic,No,Yes,No,No,No,No,One year,No,Electronic check,98.79,3539.41,Yes
9049-RWEKR,Male,0,No,No,44,Yes,No,DSL,No,Yes,Yes,No,No,Yes,Month-to-month,Yes,Bank transfer (automatic),59.73,2713.65,No
3892-AXRRD,Male,0,Yes,Yes,38,Yes,No,DSL,No,No,No,No,No,Yes,One year,Yes,Credit card (automatic),61.13,2284.51,No
5827-TKTGL,Female,0,No,No,49,No,No phone service,Fiber optic,No,No,No,No,Yes,No,One year,No,Bank transfer (automatic),72.33,3548.41,No
8681-FZKRF,Female,0,No,Yes,24,Yes,Yes,Fiber optic,No,No,No,No,Yes,No,Month-to-month,No,Bank transfer (automatic),110.28,2567.72,Yes
1846-ZVXCR,Female,0,No,Yes,64,Yes,Yes,Fiber optic,No,No,Yes,Yes,No,Yes,Two year,Yes,Bank transfer (automatic),65.43,4152.77,No
2670-BXTGU,Female,0,No,Yes,36,Yes,Yes,DSL,No,No,No,No,Yes,Yes,Month-to-month,No,Bank transfer (automatic),57.35,2001.79,Yes
4187-WFWSG,Female,0,Yes,Yes,3,Yes,Yes,No,No internet service,No internet service,No internet service,No internet service,No internet service,No internet service,Two year,Yes,Electronic check,25.32,23.67,No
9636-WKJLI,Male,0,Yes,No,50,Yes,No,Fiber optic,No,No,No,Yes,Yes,No,Month-to-month,Yes,Electronic check,101.42,5089.23,Yes
2330-RMRNV,Male,1,No,No,59,Yes,Yes,DSL,No,No,No,Yes,No,No,Two year,Yes,Bank transfer (automatic),52.29,3120.7,No
9729-EPFKR,Male,0,No,Yes,0,Yes,No,Fiber optic,No,Yes,No,No,Yes,Yes,Two year,Yes,Mailed check,82.02, ,No
5390-BPGCC,Male,0,No,No,3,Yes,Yes,Fiber optic,No,No,Yes,Yes,No,Yes,Month-to-month,Yes,Bank transfer (automatic),91.55,253.61,Yes
4347-XTBNH,Female,0,No,No,6,Yes,No,Fiber optic,No,No,No,No,No,No,Two year,Yes,Mailed check,89.97,530.9,Yes
7192-EEPMW,Male,0,No,Yes,25,Yes,Yes,Fiber optic,No,Yes,No,Yes,Yes,Yes,One year,No,Bank transfer (automatic),93.27,2321.64,No
1940-ZQKVF,Female,0,No,No,4,Yes,Yes,Fiber optic,No,No,No,No,No,No,Month-to-month,Yes,Bank transfer (automatic),92.21,436.5,Yes
8735-TKDTR,Female,0,No,No,0,Yes,Yes,Fiber optic,No,No,No,No,Yes,Yes,Two year,No,Mailed check,95.01, ,No
9545-GWQRF,Female,1,No,No,46,Yes,No,DSL,No,Yes,No,Yes,No,Yes,Month-to-month,Yes,Bank transfer (automatic),70.89,3288.62,No
1978-TZIJT,Male,0,Yes,No,2,Yes,No,Fiber optic,No,No,No,No,Yes,Yes,Month-to-month,Yes,Credit card (automatic),71.76,147.71,No
7287-BSSWX,Male,1,No,No,3,Yes,Yes,DSL,Yes,Yes,Yes,No,No,Yes,One year,Yes,Credit card (automatic),48.07,146.2,Yes
3969-MRGVF,Female,1,No,No,4,No,No phone service,No,No internet service,No internet service,No internet service,No internet service,No internet service,No internet service,Month-to-month,Yes,Electronic check,26.51,112.03,Yes
1657-VAIRN,Female,0,Yes,No,0,Yes,No,No,No internet service,No internet service,No internet service,No internet service,No internet service,No internet service,One year,Yes,Electronic check,21.68, ,No
3210-TAWOH,Female,1,No,No,5,No,No phone service,DSL,Yes,No,No,No,Yes,Yes,Month-to-month,Yes,Credit card (automatic),72.6,368.14,Yes
3414-QHPGM,Female,0,No,No,26,Yes,Yes,DSL,Yes,Yes,Yes,No,No,No,Month-to-month,No,Bank transfer (automatic),64.25,1585.4,No
8921-KEMFU,Female,0,Yes,No,9,Yes,Yes,No,No internet service,No internet service,No internet service,No internet service,No internet service,No internet service,One year,Yes,Credit card (automatic),18.0,153.96,No
8195-VQEIN,Male,0,No,No,3,Yes,Yes,Fiber optic,No,No,No,Yes,No,No,Month-to-month,Yes,Electronic check,74.38,207.87,No
6724-LPVBF,Female,0,Yes,No,3,Yes,Yes,Fiber optic,No,Yes,No,Yes,Yes,Yes,Two year,Yes,Electronic check,76.96,192.69,Yes
1563-UJYRW,Male,0,Yes,Yes,2,Yes,Yes,DSL,No,No,Yes,No,Yes,No,Month-to-month,Yes,Electronic check,64.34,117.11,Yes
5894-QOMPV,Female,1,No,Yes,5,Yes,No,DSL,No,Yes,Yes,No,Yes,Yes,One year,No,Credit card (automatic),54.96,361.0,Yes
9858-XYEVM,Female,0,No,Yes,1,Yes,Yes,DSL,No,Yes,No,No,No,No,Month-to-month,No,Credit card (automatic),59.85,19.86,No
4089-APDPO,Female,0,No,Yes,2,Yes,No,No,No internet service,No internet service,No internet service,No internet service,No internet service,No internet service,One year,Yes,Electronic check,38.51,91.43,No
5723-QDDXB,Male,0,Yes,No,41,Yes,Yes,Fiber optic,Yes,Yes,Yes,No,No,No,Month-to-month,Yes,Mailed check,78.64,3256.1,No
3805-YPBGF,Male,0,No,No,42,Yes,Yes,Fiber optic,No,No,No,Yes,Yes,No,Month-to-month,Yes,Electronic check,78.53,3200.13,Yes
6785-PGOEB,Female,0,Yes,Yes,0,Yes,No,No,No internet service,No internet service,No internet service,No internet service,No internet service,No internet service,One year,No,Bank transfer (automatic),20.5, ,No
8595-JUNKZ,Male,0,No,No,34,Yes,Yes,Fiber optic,No,No,No,Yes,No,Yes,Month-to-month,Yes,Electronic check,103.74,3492.56,No
8512-NASJE,Male,1,Yes,Yes,1,Yes,Yes,No,No internet service,No internet service,No internet service,No internet service,No internet service,No internet service,Month-to-month,Yes,Electronic check,18.92,0.0,No
7091-MBFOT,Male,0,No,No,2,Yes,Yes,No,No internet service,No internet service,No internet service,No internet service,No internet service,No internet service,Month-to-month,Yes,Bank transfer (automatic),27.6,73.02,No
8602-IWRRT,Male,0,Yes,No,0,Yes,No,DSL,No,Yes,No,No,No,No,Two year,Yes,Mailed check,51.65, ,No
9484-KQRWT,Male,0,Yes,Yes,0,Yes,No,No,No internet service,No internet service,No internet service,No internet service,No internet service,No internet service,Month-to-month,No,Electronic check,28.29, ,No
4517-PMJCL,Female,0,Yes,No,49,Yes,No,Fiber optic,Yes,No,No,No,Yes,No,Two year,Yes,Electronic check,79.84,3862.91,No
4989-BGWCI,Male,1,No,No,0,Yes,Yes,Fiber optic,No,Yes,Yes,No,Yes,No,Two year,No,Mailed check,65.42, ,No
5185-YCHSZ,Male,0,No,No,36,Yes,No,Fiber optic,No,No,No,No,No,No,Month-to-month,No,Electronic check,75.93,2708.1,No
6101-EZHNY,Male,0,No,No,45,Yes,No,DSL,No,Yes,Yes,Yes,No,No,Two year,Yes,Electronic check,53.72,2458.13,No
1836-OCLGX,Male,0,Yes,No,58,No,No phone service,No,No internet service,No internet service,No internet service,No internet service,No internet service,No internet service,Month-to-month,Yes,Electronic check,19.5,1116.7,No
2369-PSVHZ,Male,1,Yes,Yes,2,Yes,No,DSL,No,No,No,No,Yes,Yes,One year,Yes,Credit card (automatic),49.49,0.0,No
8676-GHZVN,Female,0,No,No,6,Yes,No,DSL,Yes,Yes,No,No,No,No,Month-to-month,Yes,Credit card (automatic),67.55,393.35,No
5372-SDDSM,Male,0,Yes,Yes,36,Yes,Yes,Fiber optic,No,No,Yes,Yes,No,Yes,Month-to-month,Yes,Mailed check,89.53,3208.4,Yes
6938-WBMBP,Male,0,No,No,31,Yes,Yes,Fiber optic,No,No,Yes,Yes,No,No,Month-to-month,Yes,Mailed check,96.01,2932.88,Yes
9341-NERPQ,Male,0,Yes,No,64,Yes,No,DSL,No,Yes,No,No,Yes,Yes,Month-to-month,Yes,Credit card (automatic),56.29,3627.48,Yes
5213-ZCRDJ,Male,0,No,No,7,Yes,No,DSL,Yes,Yes,Yes,Yes,Yes,No,Two year,Yes,Credit card (automatic),51.14,369.88,No
5256-VLHUU,Male,0,No,No,33,Yes,No,Fiber optic,Yes,No,No,No,Yes,Yes,One year,No,Electronic check,79.39,2631.9,No
6334-RPNOV,Male,0,Yes,No,47,Yes,No,Fiber optic,No,Yes,No,No,No,No,Two year,No,Electronic check,73.16,3411.87,No
7226-ZJANH,Female,1,Yes,No,11,No,No phone service,Fiber optic,Yes,No,Yes,No,No,Yes,Two year,Yes,Credit card (automatic),88.08,934.86,No
6026-ULQTO,Male,0,No,No,29,Yes,Yes,Fiber optic,No,No,No,No,No,Yes,Month-to-month,Yes,Mailed check,111.78,3184.58,Yes
6253-YENEN,Female,1,Yes,No,68,Yes,Yes,Fiber optic,Yes,Yes,Yes,No,No,Yes,Month-to-month,Yes,Mailed check,86.9,5926.9,No
8496-HOYPT,Male,0,No,Yes,7,Yes,No,No,No internet service,No internet service,No internet service,No internet service,No internet service,No internet service,Two year,Yes,Electronic check,22.67,207.82,No
3873-OMNJL,Male,0,No,No,24,Yes,Yes,DSL,Yes,No,Yes,Yes,Yes,No,Two year,Yes,Mailed check,48.28,1182.76,No
8496-MBVBZ,Male,0,Yes,No,66,Yes,No,Fiber optic,Yes,No,No,No,No,Yes,Month-to-month,Yes,Bank transfer (automatic),83.78,5512.67,No
3743-YIMFT,Female,0,No,Yes,71,Yes,Yes,Fiber optic,No,Yes,No,Yes,Yes,No,Two year,No,Electronic check,97.99,6950.54,No
2094-SZHZV,Female,0,Yes,No,66,Yes,No,DSL,No,Yes,No,No,Yes,No,One year,Yes,Electronic check,56.56,3717.37,No
7730-FOELC,Male,0,No,No,60,Yes,Yes,DSL,Yes,Yes,No,Yes,No,Yes,Month-to-month,No,Electronic check,61.05,3680.07,No
8152-ZIUGU,Male,0,Yes,No,3,No,No phone service,No,No internet service,No internet service,No internet service,No internet service,No internet service,No internet service,Month-to-month,No,Mailed check,20.13,68.41,No
5874-PLGPO,Male,0,No,No,3,Yes,No,DSL,No,No,Yes,No,No,Yes,Two year,Yes,Mailed check,57.91,203.75,No
4093-IIJUR,Male,0,Yes,No,66,Yes,Yes,Fiber optic,No,No,No,No,Yes,No,Month-to-month,Yes,Mailed check,73.67,4915.41,No
2780-PUWWU,Female,1,Yes,No,41,Yes,No,DSL,Yes,No,No,No,Yes,Yes,Two year,No,Electronic check,68.09,2783.04,No
7217-EPANY,Male,0,Yes,No,26,Yes,No,DSL,No,Yes,No,Yes,No,No,One year,No,Mailed check,50.29,1274.34,No
2862-RWPGP,Male,0,Yes,Yes,26,Yes,No,Fiber optic,No,No,No,No,Yes,Yes,One year,No,Bank transfer (automatic),101.7,2530.82,No
7908-QTPIE,Female,0,No,No,33,Yes,Yes,Fiber optic,No,Yes,No,Yes,Yes,No,Month-to-month,No,Electronic check,109.79,3661.49,Yes
6708-ATBEJ,Male,0,Yes,No,61,Yes,No,Fiber optic,No,No,No,No,No,No,Month-to-month,No,Bank transfer (automatic),65.38,3937.63,No
1451-MNBNY,Male,0,Yes,No,67,Yes,No,DSL,Yes,No,No,No,No,Yes,Month-to-month,No,Bank transfer (automatic),42.5,2840.77,No
1877-MVGBH,Female,0,Yes,No,31,Yes,Yes,Fiber optic,Yes,No,No,No,No,No,Month-to-month,No,Mailed check,103.87,3209.09,No
1670-BXDUC,Male,0,Yes,Yes,64,Yes,No,No,No internet service,No internet service,No internet service,No internet service,No internet service,No internet service,Two year,Yes,Bank transfer (automatic),25.2,1478.92,No
9782-UQSGT,Male,0,Yes,No,60,No,No phone service,Fiber optic,No,No,Yes,Yes,No,Yes,One year,No,Electronic check,84.71,5130.29,No
5263-GHJLB,Male,0,Yes,No,27,Yes,Yes,No,No internet service,No internet service,No internet service,No internet service,No internet service,No internet service,One year,No,Credit card (automatic),18.0,538.41,No
6350-BCDGS,Female,0,No,Yes,3,Yes,Yes,DSL,No,Yes,No,No,No,Yes,Month-to-month,Yes,Electronic check,51.21,162.5,Yes
5255-LEAKF,Male,1,No,No,26,Yes,Yes,Fiber optic,No,No,No,Yes,No,No,Month-to-month,No,Credit card (automatic),83.96,2120.72,No
7452-NIMMV,Male,0,No,No,37,No,No phone service,Fiber optic,No,Yes,No,No,Yes,Yes,Month-to-month,Yes,Mailed check,67.03,2474.14,No
7731-XPJTY,Male,0,Yes,Yes,3,Yes,No,No,No internet service,No internet service,No internet service,No internet service,No internet service,No internet service,Month-to-month,No,Electronic check,18.0,79.81,No
5155-CPIDB,Male,0,No,No,2,Yes,No,Fiber optic,No,No,No,No,Yes,No,Month-to-month,Yes,Credit card (automatic),106.82,185.66,Yes
9945-CEHSR,Female,0,No,No,0,Yes,No,DSL,No,No,No,No,No,Yes,Month-to-month,No,Credit card (automatic),46.92, ,Yes
2472-KBKJS,Male,0,No,No,41,Yes,No,Fiber optic,No,Yes,Yes,No,Yes,Yes,Two year,Yes,Electronic check,112.26,4605.64,No
3649-PYXQJ,Female,0,Yes,Yes,5,Yes,Yes,No,No internet service,No internet service,No internet service,No internet service,No internet service,No internet service,Month-to-month,No,Credit card (automatic),19.93,168.83,No
6385-YIPDC,Female,0,Yes,Yes,0,Yes,No,No,No internet service,No internet service,No internet service,No internet service,No internet service,No internet service,One year,No,Electronic check,27.65, ,No
8388-SKQZR,Female,0,Yes,No,23,No,No phone service,No,No internet service,No internet service,No internet service,No internet service,No internet service,No internet service,Month-to-month,No,Bank transfer (automatic),37.59,920.63,Yes
9072-GZYPU,Male,0,Yes,No,4,Yes,Yes,Fiber optic,No,Yes,Yes,No,No,Yes,Month-to-month,Yes,Credit card (automatic),69.9,312.65,Yes
5631-GYVAH,Female,1,No,Yes,64,Yes,Yes,DSL,Yes,Yes,Yes,Yes,No,No,Month-to-month,Yes,Mailed check,42.08,2660.9,No
4827-HYMME,Female,0,Yes,No,54,Yes,No,DSL,No,No,Yes,Yes,Yes,No,One year,No,Electronic check,58.66,3171.78,No
3895-WKWST,Male,0,Yes,Yes,8,Yes,Yes,Fiber optic,Yes,No,No,Yes,Yes,No,Month-to-month,Yes,Mailed check,70.87,601.91,No
5097-UPKGG,Female,0,Yes,No,52,Yes,No,DSL,No,No,No,No,No,No,One year,No,Credit card (automatic),62.06,3167.92,No
5551-ZSGOF,Female,0,Yes,No,4,Yes,Yes,Fiber optic,No,Yes,No,No,No,Yes,Month-to-month,Yes,Mailed check,110.78,345.28,Yes
3238-VHUXZ,Male,0,Yes,Yes,58,No,No phone service,Fiber optic,No,No,No,Yes,Yes,Yes,Two year,Yes,Bank transfer (automatic),67.49,3844.91,No
4363-KSOJI,Female,1,Yes,No,38,Yes,Yes,DSL,Yes,No,No,No,No,No,Two year,Yes,Credit card (automatic),51.97,1953.88,No
2569-PQBGQ,Male,0,No,No,37,Yes,No,DSL,Yes,No,No,Yes,No,Yes,Month-to-month,No,Electronic check,51.65,1899.45,No
4189-JVNVU,Female,0,Yes,No,69,Yes,Yes,No,No internet service,No internet service,No internet service,No internet service,No internet service,No internet service,Month-to-month,No,Bank transfer (automatic),28.6,1953.38,No
2698-XINYS,Female,0,No,No,67,Yes,Yes,Fiber optic,No,No,Yes,No,Yes,No,Two year,Yes,Electronic check,79.63,5271.81,No
6614-UJDAC,Male,0,No,Yes,5,Yes,No,DSL,Yes,No,No,No,Yes,No,One year,Yes,Credit card (automatic),57.17,337.81,No
7241-ZRTEJ,Female,0,No,Yes,2,Yes,No,No,No internet service,No internet service,No internet service,No internet service,No internet service,No internet service,Month-to-month,Yes,Bank transfer (automatic),18.0,71.8,Yes
9222-KYFGZ,Male,1,No,No,3,Yes,No,No,No internet service,No internet service,No internet service,No internet service,No internet service,No internet service,Month-to-month,Yes,Electronic check,18.0,82.82,Yes
2355-PQECM,Female,0,Yes,No,6,Yes,Yes,Fiber optic,No,No,No,No,Yes,Yes,One year,No,Electronic check,116.66,692.37,Yes
5185-UMVMH,Female,0,No,Yes,24,Yes,Yes,Fiber optic,No,No,No,No,No,Yes,One year,Yes,Bank transfer (automatic),69.05,1729.92,No
1577-KVBKA,Male,0,No,No,36,Yes,No,DSL,No,No,Yes,Yes,No,Yes,One year,Yes,Electronic check,49.18,1792.08,No
2014-MARKM,Male,0,No,Yes,2,Yes,No,No,No internet service,No internet service,No internet service,No internet service,No internet service,No internet service,Month-to-month,Yes,Bank transfer (automatic),22.17,0.0,Yes
7738-TWSIX,Male,0,Yes,Yes,2,Yes,No,DSL,No,No,No,Yes,No,Yes,One year,No,Electronic check,50.08,138.53,No
6885-PVFEX,Male,0,No,No,5,Yes,Yes,DSL,No,No,No,No,No,No,Two year,No,Credit card (automatic),64.79,287.43,No
3553-KNPGD,Male,0,Yes,No,3,Yes,No,DSL,No,Yes,No,No,Yes,Yes,Month-to-month,Yes,Bank transfer (automatic),59.42,92.61,No
8953-TIAXY,Male,0,No,No,46,Yes,No,DSL,No,Yes,Yes,No,Yes,No,Month-to-month,No,Mailed check,56.57,2683.54,No
3390-BOMYW,Male,0,Yes,Yes,63,Yes,Yes,DSL,Yes,Yes,Yes,No,No,No,Month-to-month,Yes,Electronic check,66.35,4159.86,No
7153-BFFPK,Male,1,Yes,No,28,Yes,Yes,Fiber optic,No,No,Yes,Yes,No,Yes,Month-to-month,Yes,Electronic check,92.11,2520.98,No
3547-UNQOV,Female,0,No,Yes,68,Yes,Yes,DSL,No,No,No,Yes,Yes,No,One year,No,Mailed check,44.0,3006.14,No
8615-QRCJL,Female,0,No,No,35,Yes,No,Fiber optic,Yes,No,No,No,No,No,Month-to-month,No,Electronic check,70.41,2486.11,No
6785-YWKJV,Female,0,No,No,3,Yes,No,No,No internet service,No internet service,No internet service,No internet service,No internet service,No internet service,One year,No,Electronic check,21.66,41.78,No
6193-VAMDH,Male,0,No,No,59,Yes,Yes,DSL,No,Yes,No,No,No,No,Month-to-month,Yes,Credit card (automatic),77.72,4503.04,No
7652-BPRLT,Female,0,No,No,5,Yes,No,Fiber optic,No,No,Yes,No,Yes,Yes,Month-to-month,No,Electronic check,105.6,491.98,No
1666-BAFHU,Female,0,Yes,No,7,Yes,No,DSL,No,No,Yes,Yes,No,No,One year,Yes,Credit card (automatic),62.74,468.49,No
2084-MKVYF,Male,0,No,Yes,49,Yes,No,Fiber optic,No,No,No,No,No,No,Month-to-month,Yes,Electronic check,93.76,4651.08,Yes
9185-UYZUK,Male,0,Yes,Yes,52,Yes,No,DSL,Yes,No,Yes,No,No,Yes,Month-to-month,Yes,Electronic check,68.91,3719.48,Yes
7979-TYGLY,Female,0,Yes,No,56,Yes,Yes,No,No internet service,No internet service,No internet service,No internet service,No internet service,No internet service,Month-to-month,Yes,Electronic check,25.11,1312.21,No
7499-THXAW,Male,0,No,Yes,1,Yes,No,DSL,Yes,No,Yes,No,No,Yes,Month-to-month,No,Bank transfer (automatic),39.8,41.68,No
3200-FHSNS,Female,1,Yes,Yes,39,Yes,No,DSL,Yes,No,Yes,Yes,No,No,Month-to-month,Yes,Credit card (automatic),72.12,2784.61,No
5158-XEVVM,Female,0,No,Yes,33,Yes,No,Fiber optic,No,No,No,No,Yes,Yes,Two year,Yes,Electronic check,109.27,3609.76,No
8043-IBKEQ,Male,0,Yes,No,69,Yes,Yes,Fiber optic,Yes,No,Yes,No,No,Yes,Month-to-month,Yes,Bank transfer (automatic),93.28,6354.81,No
1845-RKIBI,Male,0,Yes,No,43,No,No phone service,Fiber optic,No,Yes,No,No,Yes,No,Month-to-month,Yes,Electronic check,77.09,3339.33,No
1415-DSIEW,Female,0,Yes,No,38,Yes,Yes,DSL,No,No,No,Yes,No,No,Month-to-month,Yes,Electronic check,63.61,2404.46,No
6921-LPNEL,Female,0,No,No,6,Yes,No,Fiber optic,Yes,Yes,No,Yes,No,No,Month-to-month,Yes,Credit card (automatic),104.63,651.09,Yes
6234-ZKEHN,Male,0,No,No,10,Yes,No,No,No internet service,No internet service,No internet service,No internet service,No internet service,No internet service,Two year,No,Mailed check,21.96,76.58,No
9259-IBJTB,Female,1,Yes,Yes,16,Yes,Yes,Fiber optic,Yes,No,No,No,No,No,Month-to-month,Yes,Bank transfer (automatic),61.35,1011.61,Yes
8110-KHLJR,Female,0,Yes,No,33,Yes,Yes,DSL,No,Yes,No,Yes,Yes,Yes,One year,Yes,Mailed check,53.38,1678.32,No
8482-UDOTZ,Female,0,Yes,No,66,Yes,Yes,No,No internet service,No internet service,No internet service,No internet service,No internet service,No internet service,Month-to-month,No,Electronic check,25.44,1687.86,No
7767-IFQDR,Female,0,Yes,No,68,No,No phone service,Fiber optic,No,Yes,No,No,No,No,Month-to-month,Yes,Credit card (automatic),75.72,5249.25,Yes
7718-SGMFY,Male,0,No,No,9,Yes,No,Fiber optic,No,Yes,Yes,No,No,Yes,One year,Yes,Electronic check,84.48,676.57,Yes
1063-JFWYX,Male,0,No,No,6,Yes,Yes,DSL,No,Yes,Yes,No,No,Yes,Two year,No,Mailed check,53.71,311.16,Yes
6831-XXCPX,Female,0,Yes,Yes,6,Yes,No,DSL,No,No,No,Yes,No,No,Month-to-month,Yes,Electronic check,67.61,392.48,No
4622-XONUR,Male,0,Yes,No,32,Yes,No,Fiber optic,No,Yes,No,No,Yes,No,Month-to-month,Yes,Electronic check,96.27,3080.44,No
7538-XBOVJ,Female,0,No,No,42,Yes,No,Fiber optic,No,No,No,No,No,No,One year,Yes,Credit card (automatic),70.02,2868.73,No
9274-GKXWG,Female,0,Yes,Yes,53,Yes,No,Fiber optic,No,Yes,Yes,No,Yes,No,Month-to-month,Yes,Mailed check,109.43,5785.91,Yes
6999-BJGPZ,Male,0,Yes,Yes,35,Yes,No,Fiber optic,No,No,No,No,No,No,Month-to-month,No,Credit card (automatic),85.74,3023.19,Yes
1591-NJHSL,Female,0,No,No,46,Yes,Yes,DSL,No,Yes,No,Yes,No,No,One year,Yes,Electronic check,55.51,2572.41,No
1465-YJCQJ,Male,0,Yes,No,51,Yes,Yes,No,No internet service,No internet service,No internet service,No internet service,No internet service,No internet service,One year,No,Mailed check,20.25,984.35,No
9975-JBDAD,Female,0,Yes,No,59,Yes,No,DSL,Yes,No,Yes,No,Yes,No,Two year,No,Electronic check,65.28,3780.97,No
1424-HGLSC,Male,0,Yes,Yes,29,Yes,Yes,No,No internet service,No internet service,No internet service,No internet service,No internet service,No internet service,Month-to-month,Yes,Mailed check,29.93,874.14,No
3081-BAXQC,Female,0,No,No,1,Yes,Yes,Fiber optic,No,Yes,No,No,Yes,No,Two year,No,Mailed check,79.98,88.98,No
2842-YKGES,Female,0,Yes,Yes,7,Yes,Yes,Fiber optic,Yes,No,No,No,No,No,One year,No,Credit card (automatic),73.77,571.95,Yes
3456-SJYBV,Male,0,No,No,3,Yes,No,DSL,Yes,Yes,Yes,No,Yes,No,Month-to-month,Yes,Electronic check,61.95,223.99,Yes
1430-YVXTV,Female,0,Yes,Yes,7,Yes,No,DSL,No,No,Yes,Yes,Yes,Yes,Two year,Yes,Bank transfer (automatic),75.53,613.1,Yes
4992-FDINY,Female,0,Yes,Yes,32,Yes,No,No,No internet service,No internet service,No internet service,No internet service,No internet service,No internet service,One year,Yes,Electronic check,23.07,718.29,No
8629-VTXQT,Female,1,No,No,66,Yes,Yes,No,No internet service,No internet service,No internet service,No internet service,No internet service,No internet service,Two year,Yes,Bank transfer (automatic),31.26,2051.89,No
8461-ZNQWG,Female,1,Yes,Yes,0,Yes,No,Fiber optic,Yes,Yes,Yes,No,No,No,Two year,Yes,Mailed check,71.47, ,Yes
6491-LOABP,Female,0,Yes,No,14,Yes,No,Fiber optic,Yes,No,No,No,Yes,No,Month-to-month,Yes,Electronic check,107.22,1454.65,No
5686-JHLEZ,Male,0,Yes,Yes,7,Yes,No,Fiber optic,No,Yes,Yes,Yes,No,No,Two year,No,Electronic check,83.91,638.37,Yes
8690-SNOMO,Female,0,No,No,30,No,No phone service,Fiber optic,No,No,No,No,Yes,Yes,One year,No,Mailed check,88.16,2691.75,Yes
5130-JHPQD,Male,0,Yes,Yes,8,Yes,No,No,No internet service,No internet service,No internet service,No internet service,No internet service,No internet service,Two year,No,Credit card (automatic),39.25,305.54,No
3430-ATOJN,Female,0,No,No,9,No,No phone service,Fiber optic,Yes,No,Yes,No,No,No,Month-to-month,No,Credit card (automatic),84.34,817.85,No
7399-ESSEO,Female,0,Yes,Yes,31,Yes,No,No,No internet service,No internet service,No internet service,No internet service,No internet service,No internet service,Two year,No,Credit card (automatic),29.85,899.97,No
2854-MKUJE,Male,0,Yes,No,39,Yes,Yes,Fiber optic,No,No,Yes,Yes,No,Yes,Two year,Yes,Credit card (automatic),86.39,3329.0,No
4076-MVARX,Male,0,Yes,Yes,11,Yes,No,No,No internet service,No internet service,No internet service,No internet service,No internet service,No internet service,Two year,Yes,Electronic check,21.32,309.2,No
4254-TQSZY,Female,0,Yes,No,45,Yes,No,No,No internet service,No internet service,No internet service,No internet service,No internet service,No internet service,Month-to-month,Yes,Electronic check,26.04,1199.29,No
9981-YVROT,Male,0,No,No,9,Yes,Yes,Fiber optic,Yes,No,No,No,Yes,No,Month-to-month,Yes,Bank transfer (automatic),84.09,809.99,No
1536-EJTZS,Female,0,Yes,Yes,60,Yes,No,Fiber optic,No,No,Yes,No,No,No,One year,Yes,Bank transfer (automatic),100.66,6048.6,No
5897-SYBKT,Male,1,No,Yes,37,Yes,Yes,Fiber optic,Yes,No,No,No,No,No,Two year,Yes,Bank transfer (automatic),93.42,3464.75,No
3937-REGOY,Female,0,Yes,Yes,5,Yes,Yes,Fiber optic,Yes,No,No,No,Yes,No,Two year,No,Credit card (automatic),93.18,508.46,No
7605-QTTQT,Male,0,No,Yes,0,Yes,Yes,DSL,Yes,No,Yes,Yes,No,No,Month-to-month,Yes,Mailed check,54.59, ,Yes
6408-DPOWL,Male,0,Yes,No,46,Yes,Yes,Fiber optic,Yes,Yes,Yes,No,No,No,One year,Yes,Credit card (automatic),85.37,3944.6,No
4097-NXPHQ,Female,0,No,No,24,Yes,Yes,DSL,No,No,No,No,No,No,Month-to-month,No,Bank transfer (automatic),51.65,1335.58,No
2180-WRMRP,Female,0,Yes,No,5,Yes,No,DSL,Yes,Yes,Yes,No,No,Yes,Two year,Yes,Credit card (automatic),51.03,275.37,No
9480-EAGWZ,Male,0,No,No,23,Yes,Yes,Fiber optic,No,Yes,Yes,No,Yes,No,One year,No,Bank transfer (automatic),80.01,1757.75,Yes
7568-BSIOR,Male,1,No,Yes,5,No,No phone service,Fiber optic,Yes,Yes,No,Yes,Yes,No,Month-to-month,Yes,Credit card (automatic),93.73,458.03,Yes
2688-FWCZQ,Female,0,No,Yes,71,Yes,No,Fiber optic,No,Yes,Yes,No,Yes,Yes,Two year,No,Mailed check,102.62,7268.36,No
4436-HMWLP,Female,0,Yes,Yes,63,Yes,No,Fiber optic,No,Yes,No,No,Yes,No,Two year,No,Bank transfer (automatic),75.6,4753.95,Yes
2099-JSCQT,Male,0,No,Yes,51,Yes,No,No,No internet service,No internet service,No internet service,No internet service,No internet service,No internet service,Month-to-month,Yes,Mailed check,19.46,975.25,No
6391-XTJJQ,Female,1,Yes,No,69,Yes,No,Fiber optic,Yes,Yes,No,No,Yes,No,Month-to-month,Yes,Electronic check,104.97,7270.06,No
2330-YQSCL,Female,0,Yes,Yes,34,Yes,No,No,No internet service,No internet service,No internet service,No internet service,No internet service,No internet service,Two year,No,Bank transfer (automatic),27.06,873.73,No
7026-NLSKD,Female,1,No,Yes,9,Yes,No,DSL,Yes,No,No,Yes,No,No,One year,Yes,Credit card (automatic),45.19,403.51,Yes
3236-UZJZP,Female,0,No,Yes,12,Yes,No,DSL,Yes,No,Yes,No,No,No,Month-to-month,Yes,Mailed check,60.46,733.93,Yes
1006-XAVPH,Female,0,Yes,No,1,Yes,No,DSL,Yes,No,No,Yes,Yes,Yes,Month-to-month,Yes,Credit card (automatic),67.41,195.86,No
1971-EFLEQ,Male,0,No,Yes,0,Yes,No,No,No internet service,No internet service,No internet service,No internet service,No internet service,No internet service,Month-to-month,Yes,Electronic check,26.21, ,Yes
8277-CSZZY,Female,0,No,No,63,Yes,Yes,Fiber optic,No,No,No,No,No,Yes,Month-to-month,No,Credit card (automatic),84.94,5296.2,No
6675-DGBIV,Female,0,Yes,No,17,Yes,Yes,Fiber optic,No,No,No,No,Yes,Yes,Month-to-month,Yes,Mailed check,58.84,936.87,No
2453-BOBJP,Female,1,Yes,No,2,Yes,No,No,No internet service,No internet service,No internet service,No internet service,No internet service,No internet service,Month-to-month,Yes,Bank transfer (automatic),33.55,109.61,Yes
8716-DJRUN,Male,0,No,No,59,Yes,Yes,Fiber optic,Yes,No,No,No,Yes,No,Two year,No,Mailed check,68.6,4132.81,No
9137-KHFQB,Male,0,Yes,No,3,Yes,Yes,No,No internet service,No internet service,No internet service,No internet service,No internet service,No internet service,Month-to-month,No,Bank transfer (automatic),36.25,37.46,No
1012-WGRCM,Female,1,Yes,No,27,Yes,No,DSL,Yes,No,No,No,Yes,Yes,Two year,No,Mailed check,64.48,1771.05,No
6153-TBQGI,Male,1,Yes,No,42,Yes,No,No,No internet service,No internet service,No internet service,No internet service,No internet service,No internet service,Month-to-month,Yes,Mailed check,26.04,1040.92,No
8794-TQQVA,Female,1,No,No,21,Yes,Yes,Fiber optic,No,No,No,No,Yes,No,Month-to-month,Yes,Electronic check,99.16,2078.13,Yes
8842-BDSIW,Male,1,Yes,No,1,Yes,No,DSL,No,No,Yes,No,Yes,No,One year,No,Credit card (automatic),62.48,126.83,Yes
7317-RKXUU,Female,0,Yes,Yes,59,No,No phone service,DSL,No,No,Yes,No,No,Yes,Month-to-month,Yes,Electronic check,51.28,3018.39,No
5220-QACRD,Female,1,Yes,No,51,Yes,No,Fiber optic,No,Yes,No,No,No,Yes,Month-to-month,Yes,Bank transfer (automatic),72.38,3665.97,No
7300-DGIAP,Male,0,Yes,No,58,Yes,Yes,Fiber optic,Yes,No,No,No,No,Yes,Month-to-month,Yes,Credit card (automatic),72.96,4374.64,No
7051-LIVAQ,Male,0,No,No,8,Yes,No,DSL,Yes,Yes,Yes,No,Yes,Yes,Month-to-month,Yes,Mailed check,48.11,481.55,Yes
5546-TPFJJ,Female,0,No,No,39,Yes,Yes,DSL,No,No,Yes,Yes,No,No,One year,No,Electronic check,56.62,2207.2,No
6618-ZPWSF,Female,0,No,No,21,Yes,No,Fiber optic,No,No,No,No,No,Yes,Month-to-month,No,Electronic check,64.46,1362.09,Yes
7817-UBKTW,Male,0,No,No,17,Yes,Yes,DSL,No,Yes,No,No,Yes,No,Month-to-month,No,Bank transfer (automatic),68.38,1142.64,No
4375-ZUDPE,Female,1,Yes,No,4,Yes,No,No,No internet service,No internet service,No internet service,No internet service,No internet service,No internet service,Month-to-month,Yes,Electronic check,36.26,168.39,No
1533-BRLLM,Female,0,No,No,71,Yes,Yes,No,No internet service,No internet service,No internet service,No internet service,No internet service,No internet service,One year,Yes,Electronic check,34.59,2386.65,No
3251-SSNBE,Male,0,No,No,44,Yes,No,DSL,Yes,No,Yes,Yes,Yes,No,One year,Yes,Credit card (automatic),63.12,2817.87,No
8847-AJGUA,Male,0,No,Yes,47,Yes,No,No,No internet service,No internet service,No internet service,No internet service,No internet service,No internet service,Month-to-month,No,Bank transfer (automatic),19.37,798.67,No
6679-LRMQO,Male,0,No,Yes,0,No,No phone service,Fiber optic,No,No,No,No,No,Yes,One year,Yes,Credit card (automatic),65.05, ,Yes
3119-KVHXE,Male,0,Yes,No,55,Yes,No,DSL,No,No,No,No,No,No,Two year,No,Bank transfer (automatic),67.72,3740.4,No
2464-XFPWC,Male,0,No,Yes,0,Yes,No,No,No internet service,No internet service,No internet service,No internet service,No internet service,No internet service,Month-to-month,Yes,Bank transfer (automatic),36.78, ,Yes
4810-QVXGM,Male,0,Yes,Yes,53,Yes,No,DSL,No,Yes,No,Yes,Yes,No,Two year,Yes,Electronic check,47.88,2600.93,No
2333-UAOXX,Female,0,No,No,60,Yes,No,Fiber optic,Yes,Yes,No,No,Yes,No,Month-to-month,Yes,Credit card (automatic),91.29,5449.38,No
4422-SFHZE,Male,0,Yes,No,7,Yes,No,Fiber optic,No,No,No,Yes,Yes,Yes,Month-to-month,No,Credit card (automatic),60.47,481.24,No
4093-TFWEK,Female,0,No,Yes,29,Yes,No,No,No internet service,No internet service,No internet service,No internet service,No internet service,No internet service,One year,No,Credit card (automatic),23.65,586.59,No
6865-FLMIT,Male,0,No,Yes,28,Yes,Yes,DSL,Yes,Yes,No,No,No,No,Month-to-month,No,Mailed check,79.21,2155.65,No
8834-YEQCL,Male,0,No,No,0,No,No phone service,Fiber optic,Yes,No,No,No,No,No,Month-to-month,No,Mailed check,81.59, ,No
6888-LFIGZ,Female,0,Yes,No,6,Yes,Yes,No,No internet service,No internet service,No internet service,No internet service,No internet service,No internet service,Month-to-month,No,Electronic check,27.32,160.09,Yes
1524-SSWDJ,Female,0,No,No,31,Yes,No,No,No internet service,No internet service,No internet service,No internet service,No internet service,No internet service,Two year,Yes,Mailed check,28.63,899.76,No
2355-MMIMJ,Male,0,No,Yes,42,Yes,No,DSL,No,No,Yes,Yes,Yes,Yes,Two year,Yes,Electronic check,57.59,2431.73,No
4202-SQXMW,Male,0,No,No,55,Yes,Yes,DSL,No,Yes,Yes,Yes,No,Yes,Month-to-month,No,Bank transfer (automatic),53.09,2843.03,No
5747-PNGNX,Male,0,No,No,0,Yes,Yes,DSL,No,Yes,No,No,Yes,No,Two year,No,Credit card (automatic),70.95, ,No
3334-DJCHI,Female,0,No,No,5,Yes,Yes,DSL,Yes,No,Yes,No,Yes,No,One year,Yes,Electronic check,56.27,245.83,No
6080-DILJL,Male,0,No,No,3,Yes,Yes,No,No internet service,No internet service,No internet service,No internet service,No internet service,No internet service,Two year,No,Mailed check,31.11,7.08,No
4560-IKIMY,Male,0,Yes,No,31,Yes,No,DSL,Yes,No,No,No,Yes,Yes,Month-to-month,No,Credit card (automatic),55.8,1716.13,No
2981-BHRFN,Male,0,Yes,No,0,Yes,Yes,No,No internet service,No internet service,No internet service,No internet service,No internet service,No internet service,Month-to-month,Yes,Mailed check,22.18, ,No
2442-MFTLB,Male,1,No,No,3,Yes,No,DSL,No,Yes,No,Yes,Yes,Yes,Two year,Yes,Mailed check,62.16,159.43,No
8657-LCLIG,Female,0,No,No,41,Yes,Yes,DSL,No,Yes,No,Yes,No,Yes,One year,No,Credit card (automatic),67.66,2768.35,No
9158-RRYGR,Female,0,Yes,No,48,Yes,No,Fiber optic,No,Yes,Yes,No,No,No,Two year,Yes,Bank transfer (automatic),107.46,5169.2,No
6161-SEBHB,Male,1,Yes,No,2,Yes,Yes,Fiber optic,Yes,No,No,No,Yes,No,Month-to-month,Yes,Electronic check,90.92,163.95,No
4864-WNQIY,Male,0,Yes,No,3,Yes,No,DSL,No,No,Yes,No,No,No,Month-to-month,Yes,Electronic check,69.18,199.33,Yes
3692-NCIVG,Male,0,No,No,65,Yes,No,No,No internet service,No internet service,No internet service,No internet service,No internet service,No internet service,One year,Yes,Electronic check,21.44,1392.06,No
4506-IUJID,Male,1,No,No,22,Yes,Yes,DSL,Yes,Yes,No,Yes,No,Yes,Two year,No,Mailed check,65.88,1459.58,No
2387-OWPHA,Female,0,No,No,4,Yes,No,No,No internet service,No internet service,No internet service,No internet service,No internet service,No internet service,One year,No,Electronic check,18.0,0.0,No
7962-JRJQR,Female,0,Yes,No,9,No,No phone service,DSL,No,No,Yes,No,No,Yes,Two year,Yes,Electronic check,69.98,596.6,No
3908-WMNYD,Female,0,Yes,No,2,Yes,Yes,Fiber optic,No,No,No,No,Yes,Yes,Month-to-month,Yes,Credit card (automatic),108.72,250.61,Yes
8437-PSBHM,Female,0,No,Yes,52,Yes,No,Fiber optic,No,No,No,No,Yes,Yes,Month-to-month,No,Mailed check,81.23,4132.38,No
4947-TJTVC,Female,0,Yes,Yes,15,Yes,No,Fiber optic,No,No,No,No,No,No,One year,Yes,Credit card (automatic),61.07,970.86,Yes
5954-COXUE,Female,0,Yes,No,56,Yes,No,Fiber optic,No,Yes,No,No,Yes,No,Month-to-month,Yes,Credit card (automatic),76.5,4289.15,No
4005-UGDOL,Male,1,Yes,Yes,2,Yes,Yes,DSL,Yes,Yes,No,Yes,Yes,No,One year,Yes,Credit card (automatic),71.32,154.52,Yes
3965-BFPQD,Male,0,No,No,60,Yes,No,DSL,No,Yes,Yes,Yes,Yes,No,Month-to-month,Yes,Mailed check,59.25,3584.06,No
6322-HXOBY,Male,0,No,Yes,70,Yes,No,Fiber optic,No,No,No,No,No,No,Month-to-month,No,Electronic check,112.68,7909.53,No
6752-GKZMW,Female,0,Yes,No,44,Yes,No,Fiber optic,No,No,No,Yes,No,No,Month-to-month,Yes,Credit card (automatic),64.1,2866.5,No
5053-MKYJW,Male,0,Yes,No,4,Yes,Yes,No,No internet service,No internet service,No internet service,No internet service,No internet service,No internet service,Month-to-month,No,Mailed check,24.83,132.74,Yes
5234-WARSC,Female,0,No,No,64,Yes,Yes,DSL,Yes,No,No,No,Yes,Yes,Month-to-month,No,Electronic check,53.05,3359.01,No
6568-ZUJLA,Female,0,Yes,No,37,Yes,Yes,DSL,No,Yes,Yes,No,No,No,Month-to-month,Yes,Mailed check,64.59,2360.74,No
7080-WCDQP,Female,0,Yes,No,13,Yes,Yes,DSL,Yes,No,No,No,No,Yes,Two year,No,Credit card (automatic),69.99,973.38,No
5296-TYQGD,Male,1,Yes,Yes,0,Yes,Yes,Fiber optic,Yes,No,No,Yes,Yes,No,Month-to-month,No,Electronic check,94.06, ,Yes
9894-ADUYZ,Male,0,Yes,No,6,Yes,No,DSL,No,Yes,Yes,Yes,No,No,Two year,Yes,Bank transfer (automatic),66.64,452.91,No
9249-RLEDG,Male,0,No,Yes,53,Yes,No,Fiber optic,No,No,Yes,No,No,No,One year,No,Mailed check,112.99,5957.47,No
9331-PLQOX,Female,0,No,No,9,Yes,No,Fiber optic,No,Yes,No,No,Yes,No,Month-to-month,Yes,Credit card (automatic),70.77,598.05,Yes
7133-CNSIO,Female,0,Yes,No,0,Yes,Yes,Fiber optic,No,Yes,No,No,No,No,Month-to-month,No,Bank transfer (automatic),82.45, ,Yes
7927-FAKBU,Female,0,No,No,55,Yes,No,Fiber optic,No,No,No,No,No,Yes,Two year,Yes,Mailed check,73.92,4077.76,No
8424-HBFAS,Male,0,Yes,No,7,Yes,No,Fiber optic,No,No,No,No,Yes,No,One year,Yes,Bank transfer (automatic),82.89,623.49,Yes
1482-JTUOX,Male,0,No,No,0,Yes,Yes,No,No internet service,No internet service,No internet service,No internet service,No internet service,No internet service,One year,Yes,Electronic check,28.83, ,No
4903-ZMRIW,Male,1,Yes,Yes,35,Yes,Yes,Fiber optic,No,No,No,Yes,Yes,No,One year,No,Electronic check,95.24,3322.24,Yes
6895-TLEKY,Female,1,Yes,No,24,Yes,No,No,No internet service,No internet service,No internet service,No internet service,No internet service,No internet service,Month-to-month,No,Bank transfer (automatic),36.56,980.01,No
3008-EAIPE,Female,1,No,Yes,1,Yes,No,Fiber optic,No,Yes,Yes,No,No,No,Month-to-month,Yes,Electronic check,70.78,86.82,Yes
9387-KEICK,Male,1,No,No,6,No,No phone service,Fiber optic,No,No,Yes,No,No,No,Month-to-month,No,Electronic check,100.8,621.44,Yes
9560-KGRKB,Female,0,No,No,61,Yes,No,No,No internet service,No internet service,No internet service,No internet service,No internet service,No internet service,One year,Yes,Electronic check,34.87,2000.56,No
5424-WDDYM,Male,0,No,No,58,Yes,No,No,No internet service,No internet service,No internet service,No internet service,No internet service,No internet service,Month-to-month,Yes,Bank transfer (automatic),18.0,1025.41,No
4392-HADHW,Female,1,No,No,18,Yes,No,DSL,No,No,No,No,Yes,No,Month-to-month,No,Electronic check,71.99,1197.47,Yes
5713-PIYPH,Male,1,No,Yes,52,Yes,No,Fiber optic,No,Yes,Yes,No,No,No,Month-to-month,No,Bank transfer (automatic),93.45,4766.57,No
5351-RTGXN,Male,1,Yes,Yes,57,Yes,Yes,DSL,No,No,No,No,No,No,Month-to-month,Yes,Mailed check,38.86,2235.49,No
9755-FLCBS,Female,0,Yes,No,8,Yes,Yes,DSL,No,Yes,Yes,No,Yes,Yes,Month-to-month,Yes,Mailed check,66.1,535.39,Yes
7524-CQDVT,Male,0,No,Yes,44,Yes,No,No,No internet service,No internet service,No internet service,No internet service,No internet service,No internet service,One year,Yes,Electronic check,32.14,1456.47,No
4867-FNHFX,Male,1,No,No,35,Yes,Yes,No,No internet service,No internet service,No internet service,No internet service,No internet service,No internet service,Two year,Yes,Electronic check,26.48,982.0,No
7794-WCVVE,Male,1,No,No,3,Yes,No,Fiber optic,No,No,No,No,No,No,Month-to-month,No,Credit card (automatic),94.99,296.21,Yes
3300-ZIDLJ,Male,0,Yes,No,60,Yes,No,Fiber optic,Yes,Yes,No,Yes,Yes,Yes,One year,Yes,Bank transfer (automatic),107.83,6512.87,No
8103-OBAEF,Female,1,Yes,No,42,Yes,No,Fiber optic,No,No,No,Yes,No,No,One year,Yes,Mailed check,92.95,3903.12,No
2693-BPMNH,Female,0,Yes,No,59,Yes,Yes,No,No internet service,No internet service,No internet service,No internet service,No internet service,No internet service,Two year,Yes,Electronic check,22.32,1391.54,No
3556-VDSYY,Female,1,No,No,70,Yes,Yes,No,No internet service,No internet service,No internet service,No internet service,No internet service,No internet service,Month-to-month,Yes,Mailed check,27.94,1965.39,No
6555-JXWEP,Male,0,Yes,No,6,Yes,Yes,No,No internet service,No internet service,No internet service,No internet service,No internet service,No internet service,Month-to-month,Yes,Electronic check,21.03,175.51,No
9054-KNWBV,Female,1,No,No,63,Yes,Yes,Fiber optic,No,No,No,Yes,No,Yes,One year,No,Mailed check,83.11,5275.37,No
5047-YLJNM,Male,0,Yes,No,12,Yes,No,DSL,Yes,Yes,No,Yes,Yes,Yes,Month-to-month,Yes,Electronic check,73.5,875.1,No
6263-PRXFW,Male,0,Yes,Yes,43,Yes,Yes,DSL,Yes,No,No,No,No,Yes,Two year,Yes,Bank transfer (automatic),61.46,2679.41,No
4395-OULJK,Male,0,No,No,59,No,No phone service,DSL,No,Yes,No,No,No,No,Month-to-month,Yes,Bank transfer (automatic),50.32,2966.75,No
4686-BXOBX,Female,0,Yes,No,2,Yes,Yes,DSL,No,Yes,Yes,No,No,Yes,Month-to-month,No,Credit card (automatic),62.36,173.9,No
6746-LVLUT,Female,0,No,No,71,Yes,No,DSL,Yes,No,No,Yes,No,No,One year,No,Bank transfer (automatic),42.7,3035.81,No
5319-BBLLQ,Female,1,Yes,No,52,Yes,Yes,Fiber optic,No,No,Yes,Yes,No,Yes,Month-to-month,Yes,Credit card (automatic),72.68,3724.7,No
1068-QPAGW,Female,0,No,No,45,Yes,No,No,No internet service,No internet service,No internet service,No internet service,No internet service,No internet service,One year,No,Credit card (automatic),28.6,1292.2,No
2828-FZEGO,Male,1,No,Yes,11,Yes,No,No,No internet service,No internet service,No internet service,No internet service,No internet service,No internet service,Month-to-month,Yes,Credit card (automatic),24.44,275.94,No
4347-GQFFZ,Female,0,No,Yes,60,Yes,No,DSL,Yes,Yes,No,No,Yes,Yes,One year,No,Bank transfer (automatic),48.25,2926.4,No
3911-YBHFD,Female,0,Yes,No,14,Yes,Yes,DSL,No,Yes,No,No,No,No,Month-to-month,Yes,Mailed check,48.35,691.33,No
1070-XUTOU,Male,0,Yes,No,0,Yes,Yes,No,No internet service,No internet service,No internet service,No internet service,No internet service,No internet service,One year,No,Bank transfer (automatic),29.9, ,Yes
6659-RBVXL,Male,0,No,No,0,Yes,Yes,No,No internet service,No internet service,No internet service,No internet service,No internet service,No internet service,Month-to-month,No,Electronic check,18.0, ,Yes
3954-PMWXD,Male,0,No,No,54,Yes,No,No,No internet service,No internet service,No internet service,No internet service,No internet service,No internet service,One year,No,Mailed check,22.55,1223.14,No
8427-OGKAL,Female,0,No,No,69,Yes,No,No,No internet service,No internet service,No internet service,No internet service,No internet service,No internet service,Two year,Yes,Mailed check,22.76,1433.62,No
8287-HJWYN,Male,1,No,No,0,Yes,No,DSL,Yes,No,No,Yes,No,No,Month-to-month,Yes,Mailed check,48.64, ,Yes
2870-CFWST,Female,0,No,No,7,Yes,Yes,No,No internet service,No internet service,No internet service,No internet service,No internet service,No internet service,Month-to-month,Yes,Electronic check,18.0,127.22,No
6275-QHAGO,Male,1,No,Yes,24,Yes,Yes,DSL,No,Yes,Yes,Yes,No,Yes,Month-to-month,Yes,Mailed check,62.69,1536.55,Yes
2509-ILHXA,Female,0,No,No,27,Yes,Yes,DSL,Yes,Yes,No,No,Yes,No,Month-to-month,No,Mailed check,46.87,1283.03,No
1044-NHGPN,Male,0,No,No,4,Yes,No,Fiber optic,No,Yes,No,No,Yes,Yes,Two year,No,Bank transfer (automatic),76.01,311.78,No
2584-GXYJC,Male,0,No,Yes,50,Yes,No,No,No internet service,No internet service,No internet service,No internet service,No internet service,No internet service,Month-to-month,No,Electronic check,28.4,1429.7,No
9720-CMWQF,Male,0,No,No,64,Yes,Yes,Fiber optic,No,No,No,No,Yes,Yes,Month-to-month,Yes,Credit card (automatic),97.3,6180.16,No
1580-STLLV,Male,0,No,Yes,54,Yes,No,DSL,Yes,Yes,No,No,Yes,Yes,Month-to-month,Yes,Electronic check,64.33,3434.91,No
7545-JMMES,Female,0,Yes,No,45,Yes,No,No,No internet service,No internet service,No internet service,No internet service,No internet service,No internet service,Two year,Yes,Electronic check,27.73,1329.62,No
6895-GXYEB,Male,0,Yes,No,1,Yes,No,DSL,Yes,No,Yes,No,Yes,No,Two year,No,Bank transfer (automatic),76.95,63.47,No
6498-YJUWV,Female,0,No,Yes,1,Yes,No,Fiber optic,No,No,No,No,Yes,Yes,One year,Yes,Electronic check,65.35,88.4,Yes
9233-BNREE,Male,0,No,No,22,Yes,No,Fiber optic,No,Yes,Yes,No,No,No,Month-to-month,No,Bank transfer (automatic),87.34,1953.55,No
1348-SAUTD,Male,0,Yes,No,34,Yes,No,DSL,No,No,No,No,No,Yes,Month-to-month,No,Bank transfer (automatic),64.73,2210.31,No
8055-PVJTV,Female,0,No,Yes,8,Yes,No,Fiber optic,Yes,No,No,No,Yes,Yes,Two year,Yes,Electronic check,96.79,782.15,No
4843-BTAOW,Male,1,No,No,10,No,No phone service,DSL,No,No,Yes,Yes,No,No,Two year,No,Mailed check,63.27,631.6,Yes
7688-XSVVV,Female,0,No,No,1,Yes,Yes,Fiber optic,No,Yes,No,No,No,Yes,Two year,Yes,Mailed check,104.18,20.31,No
2922-GTJIQ,Female,0,No,No,11,Yes,No,Fiber optic,No,No,Yes,No,Yes,Yes,One year,Yes,Mailed check,102.68,1172.26,No
8871-PLLKS,Female,0,Yes,No,1,Yes,Yes,DSL,Yes,No,No,No,Yes,Yes,One year,Yes,Mailed check,52.43,41.03,Yes
7390-QLHRJ,Male,0,Yes,Yes,4,Yes,Yes,Fiber optic,No,No,No,No,No,No,Two year,Yes,Mailed check,97.13,391.24,No
8216-RBYNL,Male,0,Yes,No,2,Yes,No,Fiber optic,Yes,No,No,No,No,No,Month-to-month,No,Electronic check,98.9,191.25,Yes
2634-TNXNU,Female,1,No,No,41,Yes,Yes,Fiber optic,No,No,No,Yes,No,Yes,Month-to-month,Yes,Electronic check,109.12,4545.87,Yes
6668-LQPXJ,Male,0,Yes,Yes,8,Yes,No,Fiber optic,No,Yes,Yes,Yes,No,No,Two year,No,Mailed check,70.77,518.55,No
2141-CHWVC,Male,0,No,No,45,Yes,No,No,No internet service,No internet service,No internet service,No internet service,No internet service,No internet service,Month-to-month,No,Bank transfer (automatic),37.65,1677.87,No
3910-PWFKX,Male,0,No,No,60,Yes,Yes,Fiber optic,Yes,No,Yes,No,Yes,No,Month-to-month,Yes,Bank transfer (automatic),91.31,5493.56,No
5397-AWOBI,Female,0,No,No,27,Yes,Yes,Fiber optic,No,No,Yes,No,Yes,Yes,One year,No,Electronic check,87.05,2400.33,Yes
4241-ZJSUF,Female,0,No,No,15,Yes,Yes,DSL,No,No,No,No,No,No,Month-to-month,Yes,Credit card (automatic),69.96,1035.99,No
7297-HMMTF,Female,0,No,No,48,Yes,Yes,Fiber optic,Yes,Yes,No,No,Yes,Yes,Two year,Yes,Electronic check,101.51,4858.14,No
2715-TBETW,Female,1,No,No,0,Yes,Yes,DSL,No,No,No,Yes,No,No,Two year,Yes,Bank transfer (automatic),65.58, ,No
1424-HQPLA,Male,0,Yes,No,7,Yes,No,Fiber optic,No,No,Yes,No,No,No,Month-to-month,Yes,Bank transfer (automatic),93.49,674.96,No
1476-EOEBQ,Female,0,Yes,Yes,5,Yes,No,Fiber optic,Yes,Yes,Yes,No,No,Yes,Month-to-month,No,Credit card (automatic),67.52,378.21,Yes
2807-EDMBO,Male,0,No,No,68,Yes,Yes,No,No internet service,No internet service,No internet service,No internet service,No internet service,No internet service,Month-to-month,Yes,Credit card (automatic),42.32,2844.51,No
9131-WUCCK,Female,0,Yes,Yes,0,Yes,No,DSL,Yes,Yes,No,No,No,No,Month-to-month,No,Electronic check,61.34, ,Yes
6954-VHRBX,Male,0,No,Yes,38,Yes,No,No,No internet service,No internet service,No internet service,No internet service,No internet service,No internet service,Month-to-month,Yes,Mailed check,25.85,977.46,No
7742-DMOQF,Female,0,Yes,Yes,6,Yes,Yes,DSL,No,Yes,No,No,Yes,No,Month-to-month,No,Electronic check,42.35,335.36,Yes
8830-UFGAI,Male,1,No,No,43,No,No phone service,Fiber optic,Yes,Yes,No,No,Yes,No,Month-to-month,Yes,Bank transfer (automatic),89.89,3944.87,Yes
2788-LESLI,Male,0,Yes,No,0,Yes,Yes,DSL,Yes,No,No,Yes,No,No,Two year,Yes,Mailed check,44.9, ,No
6837-KIESZ,Male,1,No,No,43,Yes,No,No,No internet service,No internet service,No internet service,No internet service,No internet service,No internet service,Month-to-month,Yes,Mailed check,24.65,967.92,No
6899-GVXDN,Male,0,Yes,No,24,Yes,Yes,Fiber optic,No,No,Yes,Yes,Yes,Yes,Two year,Yes,Electronic check,71.21,1612.06,No
6671-WTSHD,Male,0,No,No,7,Yes,No,DSL,Yes,Yes,No,No,Yes,No,Two year,Yes,Mailed check,56.5,389.88,Yes
3593-ZMELN,Female,1,Yes,Yes,56,No,No phone service,DSL,Yes,Yes,No,No,Yes,Yes,Month-to-month,No,Electronic check,57.1,3167.07,No
9049-ZGSJR,Male,0,No,Yes,7,Yes,No,Fiber optic,No,Yes,No,No,No,Yes,Month-to-month,Yes,Bank transfer (automatic),93.83,728.64,No
2474-DEROQ,Female,0,Yes,Yes,4,Yes,No,No,No internet service,No internet service,No internet service,No internet service,No internet service,No internet service,Two year,Yes,Electronic check,35.09,201.55,No
1293-MURAN,Male,0,No,No,34,Yes,Yes,Fiber optic,No,No,No,No,Yes,No,One year,No,Bank transfer (automatic),83.92,2945.26,No
7715-NBYQA,Female,0,No,Yes,67,Yes,No,Fiber optic,No,No,No,Yes,No,No,One year,Yes,Credit card (automatic),74.99,5046.76,No
6931-BLBVG,Male,1,No,No,5,Yes,Yes,No,No internet service,No internet service,No internet service,No internet service,No internet service,No internet service,Month-to-month,No,Electronic check,19.59,0.0,No
9685-XDNEL,Female,0,No,No,69,Yes,Yes,Fiber optic,Yes,No,No,No,No,No,Two year,No,Electronic check,98.63,6783.18,No
1445-TSGBR,Female,1,No,No,3,Yes,Yes,DSL,No,No,Yes,Yes,No,No,Month-to-month,Yes,Mailed check,62.79,126.58,Yes
3852-GHKYR,Male,0,No,No,37,No,No phone service,DSL,Yes,Yes,No,Yes,No,No,One year,Yes,Electronic check,72.55,2724.3,No
9800-FPIPN,Female,0,Yes,No,44,No,No phone service,Fiber optic,No,No,No,No,Yes,No,Month-to-month,Yes,Electronic check,73.95,3207.19,No
2488-FKBVZ,Male,0,No,Yes,33,Yes,Yes,No,No internet service,No internet service,No internet service,No internet service,No internet service,No internet service,Two year,No,Electronic check,18.0,616.46,No
8883-FWPTL,Male,0,Yes,No,10,Yes,No,Fiber optic,Yes,No,No,No,No,Yes,One year,Yes,Mailed check,97.04,952.07,No
8358-IFHXE,Female,1,No,Yes,4,Yes,Yes,DSL,Yes,Yes,No,No,No,No,Month-to-month,No,Electronic check,71.56,257.9,No
1806-GOHAF,Female,0,Yes,No,45,Yes,No,Fiber optic,No,Yes,No,No,No,Yes,Month-to-month,Yes,Credit card (automatic),81.53,3774.9,No
1054-ZCEBO,Male,0,Yes,Yes,67,Yes,No,DSL,No,Yes,No,No,Yes,No,Month-to-month,Yes,Mailed check,47.57,3195.77,No
5760-SQSAA,Male,0,No,No,54,Yes,Yes,No,No internet service,No internet service,No internet service,No internet service,No internet service,No internet service,Month-to-month,Yes,Electronic check,24.9,1324.66,No
2555-UFVRS,Female,0,Yes,No,2,Yes,No,DSL,No,No,No,Yes,No,No,Month-to-month,Yes,Mailed check,53.86,84.93,No
1834-GTGAT,Female,1,Yes,No,0,Yes,No,No,No internet service,No internet service,No internet service,No internet service,No internet service,No internet service,Two year,Yes,Mailed check,41.63, ,No
1754-GAJXQ,Female,0,Yes,No,26,Yes,No,Fiber optic,No,Yes,No,No,Yes,No,Two year,Yes,Electronic check,74.03,1984.59,Yes
7291-XKOMK,Female,0,No,Yes,0,Yes,No,Fiber optic,Yes,No,No,Yes,No,No,Month-to-month,Yes,Electronic check,108.93, ,Yes
8514-XPZMS,Female,0,Yes,No,30,Yes,Yes,Fiber optic,Yes,No,No,No,No,Yes,Two year,No,Electronic check,78.32,2330.45,No
2028-SAOPS,Male,0,Yes,No,33,Yes,Yes,No,No internet service,No internet service,No internet service,No internet service,No internet service,No internet service,Month-to-month,No,Mailed check,39.23,1263.7,No
9942-FEOAQ,Female,1,No,Yes,35,Yes,No,Fiber optic,No,No,No,No,No,Yes,One year,Yes,Credit card (automatic),77.64,2759.35,No
5662-RKLTP,Male,0,No,Yes,24,Yes,No,Fiber optic,No,No,No,No,Yes,Yes,Two year,No,Bank transfer (automatic),69.83,1690.61,No
1358-MESCT,Female,0,Yes,Yes,8,Yes,Yes,DSL,No,Yes,No,No,No,No,Two year,Yes,Electronic check,59.57,426.78,No
1823-BUXTS,Male,0,No,Yes,56,No,No phone service,DSL,No,Yes,Yes,No,No,No,Two year,No,Credit card (automatic),61.17,3343.15,No
6585-QCSRN,Female,0,Yes,No,59,Yes,No,Fiber optic,No,No,No,No,No,No,Month-to-month,No,Credit card (automatic),75.3,4380.16,No
9590-RJWLU,Female,1,No,Yes,2,Yes,No,Fiber optic,No,No,No,No,No,No,One year,Yes,Bank transfer (automatic),81.56,140.64,No
5991-QJLGB,Female,0,Yes,No,50,Yes,No,Fiber optic,Yes,Yes,No,No,Yes,Yes,Two year,Yes,Electronic check,101.97,5169.16,No
4096-UHZNV,Female,0,Yes,Yes,5,Yes,No,Fiber optic,Yes,No,No,No,No,No,One year,No,Mailed check,83.11,340.0,Yes
5303-KHTAI,Male,0,Yes,No,60,Yes,No,DSL,Yes,No,No,No,No,No,Month-to-month,Yes,Mailed check,40.91,2466.47,No
1395-TDELH,Female,1,No,Yes,3,Yes,No,DSL,Yes,Yes,No,No,No,No,Month-to-month,Yes,Bank transfer (automatic),61.67,202.82,Yes
9226-MAVTJ,Male,1,Yes,No,64,Yes,Yes,Fiber optic,No,No,No,No,Yes,Yes,Month-to-month,Yes,Mailed check,106.45,6865.1,No
6565-IVSRO,Male,0,No,No,49,Yes,No,DSL,No,Yes,No,Yes,Yes,No,Month-to-month,No,Bank transfer (automatic),68.92,3319.94,No
2440-HHAAI,Male,0,No,No,0,Yes,No,DSL,No,No,Yes,No,Yes,No,One year,No,Electronic check,68.84, ,No
4501-UZVLF,Male,0,No,No,0,Yes,No,Fiber optic,No,No,Yes,No,No,Yes,One year,Yes,Mailed check,86.45, ,No
8057-ZHYOY,Male,0,No,No,42,Yes,No,Fiber optic,Yes,Yes,No,No,Yes,No,One year,No,Credit card (automatic),89.86,3820.19,No
2892-ZORWI,Female,0,Yes,No,4,Yes,No,DSL,No,No,Yes,Yes,Yes,No,Month-to-month,No,Electronic check,60.96,247.76,Yes
6538-EOVOV,Female,0,Yes,No,8,Yes,Yes,DSL,No,No,No,No,No,No,One year,Yes,Credit card (automatic),74.9,611.99,Yes
2186-HZRDL,Female,1,Yes,No,48,Yes,No,DSL,No,Yes,Yes,Yes,No,No,One year,No,Mailed check,55.9,2718.95,No
6195-ZGGTP,Male,0,No,Yes,1,Yes,Yes,No,No internet service,No internet service,No internet service,No internet service,No internet service,No internet service,Month-to-month,Yes,Mailed check,32.18,0.0,Yes
1206-UQFSJ,Male,0,Yes,Yes,27,Yes,No,Fiber optic,Yes,No,No,No,Yes,Yes,Month-to-month,Yes,Bank transfer (automatic),92.13,2460.34,Yes
9594-FAYJL,Male,0,No,Yes,67,Yes,No,DSL,No,Yes,No,No,Yes,No,One year,Yes,Credit card (automatic),72.28,4802.26,No
5304-OWTXK,Female,0,No,No,0,No,No phone service,Fiber optic,Yes,No,No,Yes,Yes,No,One year,No,Electronic check,93.9, ,Yes
3636-FMSEP,Female,0,No,Yes,1,Yes,Yes,Fiber optic,Yes,No,Yes,Yes,Yes,No,Two year,Yes,Mailed check,67.76,0.82,No
8983-ITOYU,Male,0,No,Yes,29,Yes,Yes,Fiber optic,No,No,No,Yes,Yes,No,Two year,No,Credit card (automatic),78.85,2259.56,No
7754-GZFTC,Female,1,Yes,No,51,Yes,No,Fiber optic,No,No,No,No,No,No,Month-to-month,Yes,Mailed check,71.12,3612.72,No
1579-IDELI,Male,0,Yes,No,28,Yes,No,No,No internet service,No internet service,No internet service,No internet service,No internet service,No internet service,Month-to-month,Yes,Electronic check,28.4,799.65,No
5322-WVBUU,Male,1,No,No,18,Yes,No,No,No internet service,No internet service,No internet service,No internet service,No internet service,No internet service,Month-to-month,No,Bank transfer (automatic),21.13,427.06,Yes
9215-KFBXH,Male,0,Yes,No,24,Yes,No,DSL,No,No,No,No,Yes,No,Two year,No,Electronic check,63.43,1641.88,No
9746-WNLYO,Male,0,No,Yes,53,Yes,Yes,Fiber optic,No,No,Yes,No,No,Yes,Month-to-month,No,Credit card (automatic),98.38,5222.86,No
7912-SOOYT,Female,0,No,No,2,Yes,Yes,Fiber optic,No,No,No,No,No,Yes,Month-to-month,Yes,Bank transfer (automatic),83.19,111.18,Yes
9495-KIELT,Female,1,Yes,Yes,2,Yes,No,DSL,No,No,Yes,No,Yes,Yes,Month-to-month,Yes,Electronic check,64.96,148.23,Yes
3950-ORUYU,Male,0,Yes,Yes,33,Yes,No,No,No internet service,No internet service,No internet service,No internet service,No internet service,No internet service,Two year,No,Bank transfer (automatic),30.75,1010.61,No
7862-OFYBK,Female,0,Yes,No,9,Yes,Yes,No,No internet service,No internet service,No internet service,No internet service,No internet service,No internet service,One year,Yes,Credit card (automatic),29.44,285.95,Yes
1311-ROLXE,Female,0,Yes,Yes,6,Yes,No,Fiber optic,No,No,No,No,No,No,Two year,Yes,Electronic check,99.51,603.77,No
7699-GIALA,Female,0,No,No,6,Yes,No,DSL,Yes,No,No,Yes,No,No,Month-to-month,No,Mailed check,45.88,227.61,No
7131-DBJMM,Female,0,No,No,2,Yes,No,DSL,Yes,No,Yes,No,No,No,Two year,Yes,Credit card (automatic),52.97,132.55,No
7406-CABTX,Male,0,Yes,Yes,20,Yes,Yes,DSL,Yes,No,Yes,Yes,Yes,Yes,One year,Yes,Mailed check,41.42,879.99,No
6040-GWGQM,Female,0,No,Yes,9,Yes,No,Fiber optic,No,No,No,No,Yes,Yes,Month-to-month,Yes,Electronic check,74.82,689.42,No
2876-GBPVM,Male,1,Yes,Yes,28,Yes,Yes,DSL,Yes,No,No,Yes,Yes,Yes,Month-to-month,Yes,Credit card (automatic),72.23,2072.12,No
6636-QLEGR,Female,0,No,Yes,1,Yes,Yes,Fiber optic,No,Yes,No,No,No,Yes,Month-to-month,Yes,Mailed check,82.0,88.05,Yes
5318-HPGUA,Male,0,No,No,4,Yes,Yes,No,No internet service,No internet service,No internet service,No internet service,No internet service,No internet service,Month-to-month,No,Electronic check,20.66,31.42,No
8520-GXEEE,Female,0,Yes,No,63,Yes,No,DSL,Yes,Yes,Yes,Yes,No,Yes,Month-to-month,Yes,Electronic check,51.75,3275.99,No
7785-XVGOW,Male,0,No,Yes,45,Yes,No,No,No internet service,No internet service,No internet service,No internet service,No internet service,No internet service,Month-to-month,Yes,Electronic check,20.77,934.7,No
2283-MGEPE,Male,1,No,Yes,1,Yes,No,Fiber optic,No,Yes,Yes,Yes,No,Yes,One year,Yes,Electronic check,80.44,89.72,No
8380-PWBIA,Female,0,Yes,No,26,Yes,Yes,Fiber optic,Yes,No,No,No,No,Yes,Month-to-month,Yes,Electronic check,87.63,2267.13,Yes
2192-THMQB,Female,0,Yes,No,67,Yes,No,DSL,Yes,Yes,No,Yes,Yes,Yes,Month-to-month,Yes,Electronic check,43.28,2888.83,No
7710-QOQYO,Male,1,No,No,71,Yes,Yes,DSL,No,Yes,Yes,Yes,No,No,Month-to-month,Yes,Credit card (automatic),69.69,4973.66,No
9896-XYNJB,Female,0,Yes,Yes,36,Yes,No,Fiber optic,No,No,No,No,Yes,Yes,Month-to-month,Yes,Mailed check,95.85,3501.47,Yes
3032-BFJOY,Female,0,Yes,No,55,Yes,Yes,Fiber optic,No,No,No,No,Yes,Yes,Month-to-month,No,Electronic check,75.58,4077.58,No
7173-VSGNG,Male,0,Yes,Yes,56,Yes,Yes,Fiber optic,No,Yes,No,No,Yes,Yes,Month-to-month,Yes,Credit card (automatic),75.98,4277.17,No
9354-VQOVO,Female,0,No,No,70,Yes,No,DSL,No,No,No,Yes,No,No,One year,Yes,Bank transfer (automatic),69.77,4959.4,Yes
3532-RLIZE,Male,0,Yes,No,47,Yes,Yes,Fiber optic,No,No,Yes,No,Yes,Yes,Two year,No,Credit card (automatic),79.03,3755.85,No
7407-HATVV,Female,0,No,No,15,Yes,Yes,Fiber optic,Yes,No,Yes,No,Yes,No,One year,Yes,Electronic check,91.11,1368.98,Yes
9536-SUURP,Male,0,Yes,Yes,41,Yes,No,Fiber optic,No,Yes,Yes,No,Yes,No,Month-to-month,Yes,Bank transfer (automatic),81.53,3343.88,Yes
7695-UGEVZ,Male,0,Yes,No,55,Yes,Yes,DSL,Yes,No,Yes,No,No,No,One year,No,Electronic check,51.09,2807.03,No
7291-FVMYA,Female,1,No,Yes,3,Yes,Yes,Fiber optic,Yes,No,Yes,No,Yes,Yes,Month-to-month,Yes,Mailed check,66.72,279.95,Yes
7014-TIBPD,Female,0,Yes,No,5,Yes,No,No,No internet service,No internet service,No internet service,No internet service,No internet service,No internet service,One year,No,Electronic check,22.37,107.78,No
1308-YPFNY,Female,0,No,Yes,62,Yes,Yes,No,No internet service,No internet service,No internet service,No internet service,No internet service,No internet service,Two year,No,Electronic check,25.83,1558.85,No
5328-IDFYK,Female,0,Yes,No,65,No,No phone service,No,No internet service,No internet service,No internet service,No internet service,No internet service,No internet service,Two year,No,Electronic check,24.12,1569.15,No
9461-ZBLLM,Female,0,No,Yes,47,Yes,No,DSL,No,Yes,Yes,No,No,No,Month-to-month,No,Electronic check,59.8,2767.22,No
6262-ZWAVG,Female,0,Yes,No,49,Yes,No,Fiber optic,No,No,No,No,Yes,Yes,Month-to-month,No,Electronic check,89.47,4418.91,No
5948-ZYNNV,Female,0,No,No,3,Yes,Yes,Fiber optic,No,No,No,No,No,Yes,One year,No,Electronic check,108.19,278.9,Yes
1621-HBHJT,Male,1,Yes,No,49,Yes,Yes,Fiber optic,Yes,No,No,No,No,Yes,One year,No,Electronic check,88.33,4425.67,No
8499-JZBNO,Male,0,No,Yes,29,Yes,No,DSL,No,Yes,No,Yes,Yes,Yes,Month-to-month,Yes,Mailed check,59.65,1775.42,No
8548-PHFST,Male,0,Yes,No,17,Yes,Yes,Fiber optic,Yes,No,Yes,No,No,No,Two year,Yes,Electronic check,66.69,1074.46,No
4349-LEGLV,Female,0,Yes,Yes,1,Yes,Yes,No,No internet service,No internet service,No internet service,No internet service,No internet service,No internet service,Two year,Yes,Mailed check,33.46,35.01,No
7122-KKAGL,Male,0,No,No,71,Yes,Yes,Fiber optic,No,No,Yes,No,No,No,Month-to-month,Yes,Electronic check,83.93,5891.44,No
1988-VDTMT,Male,0,Yes,Yes,27,Yes,No,Fiber optic,Yes,No,No,No,Yes,No,Two year,Yes,Electronic check,77.39,2072.43,No
2493-PCUBG,Female,0,Yes,Yes,39,Yes,No,Fiber optic,Yes,Yes,Yes,Yes,No,Yes,One year,No,Bank transfer (automatic),71.57,2864.29,No
4792-OSECK,Male,0,No,Yes,48,Yes,Yes,Fiber optic,No,Yes,Yes,No,Yes,No,One year,No,Bank transfer (automatic),82.47,3882.6,No
6014-ONAKF,Male,0,No,Yes,64,Yes,Yes,DSL,Yes,No,No,No,No,Yes,Month-to-month,Yes,Mailed check,80.76,5109.52,No
7769-ZMOCX,Female,0,No,Yes,21,Yes,No,DSL,No,No,Yes,No,Yes,No,One year,Yes,Credit card (automatic),49.96,1032.92,No
9846-JDIKL,Female,0,No,No,0,Yes,Yes,Fiber optic,Yes,Yes,No,No,No,Yes,Two year,Yes,Bank transfer (automatic),96.6, ,Yes
4648-GVPCR,Male,0,Yes,Yes,50,Yes,Yes,No,No internet service,No internet service,No internet service,No internet service,No internet service,No internet service,Month-to-month,Yes,Bank transfer (automatic),26.25,1306.14,No
6366-WTPET,Male,0,Yes,No,38,Yes,Yes,No,No internet service,No internet service,No internet service,No internet service,No internet service,No internet service,Two year,Yes,Credit card (automatic),25.64,910.58,No
4384-SJYXC,Male,0,No,No,50,Yes,Yes,No,No internet service,No internet service,No internet service,No internet service,No internet service,No internet service,One year,No,Credit card (automatic),30.57,1405.85,No
1992-RWVSZ,Female,0,Yes,No,14,Yes,Yes,Fiber optic,No,Yes,Yes,No,No,Yes,Month-to-month,Yes,Mailed check,67.73,1002.62,Yes
8904-ORPQH,Female,0,Yes,No,49,Yes,No,Fiber optic,Yes,No,Yes,No,No,No,Two year,Yes,Electronic check,76.89,3778.16,No
9600-MKETI,Male,0,Yes,No,53,Yes,Yes,No,No internet service,No internet service,No internet service,No internet service,No internet service,No internet service,One year,Yes,Electronic check,29.01,1471.39,No
2016-DKDJH,Female,0,Yes,No,2,Yes,Yes,DSL,Yes,Yes,Yes,No,Yes,Yes,Month-to-month,Yes,Credit card (automatic),53.92,94.55,No
3563-VIPZJ,Male,0,Yes,No,55,Yes,No,Fiber optic,Yes,No,No,No,Yes,Yes,Month-to-month,Yes,Electronic check,84.67,4634.67,No
5569-FMFVV,Male,0,Yes,No,70,Yes,No,Fiber optic,No,No,Yes,No,No,Yes,Two year,Yes,Bank transfer (automatic),67.17,4635.35,No
5740-EMQNL,Female,0,No,Yes,5,Yes,No,No,No internet service,No internet service,No internet service,No internet service,No internet service,No internet service,Two year,Yes,Bank transfer (automatic),31.3,120.08,No
9939-FKIQU,Male,0,No,No,62,Yes,Yes,Fiber optic,No,No,No,No,Yes,No,Month-to-month,No,Electronic check,106.35,6505.4,No
4234-DKBVB,Male,1,No,Yes,50,Yes,Yes,No,No internet service,No internet service,No internet service,No internet service,No internet service,No internet service,Month-to-month,Yes,Electronic check,28.87,1418.98,No
7031-KARYZ,Male,0,Yes,No,2,Yes,No,DSL,No,Yes,No,Yes,No,Yes,Month-to-month,No,Mailed check,59.32,108.1,No
5842-FFZKC,Female,1,Yes,No,39,Yes,No,DSL,Yes,Yes,No,No,Yes,No,Month-to-month,Yes,Bank transfer (automatic),60.51,2251.01,No
4455-DGTAX,Female,1,No,Yes,8,Yes,Yes,Fiber optic,No,Yes,No,No,Yes,No,One year,Yes,Credit card (automatic),80.06,615.44,Yes
1083-VGCSF,Female,0,Yes,Yes,0,Yes,No,DSL,No,Yes,Yes,Yes,Yes,No,Month-to-month,Yes,Electronic check,62.85, ,Yes
1301-JWBCC,Male,0,Yes,No,6,Yes,No,No,No internet service,No internet service,No internet service,No internet service,No internet service,No internet service,Month-to-month,Yes,Electronic check,26.64,58.8,No
4802-VIFKM,Male,0,No,Yes,27,Yes,Yes,Fiber optic,Yes,Yes,Yes,No,Yes,No,Month-to-month,Yes,Credit card (automatic),80.69,2243.72,No
4842-SOKPK,Female,0,No,Yes,9,Yes,No,Fiber optic,Yes,No,No,No,No,No,Month-to-month,Yes,Mailed check,67.25,652.66,No
7039-KRVHT,Male,0,Yes,No,54,Yes,No,DSL,No,No,No,No,No,No,Month-to-month,No,Electronic check,51.37,2827.4,No
5243-ZAZUF,Female,0,No,No,6,Yes,Yes,No,No internet service,No internet service,No internet service,No internet service,No internet service,No internet service,One year,Yes,Electronic check,19.5,56.23,No
6328-SENGV,Female,0,No,No,33,Yes,No,No,No internet service,No internet service,No internet service,No internet service,No internet service,No internet service,Month-to-month,No,Mailed check,18.0,654.73,No
5645-NRMTV,Male,0,No,No,55,No,No phone service,No,No internet service,No internet service,No internet service,No internet service,No internet service,No internet service,Month-to-month,Yes,Electronic check,35.02,1895.96,No
2889-TEJIW,Female,0,Yes,No,2,Yes,No,Fiber optic,No,No,Yes,No,Yes,Yes,Two year,No,Mailed check,66.49,199.87,No
4852-KJFAP,Male,0,No,No,9,No,No phone service,Fiber optic,Yes,No,No,Yes,No,No,Two year,No,Credit card (automatic),108.98,971.2,Yes
9360-GRBVF,Male,1,No,No,11,Yes,No,Fiber optic,No,No,Yes,No,Yes,Yes,Month-to-month,No,Electronic check,88.42,930.29,Yes
7998-KKZSK,Female,0,Yes,No,2,Yes,No,DSL,No,Yes,No,No,No,No,One year,Yes,Bank transfer (automatic),51.07,60.72,Yes
2298-MLETW,Male,0,No,No,4,Yes,Yes,No,No internet service,No internet service,No internet service,No internet service,No internet service,No internet service,Month-to-month,Yes,Electronic check,26.39,168.45,No
9367-GTRMH,Female,1,No,No,42,Yes,Yes,DSL,No,No,No,No,Yes,Yes,Two year,No,Electronic check,48.51,2079.69,No
1233-YHELJ,Female,0,Yes,Yes,5,Yes,No,DSL,Yes,Yes,No,Yes,No,No,One year,Yes,Credit card (automatic),43.46,152.74,No
5766-QHDNE,Female,0,Yes,Yes,6,Yes,Yes,No,No internet service,No internet service,No internet service,No internet service,No internet service,No internet service,One year,Yes,Electronic check,21.21,115.9,No
9094-JRCRE,Female,0,Yes,Yes,49,Yes,No,Fiber optic,No,No,No,No,No,No,One year,Yes,Credit card (automatic),76.55,3686.44,No
1413-CZNAW,Female,0,No,No,43,Yes,Yes,Fiber optic,No,No,No,Yes,No,Yes,One year,No,Mailed check,83.99,3631.55,No
4880-YXXBZ,Male,1,Yes,No,38,Yes,No,DSL,Yes,Yes,Yes,No,Yes,No,Month-to-month,Yes,Electronic check,39.84,1461.95,No
1413-YNQMJ,Female,0,No,No,54,Yes,No,No,No internet service,No internet service,No internet service,No internet service,No internet service,No internet service,Month-to-month,Yes,Credit card (automatic),32.32,1725.07,No
1903-XZULB,Female,0,Yes,No,46,Yes,Yes,Fiber optic,No,Yes,No,No,No,Yes,Month-to-month,Yes,Electronic check,92.05,4219.19,Yes
2088-XBTBR,Male,0,No,No,61,Yes,Yes,Fiber optic,No,No,Yes,Yes,Yes,Yes,Month-to-month,Yes,Bank transfer (automatic),106.56,6574.21,No
5997-ICQQD,Male,0,No,No,14,Yes,Yes,DSL,Yes,No,Yes,No,No,Yes,Month-to-month,Yes,Mailed check,68.02,878.42,No
6156-GGYYZ,Male,0,No,No,44,Yes,No,Fiber optic,Yes,Yes,Yes,Yes,Yes,Yes,Month-to-month,Yes,Mailed check,88.5,3869.81,Yes
3342-YPKRN,Male,0,No,Yes,20,Yes,No,Fiber optic,No,No,Yes,No,Yes,Yes,Month-to-month,No,Electronic check,89.78,1831.15,No
3355-VBOVX,Female,0,Yes,No,25,Yes,No,DSL,Yes,Yes,No,No,No,No,One year,Yes,Credit card (automatic),57.92,1484.15,No
6457-XHITL,Male,0,Yes,No,57,Yes,Yes,Fiber optic,Yes,No,Yes,Yes,Yes,Yes,Month-to-month,Yes,Electronic check,86.73,4898.88,Yes
8788-SUFGA,Female,0,No,Yes,44,Yes,No,No,No internet service,No internet service,No internet service,No internet service,No internet service,No internet service,Month-to-month,Yes,Electronic check,30.84,1379.13,No
7442-RIIHG,Female,1,Yes,Yes,3,Yes,Yes,DSL,No,Yes,No,No,No,No,One year,No,Bank transfer (automatic),72.81,272.3,No
2294-VNSBL,Female,0,No,Yes,29,Yes,No,DSL,No,Yes,Yes,Yes,No,Yes,Month-to-month,No,Credit card (automatic),59.66,1764.42,No
4658-WNRCJ,Male,0,No,Yes,55,No,No phone service,No,No internet service,No internet service,No internet service,No internet service,No internet service,No internet service,Month-to-month,Yes,Bank transfer (automatic),18.86,1001.18,No
3935-HVJXP,Male,0,No,Yes,3,Yes,No,Fiber optic,No,No,No,No,No,No,Month-to-month,No,Bank transfer (automatic),77.93,212.82,No
3200-WRYIC,Female,0,Yes,No,2,Yes,Yes,Fiber optic,Yes,Yes,Yes,No,No,No,Two year,Yes,Credit card (automatic),98.18,132.29,No
6318-YBFBY,Female,0,No,No,39,Yes,No,Fiber optic,No,No,No,No,No,No,Two year,No,Bank transfer (automatic),64.45,2490.07,No
6095-MCLXC,Male,1,Yes,No,3,Yes,No,DSL,Yes,Yes,No,Yes,Yes,No,Month-to-month,No,Electronic check,66.57,184.83,No
4861-UOVLI,Female,0,No,Yes,2,Yes,No,Fiber optic,No,Yes,No,Yes,Yes,No,Month-to-month,No,Bank transfer (automatic),65.87,121.96,No
5890-RKOSB,Male,1,No,No,35,Yes,No,No,No internet service,No internet service,No internet service,No internet service,No internet service,No internet service,Month-to-month,Yes,Credit card (automatic),25.19,894.27,No
3068-UYQIK,Female,1,No,No,25,No,No phone service,Fiber optic,No,No,Yes,No,No,No,Month-to-month,No,Electronic check,78.62,1963.89,Yes
5237-YRXTW,Male,0,No,No,9,Yes,Yes,No,No internet service,No internet service,No internet service,No internet service,No internet service,No internet service,Month-to-month,Yes,Electronic check,30.0,250.25,No
3517-OTUEA,Male,0,Yes,No,49,No,No phone service,Fiber optic,Yes,Yes,No,No,No,Yes,Month-to-month,No,Electronic check,97.25,4674.22,No
9326-ZNGOJ,Female,0,No,No,45,Yes,Yes,DSL,Yes,No,No,No,No,No,Month-to-month,No,Electronic check,55.56,2491.68,No
9151-NQESK,Male,0,No,No,46,Yes,Yes,DSL,Yes,No,Yes,Yes,No,Yes,Month-to-month,Yes,Mailed check,43.56,2056.98,No
3372-JIHJU,Male,0,Yes,No,56,Yes,Yes,DSL,No,Yes,No,No,Yes,No,Month-to-month,Yes,Bank transfer (automatic),64.02,3622.39,No
8059-NJMSU,Male,0,No,No,64,Yes,No,No,No internet service,No internet service,No internet service,No internet service,No internet service,No internet service,Two year,Yes,Credit card (automatic),35.87,2216.96,No
7951-GXKUT,Male,1,No,Yes,42,Yes,No,No,No internet service,No internet service,No internet service,No internet service,No internet service,No internet service,Month-to-month,Yes,Electronic check,18.0,739.87,Yes
9530-YTFEW,Female,0,No,Yes,18,Yes,Yes,DSL,No,Yes,Yes,No,Yes,No,Two year,Yes,Electronic check,70.58,1255.55,No
9851-JQVLI,Male,0,No,No,2,Yes,No,Fiber optic,Yes,Yes,Yes,No,No,No,Two year,Yes,Credit card (automatic),86.78,186.43,No
4286-GWEQK,Female,0,Yes,Yes,15,Yes,No,No,No internet service,No internet service,No internet service,No internet service,No internet service,No internet service,Two year,Yes,Credit card (automatic),25.83,368.21,No
5031-CKNUH,Female,0,No,No,24,Yes,No,Fiber optic,Yes,No,No,No,Yes,No,Two year,No,Electronic check,76.86,1930.18,No
6033-FCLYF,Male,0,Yes,Yes,24,Yes,No,No,No internet service,No internet service,No internet service,No internet service,No internet service,No internet service,Month-to-month,Yes,Credit card (automatic),22.33,527.93,No
7790-GEDXF,Male,0,No,No,29,Yes,No,DSL,No,No,No,No,No,Yes,Two year,Yes,Mailed check,50.42,1364.19,No
4228-IXJNB,Female,0,Yes,Yes,2,No,No phone service,DSL,No,No,Yes,Yes,No,No,Month-to-month,No,Electronic check,37.13,109.27,Yes
5666-TSNIE,Female,1,No,No,24,Yes,No,DSL,Yes,Yes,Yes,Yes,Yes,No,Month-to-month,Yes,Bank transfer (automatic),66.17,1609.24,Yes
6372-ZNJAC,Female,0,Yes,No,37,No,No phone service,Fiber optic,No,No,No,No,Yes,No,Month-to-month,No,Electronic check,84.76,3100.79,No
3474-LIDOE,Female,1,Yes,No,2,Yes,Yes,No,No internet service,No internet service,No internet service,No internet service,No internet service,No internet service,Month-to-month,Yes,Electronic check,21.86,38.47,No
6547-CPNNV,Male,0,Yes,Yes,46,Yes,No,Fiber optic,Yes,No,Yes,Yes,Yes,Yes,One year,No,Bank transfer (automatic),92.72,4282.6,No
7694-YXHDF,Male,0,No,No,35,Yes,Yes,Fiber optic,No,Yes,No,No,Yes,Yes,Two year,Yes,Electronic check,58.62,1992.18,No
7881-EFQNE,Female,0,Yes,No,54,No,No phone service,Fiber optic,Yes,No,No,No,No,Yes,Two year,Yes,Bank transfer (automatic),94.74,5141.92,No
3775-ZXPNS,Male,0,Yes,Yes,2,Yes,Yes,No,No internet service,No internet service,No internet service,No internet service,No internet service,No internet service,Month-to-month,No,Electronic check,31.59,44.59,No
5342-NIITG,Female,1,Yes,Yes,4,No,No phone service,Fiber optic,No,Yes,Yes,No,Yes,No,Month-to-month,Yes,Mailed check,104.73,363.75,Yes
1624-GOMYG,Male,0,Yes,No,36,Yes,Yes,Fiber optic,Yes,No,No,No,Yes,No,Month-to-month,Yes,Mailed check,60.96,2199.82,No
2353-REEXZ,Female,0,No,No,51,Yes,Yes,DSL,No,No,Yes,No,No,No,Month-to-month,No,Credit card (automatic),72.31,3640.36,No
4580-ULJDA,Male,0,No,No,53,Yes,Yes,Fiber optic,No,No,No,No,No,Yes,Month-to-month,Yes,Credit card (automatic),99.38,5335.72,No
5238-RXADL,Male,0,Yes,Yes,2,Yes,No,DSL,Yes,No,No,No,Yes,Yes,Two year,No,Bank transfer (automatic),46.86,107.39,No
9789-PRXJL,Male,0,Yes,No,4,Yes,Yes,Fiber optic,No,Yes,No,Yes,No,Yes,Month-to-month,Yes,Electronic check,73.1,330.71,No
6298-DWLGB,Male,0,Yes,No,4,Yes,No,Fiber optic,Yes,Yes,No,No,Yes,Yes,Two year,Yes,Electronic check,91.89,225.82,No
7551-UHFRA,Female,1,Yes,No,47,Yes,No,Fiber optic,Yes,No,No,No,No,No,One year,Yes,Mailed check,67.07,3151.49,No
2406-HHWFB,Male,0,Yes,No,14,Yes,No,DSL,No,Yes,No,Yes,Yes,No,Month-to-month,No,Bank transfer (automatic),60.49,911.02,No
2386-EDRUF,Male,0,Yes,No,4,Yes,Yes,Fiber optic,No,No,Yes,No,No,Yes,Two year,Yes,Electronic check,86.43,282.28,No
1191-CBSKG,Male,0,Yes,No,31,Yes,No,Fiber optic,No,Yes,No,Yes,Yes,No,Two year,Yes,Bank transfer (automatic),68.11,2165.23,No
5351-ECJMB,Male,0,Yes,No,10,Yes,Yes,DSL,Yes,No,Yes,No,No,No,Two year,No,Electronic check,67.68,639.67,No
9065-QOGNV,Female,1,No,No,24,Yes,No,DSL,No,No,No,No,No,Yes,Month-to-month,No,Credit card (automatic),53.9,1282.6,No
5727-YYVJL,Male,0,Yes,Yes,13,Yes,Yes,Fiber optic,Yes,No,No,Yes,No,Yes,Two year,No,Electronic check,68.76,848.47,No
1429-JPUCU,Female,0,No,No,38,Yes,Yes,DSL,No,Yes,No,Yes,No,No,Month-to-month,Yes,Mailed check,44.14,1702.86,No
9107-RZOOF,Male,0,No,No,47,Yes,Yes,Fiber optic,No,No,No,No,Yes,Yes,Month-to-month,No,Electronic check,94.25,4442.43,No
7414-GZKNN,Female,1,No,Yes,50,Yes,No,Fiber optic,Yes,No,No,Yes,No,Yes,Two year,Yes,Credit card (automatic),64.56,3257.63,No
7650-PCBCF,Male,0,Yes,No,27,No,No phone service,No,No internet service,No internet service,No internet service,No internet service,No internet service,No internet service,Month-to-month,Yes,Bank transfer (automatic),27.93,689.07,No
9970-BCLKI,Male,1,No,No,58,Yes,Yes,Fiber optic,No,No,No,Yes,No,No,Month-to-month,No,Mailed check,81.23,4757.81,No
6068-YBWNL,Female,0,No,Yes,2,Yes,Yes,No,No internet service,No internet service,No internet service,No internet service,No internet service,No internet service,Month-to-month,Yes,Electronic check,24.53,0.0,No
1921-NRBET,Female,1,No,No,15,Yes,No,No,No internet service,No internet service,No internet service,No internet service,No internet service,No internet service,Two year,No,Electronic check,29.32,471.46,No
8332-LBCBT,Female,0,No,Yes,38,Yes,Yes,Fiber optic,Yes,Yes,No,Yes,Yes,No,Month-to-month,No,Bank transfer (automatic),109.93,4233.55,No
3614-JAUVD,Male,0,Yes,No,70,Yes,No,DSL,Yes,Yes,No,Yes,Yes,No,Two year,No,Electronic check,67.02,4662.76,No
3636-GUEHM,Male,0,No,No,70,No,No phone service,DSL,Yes,No,Yes,No,Yes,No,One year,Yes,Electronic check,52.47,3680.83,No
8020-XBYKS,Female,0,No,No,47,Yes,No,Fiber optic,Yes,Yes,No,No,No,No,Two year,No,Bank transfer (automatic),87.11,4080.89,No
1597-DEKUI,Male,1,Yes,No,50,No,No phone service,DSL,No,No,No,Yes,No,No,Month-to-month,No,Credit card (automatic),55.58,2652.99,No
8065-WDVHW,Female,1,Yes,No,34,Yes,No,DSL,No,Yes,Yes,No,No,No,Two year,No,Electronic check,52.92,1840.39,No
2810-HKQUY,Female,0,No,No,2,Yes,No,DSL,Yes,No,Yes,Yes,No,No,Month-to-month,No,Bank transfer (automatic),57.75,94.39,No
5245-VBQDL,Female,1,Yes,No,71,Yes,No,DSL,No,No,No,Yes,Yes,Yes,Two year,No,Bank transfer (automatic),50.53,3578.62,No
5693-KSXNV,Female,0,No,No,62,Yes,No,DSL,Yes,No,Yes,No,No,Yes,Month-to-month,No,Bank transfer (automatic),68.97,4329.06,No
5824-NDXIE,Female,0,Yes,No,14,Yes,No,No,No internet service,No internet service,No internet service,No internet service,No internet service,No internet service,Two year,No,Mailed check,31.78,434.39,No
1731-AQZFB,Male,0,No,No,11,Yes,No,DSL,Yes,No,Yes,No,No,No,Two year,Yes,Electronic check,73.1,810.15,No
2566-HVFCA,Male,0,Yes,No,19,Yes,No,DSL,Yes,No,No,Yes,Yes,No,Month-to-month,Yes,Mailed check,63.69,1312.72,Yes
3785-LSIGS,Female,0,No,No,3,Yes,Yes,No,No internet service,No internet service,No internet service,No internet service,No internet service,No internet service,Month-to-month,Yes,Electronic check,18.0,91.91,No
7768-RHKZI,Male,0,No,No,8,Yes,Yes,No,No internet service,No internet service,No internet service,No internet service,No internet service,No internet service,Month-to-month,Yes,Electronic check,18.0,171.99,No
1263-ZSCRR,Male,0,No,No,15,No,No phone service,No,No internet service,No internet service,No internet service,No internet service,No internet service,No internet service,Two year,Yes,Credit card (automatic),35.78,531.49,No
9038-BRMYM,Male,0,Yes,Yes,32,Yes,Yes,No,No internet service,No internet service,No internet service,No internet service,No internet service,No internet service,Month-to-month,Yes,Mailed check,22.01,736.28,No
9157-YYTEE,Female,0,Yes,No,70,Yes,No,Fiber optic,No,No,No,Yes,No,Yes,Month-to-month,No,Electronic check,106.85,7532.18,No
2852-TOBUD,Female,0,Yes,Yes,12,No,No phone service,DSL,No,No,Yes,No,No,No,Two year,No,Credit card (automatic),52.32,627.18,No
8088-CCRCM,Female,0,Yes,No,4,Yes,Yes,No,No internet service,No internet service,No internet service,No internet service,No internet service,No internet service,Month-to-month,Yes,Electronic check,31.63,65.34,Yes
2246-PWVDE,Male,0,No,Yes,28,Yes,No,Fiber optic,Yes,No,Yes,No,Yes,Yes,One year,Yes,Credit card (automatic),63.91,1811.33,No
3565-PYGUC,Male,0,Yes,No,52,Yes,No,DSL,Yes,No,Yes,Yes,No,Yes,One year,No,Electronic check,76.3,4010.88,No
8845-AUFKT,Female,0,Yes,Yes,5,Yes,No,Fiber optic,No,Yes,Yes,No,Yes,Yes,Month-to-month,No,Electronic check,93.64,447.84,Yes
9868-BJPNQ,Male,0,No,No,69,Yes,No,DSL,Yes,Yes,No,No,No,No,Month-to-month,Yes,Credit card (automatic),49.24,3382.49,No
7594-KKNUR,Female,0,Yes,No,5,Yes,No,DSL,No,No,No,No,Yes,No,Month-to-month,Yes,Electronic check,46.88,194.68,Yes
3569-SVKJT,Female,0,Yes,No,24,No,No phone service,Fiber optic,Yes,No,No,No,No,Yes,Month-to-month,No,Credit card (automatic),72.74,1788.47,No
3720-TSBQM,Male,0,No,No,2,Yes,No,DSL,No,No,Yes,Yes,No,Yes,Month-to-month,Yes,Electronic check,71.38,125.06,Yes
3749-RDHGJ,Male,1,Yes,No,32,Yes,Yes,DSL,No,No,Yes,No,Yes,No,Month-to-month,No,Credit card (automatic),81.81,2597.03,No
9093-SQVTS,Male,0,No,Yes,29,Yes,No,Fiber optic,Yes,No,Yes,Yes,No,No,Month-to-month,No,Electronic check,106.1,3060.59,No
6795-QMYZQ,Female,1,No,No,26,Yes,No,DSL,Yes,No,Yes,No,No,No,One year,Yes,Credit card (automatic),47.61,1271.34,No
6454-RRSZG,Female,1,Yes,No,61,Yes,No,No,No internet service,No internet service,No internet service,No internet service,No internet service,No internet service,Two year,No,Credit card (automatic),18.0,1138.4,No
5105-PZGQK,Male,0,No,No,0,Yes,Yes,DSL,Yes,No,No,Yes,No,Yes,Month-to-month,No,Electronic check,43.68, ,No
1073-NGVWQ,Female,0,No,No,7,Yes,No,Fiber optic,No,No,Yes,Yes,Yes,No,One year,Yes,Bank transfer (automatic),74.59,517.42,No
5109-SUWLH,Male,0,Yes,No,9,Yes,Yes,No,No internet service,No internet service,No internet service,No internet service,No internet service,No internet service,Month-to-month,No,Bank transfer (automatic),31.51,254.72,Yes
3194-STCFY,Male,0,No,No,50,Yes,Yes,DSL,Yes,Yes,No,No,No,No,Month-to-month,No,Electronic check,67.79,3396.78,No
7410-AYKIE,Female,0,Yes,No,60,Yes,No,No,No internet service,No internet service,No internet service,No internet service,No internet service,No internet service,Two year,Yes,Bank transfer (automatic),26.07,1559.56,No
5910-XQEYN,Male,1,No,No,2,Yes,Yes,No,No internet service,No internet service,No internet service,No internet service,No internet service,No internet service,Month-to-month,No,Credit card (automatic),37.07,117.48,Yes
9860-FZWXU,Male,0,No,No,61,Yes,No,DSL,No,No,No,Yes,Yes,No,Month-to-month,Yes,Electronic check,53.36,3293.3,No
1868-EEXYF,Female,0,Yes,No,10,Yes,No,Fiber optic,No,No,Yes,No,Yes,Yes,One year,Yes,Electronic check,73.47,768.04,No
6424-ZGDXM,Male,0,Yes,No,11,Yes,Yes,DSL,Yes,No,Yes,No,No,Yes,Month-to-month,Yes,Credit card (automatic),59.12,741.2,Yes
9305-MLUJZ,Female,0,Yes,Yes,8,Yes,No,No,No internet service,No internet service,No internet service,No internet service,No internet service,No internet service,Month-to-month,No,Bank transfer (automatic),31.65,371.19,No
2168-YKLDM,Male,0,No,No,37,Yes,No,No,No internet service,No internet service,No internet service,No internet service,No internet service,No internet service,One year,No,Mailed check,29.18,1100.8,No
6010-FXLOT,Male,1,No,No,12,Yes,No,Fiber optic,Yes,No,No,No,Yes,No,Two year,Yes,Bank transfer (automatic),85.66,1047.44,No
9745-YIXGQ,Male,0,Yes,Yes,5,Yes,No,No,No internet service,No internet service,No internet service,No internet service,No internet service,No internet service,One year,Yes,Mailed check,22.69,152.5,No
6311-KLYWM,Male,0,Yes,No,6,Yes,No,DSL,Yes,Yes,No,Yes,No,Yes,Month-to-month,No,Credit card (automatic),51.41,393.97,Yes
5188-TZYWB,Male,0,No,Yes,69,Yes,Yes,Fiber optic,No,No,No,No,No,No,Two year,Yes,Credit card (automatic),98.31,6758.03,No
7659-FNEAY,Male,0,Yes,No,3,No,No phone service,DSL,No,No,No,Yes,No,No,Two year,Yes,Mailed check,37.04,84.87,No
3436-KWKAN,Female,0,Yes,No,40,Yes,Yes,DSL,Yes,No,No,No,No,No,One year,No,Electronic check,53.59,2122.87,Yes
3874-RKDIV,Male,0,Yes,Yes,61,No,No phone service,Fiber optic,No,No,Yes,No,No,No,Month-to-month,Yes,Electronic check,91.85,5666.55,No
9702-WVKOO,Male,0,No,Yes,41,Yes,Yes,Fiber optic,No,No,Yes,No,No,No,Month-to-month,Yes,Electronic check,73.37,3087.09,No
4705-RLCBZ,Male,0,Yes,No,24,Yes,Yes,DSL,No,Yes,Yes,Yes,Yes,Yes,One year,Yes,Bank transfer (automatic),58.27,1371.76,No
8121-CCPSF,Male,1,No,Yes,12,Yes,No,Fiber optic,No,No,Yes,No,Yes,No,One year,Yes,Electronic check,69.32,840.39,Yes
2183-OXHTP,Male,0,No,Yes,24,Yes,No,No,No internet service,No internet service,No internet service,No internet service,No internet service,No internet service,One year,No,Electronic check,35.54,946.87,No
4690-CNLBX,Female,0,Yes,No,40,Yes,Yes,No,No internet service,No internet service,No internet service,No internet service,No internet service,No internet service,Month-to-month,Yes,Bank transfer (automatic),22.11,903.48,No
2106-SLYVN,Male,0,No,No,25,Yes,No,Fiber optic,No,No,Yes,No,No,No,Two year,No,Credit card (automatic),84.0,2103.81,No
6660-ODWNQ,Female,1,Yes,No,12,No,No phone service,Fiber optic,Yes,No,No,No,Yes,Yes,Two year,Yes,Credit card (automatic),73.11,936.07,No
8675-LTEMJ,Female,0,Yes,No,0,Yes,No,No,No internet service,No internet service,No internet service,No internet service,No internet service,No internet service,Month-to-month,No,Electronic check,28.32, ,No
2540-PCOKE,Male,0,No,No,7,Yes,Yes,Fiber optic,No,No,No,No,No,Yes,Month-to-month,Yes,Bank transfer (automatic),96.33,790.78,Yes
2432-XPOQM,Male,0,Yes,No,54,Yes,Yes,Fiber optic,Yes,No,No,No,No,Yes,Two year,No,Credit card (automatic),98.91,5427.39,No
9321-IVZHL,Male,0,No,Yes,4,Yes,Yes,DSL,No,No,No,No,Yes,No,Month-to-month,No,Electronic check,67.38,182.36,Yes
7358-JWZFV,Female,0,No,No,42,Yes,Yes,No,No internet service,No internet service,No internet service,No internet service,No internet service,No internet service,Month-to-month,Yes,Bank transfer (automatic),32.57,1324.48,No
5140-MFMUF,Male,0,Yes,No,3,Yes,No,Fiber optic,Yes,No,No,No,No,No,Month-to-month,No,Credit card (automatic),102.54,295.2,No
9456-XCGMC,Female,0,No,No,5,Yes,Yes,DSL,Yes,Yes,No,Yes,Yes,No,Month-to-month,Yes,Electronic check,52.64,227.15,Yes
8631-NCBTU,Female,0,No,Yes,50,Yes,Yes,No,No internet service,No internet service,No internet service,No internet service,No internet service,No internet service,Month-to-month,Yes,Electronic check,21.35,1002.42,No
4170-TCOXB,Female,0,Yes,No,54,Yes,No,Fiber optic,No,Yes,No,No,No,Yes,Month-to-month,Yes,Electronic check,100.08,5346.59,No
8543-OZMXV,Female,0,No,No,2,Yes,No,No,No internet service,No internet service,No internet service,No internet service,No internet service,No internet service,Two year,Yes,Electronic check,24.13,30.0,No
2504-QKZKA,Female,0,No,Yes,37,Yes,No,DSL,No,No,No,No,No,No,One year,No,Credit card (automatic),35.8,1299.9,No
3500-CTWWJ,Male,0,Yes,No,2,Yes,Yes,No,No internet service,No internet service,No internet service,No internet service,No internet service,No internet service,Month-to-month,Yes,Electronic check,25.59,111.48,No
5854-RJXSA,Male,0,Yes,Yes,46,No,No phone service,No,No internet service,No internet service,No internet service,No internet service,No internet service,No internet service,Month-to-month,No,Electronic check,27.81,1330.91,No
5433-SIPUN,Male,0,Yes,No,56,Yes,No,Fiber optic,Yes,Yes,No,No,Yes,Yes,Month-to-month,No,Mailed check,101.9,5711.88,No
7036-ENDXT,Female,0,Yes,No,35,Yes,Yes,No,No internet service,No internet service,No internet service,No internet service,No internet service,No internet service,Month-to-month,Yes,Mailed check,18.0,633.18,No
9037-APHNM,Female,0,Yes,Yes,35,Yes,No,Fiber optic,No,No,No,No,Yes,Yes,Two year,Yes,Electronic check,72.02,2484.27,No
3892-DOGNB,Female,0,No,No,7,Yes,No,Fiber optic,No,No,No,No,No,No,Month-to-month,No,Electronic check,102.06,759.58,Yes
8913-HMIMJ,Male,1,No,Yes,41,Yes,Yes,Fiber optic,No,No,No,No,No,No,Month-to-month,No,Bank transfer (automatic),83.42,3356.58,No
3397-SMHKQ,Female,1,No,No,5,Yes,Yes,Fiber optic,Yes,No,No,No,Yes,No,Two year,Yes,Mailed check,86.84,423.19,No
6777-RJAUX,Male,0,Yes,No,7,Yes,No,Fiber optic,No,No,No,No,No,Yes,One year,No,Mailed check,90.01,595.8,Yes
8795-GZVTB,Male,0,Yes,No,3,Yes,No,No,No internet service,No internet service,No internet service,No internet service,No internet service,No internet service,Two year,Yes,Credit card (automatic),42.8,259.97,No
4479-BDRGW,Female,0,Yes,Yes,42,Yes,No,Fiber optic,No,No,No,No,Yes,Yes,One year,Yes,Bank transfer (automatic),108.06,4552.2,No
7146-GSOZI,Male,0,Yes,No,67,Yes,Yes,Fiber optic,No,Yes,No,No,No,Yes,Two year,Yes,Electronic check,96.11,6523.5,No
7426-NYDOR,Male,0,No,No,69,Yes,No,Fiber optic,No,No,No,No,No,Yes,Month-to-month,Yes,Mailed check,92.94,6429.24,No
7243-VHKPS,Female,1,Yes,No,37,Yes,No,No,No internet service,No internet service,No internet service,No internet service,No internet service,No internet service,Two year,Yes,Mailed check,29.02,1125.92,No
8851-MRNVI,Male,1,No,No,0,Yes,No,Fiber optic,Yes,No,No,No,Yes,Yes,Month-to-month,No,Mailed check,87.55, ,Yes
4836-LBMEZ,Male,0,Yes,No,67,Yes,Yes,No,No internet service,No internet service,No internet service,No internet service,No internet service,No internet service,Two year,No,Credit card (automatic),30.27,2000.34,No
4986-DSAKU,Male,0,No,No,7,Yes,Yes,No,No internet service,No internet service,No internet service,No internet service,No internet service,No internet service,Month-to-month,Yes,Electronic check,25.41,120.64,No
4714-MVOVX,Male,0,No,No,22,Yes,No,Fiber optic,No,No,No,No,No,Yes,Month-to-month,No,Electronic check,82.68,1744.71,Yes
4285-HGOED,Female,0,No,No,69,Yes,Yes,DSL,No,No,No,Yes,No,No,Two year,Yes,Credit card (automatic),55.17,3828.56,No
1671-CJBXS,Female,0,No,Yes,47,Yes,No,Fiber optic,No,No,No,Yes,No,No,Two year,Yes,Bank transfer (automatic),82.34,3984.02,No
7038-UHAVI,Male,1,No,No,9,Yes,Yes,Fiber optic,No,Yes,Yes,Yes,No,Yes,Two year,Yes,Electronic check,98.13,818.37,Yes
3623-SSCZQ,Male,1,No,No,42,Yes,Yes,DSL,Yes,No,No,No,No,No,One year,Yes,Bank transfer (automatic),65.86,2747.15,No
3376-OFZNL,Male,0,Yes,No,49,Yes,No,DSL,No,No,No,No,No,Yes,Month-to-month,No,Credit card (automatic),62.88,3125.65,Yes
9271-EVBEO,Female,0,Yes,No,0,Yes,Yes,No,No internet service,No internet service,No internet service,No internet service,No internet service,No internet service,Month-to-month,Yes,Bank transfer (automatic),30.97, ,Yes
4839-MMAYM,Female,0,No,No,46,Yes,Yes,Fiber optic,No,Yes,Yes,No,No,No,Month-to-month,Yes,Electronic check,68.6,3235.54,Yes
1237-QFBHC,Female,0,Yes,Yes,0,Yes,No,No,No internet service,No internet service,No internet service,No internet service,No internet service,No internet service,One year,No,Electronic check,21.1, ,No
7186-ANRRH,Male,0,No,No,57,No,No phone service,DSL,Yes,No,Yes,No,No,No,Two year,No,Mailed check,44.0,2384.71,No
7224-MNSCE,Male,0,Yes,No,2,Yes,Yes,No,No internet service,No internet service,No internet service,No internet service,No internet service,No internet service,Two year,Yes,Electronic check,29.86,63.04,No
9963-VJSRA,Male,0,No,Yes,2,Yes,Yes,Fiber optic,Yes,Yes,No,No,No,No,Month-to-month,Yes,Electronic check,89.17,220.28,Yes
2884-VMJQB,Female,0,Yes,Yes,1,No,No phone service,Fiber optic,No,No,No,No,Yes,Yes,One year,Yes,Mailed check,105.93,109.46,Yes
9754-FUXCW,Male,0,No,Yes,20,Yes,Yes,Fiber optic,No,Yes,No,No,Yes,No,Two year,No,Bank transfer (automatic),88.33,1794.36,No
1926-ANBWI,Female,0,Yes,No,31,Yes,Yes,Fiber optic,No,No,Yes,No,Yes,Yes,Month-to-month,Yes,Electronic check,87.9,2699.18,No
9485-UFLTG,Female,0,Yes,No,44,Yes,No,Fiber optic,No,Yes,No,No,Yes,Yes,Month-to-month,No,Mailed check,100.69,4482.66,No
9183-TCQBE,Male,0,No,Yes,15,Yes,No,DSL,No,No,No,No,Yes,No,Month-to-month,No,Mailed check,66.53,971.09,No
9559-QHTID,Male,0,Yes,No,36,Yes,No,Fiber optic,No,No,No,No,Yes,No,Month-to-month,No,Mailed check,73.0,2500.86,No
9500-XNTGO,Male,0,Yes,No,5,Yes,No,No,No internet service,No internet service,No internet service,No internet service,No internet service,No internet service,Two year,No,Credit card (automatic),23.2,70.07,No
9355-JGSCG,Male,0,No,No,70,Yes,No,No,No internet service,No internet service,No internet service,No internet service,No internet service,No internet service,Two year,No,Bank transfer (automatic),20.21,1399.67,No
3392-QLNVS,Male,0,No,No,25,Yes,No,No,No internet service,No internet service,No internet service,No internet service,No internet service,No internet service,Month-to-month,No,Credit card (automatic),29.66,746.64,No
8057-HNZLG,Female,0,Yes,No,7,Yes,No,No,No internet service,No internet service,No internet service,No internet service,No internet service,No internet service,Month-to-month,Yes,Credit card (automatic),18.19,63.54,Yes
6294-UCNXK,Male,0,No,No,38,Yes,No,No,No internet service,No internet service,No internet service,No internet service,No internet service,No internet service,One year,Yes,Credit card (automatic),18.0,680.91,No
6774-XFUKU,Male,0,Yes,No,0,Yes,No,No,No internet service,No internet service,No internet service,No internet service,No internet service,No internet service,Month-to-month,Yes,Credit card (automatic),23.74, ,No
1760-WMKSH,Female,0,Yes,No,53,Yes,No,Fiber optic,Yes,No,No,No,Yes,Yes,One year,Yes,Bank transfer (automatic),105.42,5656.37,No
6867-ICLDO,Female,0,No,No,51,Yes,Yes,DSL,Yes,Yes,Yes,Yes,No,Yes,One year,Yes,Electronic check,45.41,2202.37,No
2456-OLCII,Male,0,Yes,No,2,Yes,No,Fiber optic,No,No,No,Yes,Yes,Yes,Two year,Yes,Electronic check,97.14,145.7,Yes
1459-JKKIS,Female,0,Yes,No,0,Yes,Yes,DSL,Yes,No,No,No,No,Yes,Month-to-month,No,Mailed check,70.23, ,Yes
2120-XZYLC,Female,0,Yes,No,1,Yes,No,DSL,Yes,Yes,Yes,No,Yes,No,Month-to-month,Yes,Mailed check,65.48,67.36,Yes
3605-TTTEI,Female,0,No,Yes,30,Yes,No,Fiber optic,No,Yes,No,No,Yes,Yes,Month-to-month,No,Mailed check,100.57,2968.11,No
1052-KQILS,Female,1,No,No,53,Yes,Yes,No,No internet service,No internet service,No internet service,No internet service,No internet service,No internet service,Month-to-month,No,Electronic check,18.36,1002.77,No
7537-JYFXN,Male,1,Yes,Yes,70,No,No phone service,DSL,Yes,Yes,Yes,No,Yes,No,Two year,Yes,Bank transfer (automatic),47.63,3360.84,No
1563-DZVVZ,Female,0,No,Yes,58,Yes,No,Fiber optic,Yes,No,No,No,No,No,One year,No,Credit card (automatic),67.16,3763.78,No
4286-SLNIA,Male,0,No,No,66,Yes,Yes,Fiber optic,No,Yes,Yes,Yes,Yes,Yes,Month-to-month,No,Bank transfer (automatic),81.38,5382.43,No
7104-CURWT,Female,0,Yes,Yes,2,Yes,No,No,No internet service,No internet service,No internet service,No internet service,No internet service,No internet service,Two year,No,Bank transfer (automatic),37.48,40.3,No
4254-ASFEQ,Female,0,No,No,35,Yes,Yes,Fiber optic,No,Yes,Yes,No,No,Yes,One year,Yes,Mailed check,99.58,3487.63,No
9636-FUZTB,Male,0,Yes,No,8,Yes,No,Fiber optic,No,No,Yes,No,Yes,Yes,Month-to-month,Yes,Bank transfer (automatic),89.33,724.79,Yes
5709-GZFNX,Male,0,Yes,No,65,No,No phone service,Fiber optic,No,Yes,No,No,No,No,Two year,Yes,Electronic check,99.79,6536.33,No
9316-YKJSN,Female,1,Yes,No,29,Yes,No,Fiber optic,Yes,No,No,No,No,No,Month-to-month,No,Electronic check,79.82,2366.27,No
4004-TKEXQ,Female,0,Yes,Yes,55,Yes,No,Fiber optic,No,No,No,No,Yes,Yes,Month-to-month,Yes,Electronic check,83.83,4682.97,No
2586-XQNKJ,Male,0,No,Yes,37,Yes,No,Fiber optic,No,No,No,Yes,No,No,Month-to-month,Yes,Mailed check,92.47,3456.43,Yes
6011-ZNZPI,Female,1,No,No,63,Yes,Yes,Fiber optic,Yes,Yes,No,No,Yes,No,One year,Yes,Electronic check,88.18,5614.65,No
8044-IHHUW,Female,0,No,Yes,5,Yes,Yes,Fiber optic,No,No,Yes,No,No,No,Month-to-month,No,Bank transfer (automatic),64.9,262.14,Yes
6746-QGEGI,Male,0,Yes,No,42,Yes,No,Fiber optic,No,Yes,No,Yes,No,Yes,Two year,Yes,Bank transfer (automatic),102.3,4362.62,No
7362-ZLLOI,Male,0,Yes,Yes,56,Yes,No,DSL,No,Yes,No,No,No,No,Two year,No,Mailed check,66.52,3759.64,No
1739-IWPZT,Male,1,Yes,No,51,Yes,No,DSL,No,No,Yes,Yes,No,Yes,Two year,Yes,Electronic check,51.1,2707.61,No
8142-CYZPB,Female,0,Yes,Yes,30,No,No phone service,DSL,No,Yes,Yes,Yes,Yes,No,Month-to-month,Yes,Electronic check,56.0,1731.67,No
1228-CPLOG,Male,0,No,No,9,Yes,Yes,No,No internet service,No internet service,No internet service,No internet service,No internet service,No internet service,One year,Yes,Electronic check,33.69,263.67,No
4121-KYCWM,Female,0,No,Yes,2,Yes,Yes,No,No internet service,No internet service,No internet service,No internet service,No internet service,No internet service,Two year,Yes,Electronic check,24.91,85.57,No
2951-VCCKO,Male,0,No,No,71,Yes,Yes,DSL,Yes,Yes,Yes,No,Yes,No,One year,No,Electronic check,42.23,3031.73,No
5489-OGSRG,Female,0,No,Yes,57,Yes,No,Fiber optic,No,Yes,No,No,Yes,No,Month-to-month,Yes,Electronic check,77.86,4462.65,Yes
3303-LKMTL,Male,0,Yes,Yes,25,Yes,No,Fiber optic,Yes,No,Yes,No,Yes,No,Month-to-month,Yes,Bank transfer (automatic),110.08,2847.02,No
3253-UIGCX,Male,0,Yes,Yes,3,Yes,No,Fiber optic,Yes,No,Yes,Yes,No,Yes,One year,Yes,Electronic check,86.08,297.61,Yes
1240-ZBNSG,Female,0,Yes,No,10,Yes,Yes,Fiber optic,No,No,Yes,No,No,Yes,Month-to-month,Yes,Mailed check,90.35,895.71,Yes
2583-EVSXM,Male,0,No,No,5,Yes,No,Fiber optic,Yes,Yes,Yes,Yes,Yes,Yes,Month-to-month,Yes,Electronic check,86.14,426.54,Yes
4742-HURXT,Female,0,Yes,No,16,Yes,Yes,Fiber optic,No,No,No,No,Yes,Yes,Month-to-month,No,Electronic check,103.51,1669.05,Yes
4488-TGFNX,Female,0,Yes,No,11,Yes,No,DSL,Yes,No,Yes,No,Yes,No,One year,No,Credit card (automatic),67.31,757.13,No
3213-EQRLS,Female,0,No,No,16,Yes,Yes,DSL,No,No,Yes,No,Yes,No,Two year,No,Credit card (automatic),52.01,799.49,No
1598-VUDNK,Female,0,Yes,Yes,21,Yes,Yes,Fiber optic,Yes,Yes,No,No,No,Yes,Month-to-month,No,Bank transfer (automatic),104.37,2206.2,Yes
3734-LQKKP,Male,0,No,No,0,Yes,Yes,DSL,Yes,Yes,No,No,Yes,No,Two year,Yes,Credit card (automatic),55.24, ,No
4862-QYIWQ,Female,0,Yes,No,49,Yes,Yes,No,No internet service,No internet service,No internet service,No internet service,No internet service,No internet service,One year,Yes,Credit card (automatic),18.0,817.52,No
9683-JARLC,Female,0,No,Yes,49,Yes,Yes,DSL,Yes,No,Yes,No,No,No,Month-to-month,No,Electronic check,42.87,2106.05,No
3240-EDYKL,Male,0,Yes,Yes,53,Yes,No,DSL,No,No,Yes,No,Yes,No,One year,Yes,Mailed check,79.54,4152.45,No
3706-PCEVQ,Male,0,No,No,52,Yes,No,Fiber optic,No,Yes,No,Yes,Yes,Yes,Month-to-month,No,Mailed check,79.22,4131.68,Yes
8282-UVANR,Female,0,No,Yes,49,Yes,No,DSL,No,No,Yes,Yes,Yes,No,Month-to-month,Yes,Credit card (automatic),70.01,3380.86,No
4389-NFLJK,Male,0,Yes,Yes,32,Yes,No,Fiber optic,No,No,No,No,No,No,Month-to-month,No,Electronic check,82.59,2629.67,No
9427-ARGVL,Female,1,No,No,6,Yes,Yes,Fiber optic,No,No,Yes,No,No,Yes,Month-to-month,Yes,Electronic check,92.98,512.36,Yes
2139-IUUEX,Female,0,No,Yes,3,Yes,No,Fiber optic,No,No,No,Yes,Yes,Yes,Month-to-month,No,Credit card (automatic),76.02,220.47,Yes
5423-RNZVF,Female,0,No,No,0,Yes,Yes,Fiber optic,No,No,No,No,No,No,Month-to-month,Yes,Credit card (automatic),102.13, ,Yes
6483-OZWOL,Male,0,No,No,44,Yes,Yes,No,No internet service,No internet service,No internet service,No internet service,No internet service,No internet service,One year,Yes,Electronic check,29.68,1259.69,No
9535-CZKTI,Male,0,No,No,45,Yes,Yes,DSL,Yes,No,No,No,No,No,One year,Yes,Electronic check,66.45,3009.26,No
9735-EYDJZ,Male,0,Yes,No,0,Yes,No,Fiber optic,No,No,No,Yes,Yes,Yes,Month-to-month,Yes,Electronic check,90.01, ,Yes
4441-HPGKS,Male,0,Yes,No,33,No,No phone service,No,No internet service,No internet service,No internet service,No internet service,No internet service,No internet service,One year,No,Bank transfer (automatic),19.71,592.55,No
7407-OUXLO,Female,0,Yes,No,4,Yes,Yes,Fiber optic,No,No,Yes,No,Yes,No,Month-to-month,No,Bank transfer (automatic),101.96,458.69,Yes
9899-VRLKQ,Female,0,No,No,49,Yes,Yes,No,No internet service,No internet service,No internet service,No internet service,No internet service,No internet service,One year,No,Electronic check,30.72,1534.67,No
1145-MXJLV,Male,0,No,No,3,Yes,No,Fiber optic,No,Yes,No,No,No,Yes,Month-to-month,Yes,Electronic check,98.96,332.86,Yes
1602-YGGTY,Male,0,No,No,31,Yes,No,Fiber optic,Yes,No,No,Yes,No,No,Month-to-month,No,Electronic check,72.77,2278.25,No
7026-EYDJL,Female,0,Yes,No,4,Yes,No,Fiber optic,No,No,Yes,Yes,No,No,One year,Yes,Mailed check,69.63,278.48,Yes
3193-ULRYX,Male,1,No,No,42,Yes,No,No,No internet service,No internet service,No internet service,No internet service,No internet service,No internet service,Month-to-month,Yes,Electronic check,18.13,801.82,No
1024-DFEYJ,Female,0,No,Yes,21,Yes,No,No,No internet service,No internet service,No internet service,No internet service,No internet service,No internet service,One year,Yes,Bank transfer (automatic),31.01,662.27,Yes
7129-BGMVK,Male,0,Yes,Yes,46,Yes,No,DSL,No,No,No,Yes,No,Yes,One year,Yes,Electronic check,72.76,3331.78,No
7015-UZYXO,Female,0,No,No,3,Yes,No,No,No internet service,No internet service,No internet service,No internet service,No internet service,No internet service,Two year,No,Electronic check,26.13,44.52,No
4270-WHICQ,Male,0,Yes,No,61,Yes,No,DSL,Yes,No,No,Yes,Yes,Yes,One year,Yes,Electronic check,61.01,3673.77,No
9572-JARNT,Female,0,No,No,7,Yes,No,DSL,Yes,No,No,Yes,No,Yes,Month-to-month,Yes,Mailed check,74.48,452.18,Yes
8921-XBVAT,Male,1,Yes,No,3,Yes,Yes,Fiber optic,No,Yes,No,No,Yes,Yes,One year,Yes,Electronic check,104.34,346.05,No
2350-UXNKX,Female,0,No,Yes,29,Yes,No,Fiber optic,No,No,No,No,Yes,No,Two year,Yes,Bank transfer (automatic),83.92,2508.7,No
1779-PEKWK,Male,0,Yes,No,24,Yes,No,DSL,No,No,No,Yes,No,No,Month-to-month,Yes,Electronic check,47.7,1146.95,No
3444-ZEHWL,Male,0,Yes,No,0,Yes,No,No,No internet service,No internet service,No internet service,No internet service,No internet service,No internet service,Month-to-month,No,Electronic check,18.0, ,Yes
9257-TTARY,Female,1,No,No,11,Yes,Yes,DSL,No,Yes,No,Yes,Yes,Yes,One year,No,Electronic check,54.44,553.6,No
6959-NFBSS,Male,0,No,No,46,Yes,No,DSL,No,Yes,No,No,No,Yes,Month-to-month,No,Mailed check,40.26,1951.5,Yes
5121-QFCRU,Male,0,Yes,No,28,Yes,No,Fiber optic,No,No,No,No,No,Yes,Month-to-month,No,Electronic check,100.42,2904.08,No
1049-GZBZG,Male,0,Yes,No,17,Yes,No,Fiber optic,Yes,Yes,Yes,No,No,Yes,Month-to-month,Yes,Electronic check,92.09,1497.4,Yes
3366-TDJNX,Male,0,No,No,11,Yes,Yes,DSL,No,No,No,No,No,No,Two year,No,Electronic check,53.99,570.54,No
2831-VPHJK,Male,0,No,No,37,Yes,No,No,No internet service,No internet service,No internet service,No internet service,No internet service,No internet service,Two year,No,Electronic check,38.28,1387.58,No
1338-MWXMP,Female,0,Yes,No,64,Yes,Yes,DSL,Yes,No,No,No,No,Yes,Two year,No,Electronic check,74.49,4784.85,No
5564-MPHGR,Male,0,Yes,Yes,2,Yes,Yes,Fiber optic,No,No,No,No,No,No,One year,Yes,Credit card (automatic),82.92,213.51,Yes
5288-MGQSH,Female,1,Yes,Yes,4,Yes,No,No,No internet service,No internet service,No internet service,No internet service,No internet service,No internet service,One year,No,Bank transfer (automatic),20.28,109.02,No
8405-FWRPG,Female,1,No,No,61,Yes,Yes,No,No internet service,No internet service,No internet service,No internet service,No internet service,No internet service,Month-to-month,Yes,Electronic check,31.28,1851.2,No
3158-FNMSA,Male,0,No,No,21,Yes,Yes,Fiber optic,Yes,No,Yes,Yes,Yes,Yes,Month-to-month,Yes,Bank transfer (automatic),89.57,1863.73,No
9034-WEKSR,Female,0,No,No,11,Yes,No,DSL,No,Yes,Yes,No,No,No,Two year,Yes,Credit card (automatic),72.16,809.28,No
4039-YTXOP,Female,0,Yes,No,3,Yes,No,DSL,No,Yes,No,Yes,No,No,One year,No,Bank transfer (automatic),66.33,284.68,No
4524-PHUME,Female,1,No,No,55,No,No phone service,Fiber optic,No,Yes,Yes,No,No,Yes,Month-to-month,No,Mailed check,104.32,5661.31,Yes
8707-XARGU,Male,0,Yes,No,63,Yes,Yes,No,No internet service,No internet service,No internet service,No internet service,No internet service,No internet service,Month-to-month,Yes,Electronic check,25.29,1583.73,No
3576-PKJLN,Male,1,No,No,0,Yes,Yes,DSL,Yes,No,No,No,Yes,No,Month-to-month,Yes,Mailed check,77.37, ,No
8251-DVSFM,Male,0,Yes,No,12,Yes,Yes,No,No internet service,No internet service,No internet service,No internet service,No internet service,No internet service,One year,Yes,Bank transfer (automatic),19.89,249.62,No
6953-TQKGW,Female,0,Yes,No,24,Yes,Yes,No,No internet service,No internet service,No internet service,No internet service,No internet service,No internet service,Month-to-month,Yes,Bank transfer (automatic),29.11,668.38,Yes
5525-WAZJU,Female,0,Yes,No,1,Yes,No,No,No internet service,No internet service,No internet service,No internet service,No internet service,No internet service,Two year,Yes,Mailed check,28.08,7.62,No
4284-XJMOE,Female,0,Yes,No,68,Yes,No,DSL,Yes,Yes,Yes,No,Yes,Yes,Month-to-month,Yes,Mailed check,43.92,2890.75,No
7380-UTQXT,Male,1,Yes,No,8,Yes,Yes,DSL,Yes,Yes,No,No,No,Yes,Month-to-month,Yes,Electronic check,53.14,442.33,No
4968-YXRHB,Female,0,No,Yes,70,Yes,No,Fiber optic,No,Yes,Yes,Yes,Yes,No,Month-to-month,Yes,Bank transfer (automatic),93.17,6541.43,No
5393-ZRCFV,Male,0,No,No,67,Yes,No,Fiber optic,Yes,Yes,No,No,No,No,Month-to-month,Yes,Credit card (automatic),98.2,6592.33,No
5014-ZQZLG,Female,0,No,No,0,Yes,Yes,No,No internet service,No internet service,No internet service,No internet service,No internet service,No internet service,Month-to-month,Yes,Electronic check,33.56, ,Yes
2233-XKZVE,Male,1,No,Yes,2,Yes,Yes,No,No internet service,No internet service,No internet service,No internet service,No internet service,No internet service,Month-to-month,Yes,Credit card (automatic),21.79,62.48,No
8621-WFYLJ,Female,0,Yes,No,2,Yes,No,DSL,No,No,Yes,No,No,No,Two year,No,Electronic check,52.38,0.0,No
4403-GWSII,Female,0,No,Yes,63,Yes,Yes,No,No internet service,No internet service,No internet service,No internet service,No internet service,No internet service,One year,Yes,Mailed check,34.22,2139.14,No
2795-NCHMZ,Male,0,Yes,No,0,Yes,No,No,No internet service,No internet service,No internet service,No internet service,No internet service,No internet service,Month-to-month,No,Bank transfer (automatic),31.75, ,No
3407-TALQZ,Male,0,Yes,No,49,Yes,No,Fiber optic,No,Yes,No,No,Yes,Yes,Month-to-month,Yes,Electronic check,96.16,4703.03,Yes
4913-ZBGFG,Female,0,Yes,Yes,4,Yes,Yes,Fiber optic,No,Yes,No,No,Yes,No,Month-to-month,No,Credit card (automatic),101.1,394.39,Yes
9048-ARCWL,Male,1,Yes,No,2,No,No phone service,No,No internet service,No internet service,No internet service,No internet service,No internet service,No internet service,Month-to-month,No,Credit card (automatic),24.71,0.0,No
9446-RBLLO,Female,0,No,No,0,No,No phone service,No,No internet service,No internet service,No internet service,No internet service,No internet service,No internet service,Month-to-month,Yes,Credit card (automatic),24.66, ,No
9110-UCJPX,Female,0,Yes,No,8,Yes,Yes,No,No internet service,No internet service,No internet service,No internet service,No internet service,No internet service,Month-to-month,Yes,Credit card (automatic),19.8,107.28,Yes
9651-UGZYB,Female,0,Yes,No,44,Yes,No,Fiber optic,Yes,No,No,No,Yes,No,Month-to-month,Yes,Electronic check,80.94,3551.42,Yes
8898-UAFZH,Male,0,No,Yes,65,Yes,Yes,Fiber optic,No,Yes,No,No,No,No,Month-to-month,No,Credit card (automatic),94.43,6057.14,No
1142-MWZGT,Male,0,Yes,Yes,31,Yes,No,No,No internet service,No internet service,No internet service,No internet service,No internet service,No internet service,Month-to-month,Yes,Electronic check,25.43,703.86,Yes
7558-FBNWE,Male,1,No,No,38,Yes,No,DSL,Yes,No,No,No,No,No,Month-to-month,No,Mailed check,63.36,2449.95,No
8711-SEQOT,Female,0,Yes,No,0,Yes,No,No,No internet service,No internet service,No internet service,No internet service,No internet service,No internet service,Month-to-month,No,Electronic check,35.09, ,Yes
5633-BNXYY,Male,0,No,No,68,No,No phone service,DSL,No,Yes,Yes,Yes,Yes,No,Month-to-month,Yes,Mailed check,79.48,5463.53,No
3858-BYKZB,Male,0,No,Yes,4,Yes,No,Fiber optic,No,No,Yes,No,Yes,No,Month-to-month,Yes,Credit card (automatic),103.48,314.89,Yes
3694-CYUTX,Male,0,Yes,No,53,Yes,No,Fiber optic,Yes,Yes,No,No,No,No,Month-to-month,No,Bank transfer (automatic),77.08,4053.15,No
7037-OMWYR,Female,0,No,No,40,Yes,Yes,DSL,Yes,No,Yes,No,Yes,No,Month-to-month,Yes,Bank transfer (automatic),57.08,2236.23,No
1465-UIPTD,Male,1,Yes,No,5,Yes,No,Fiber optic,No,No,No,No,Yes,Yes,Month-to-month,Yes,Mailed check,84.39,368.15,Yes
3827-PYJGT,Female,0,Yes,Yes,51,Yes,No,DSL,Yes,Yes,Yes,No,No,Yes,One year,No,Electronic check,61.88,3311.06,No
5821-JOLOV,Female,0,No,No,1,Yes,No,DSL,Yes,Yes,No,Yes,No,Yes,Two year,Yes,Electronic check,61.52,36.44,Yes
4024-KVKTY,Female,1,No,No,37,Yes,No,DSL,No,No,Yes,No,No,Yes,Two year,Yes,Bank transfer (automatic),57.1,2224.57,No
3757-HSPPC,Female,0,Yes,Yes,10,Yes,No,DSL,Yes,No,No,Yes,Yes,Yes,Month-to-month,No,Electronic check,59.7,722.31,Yes
4498-VNEBE,Female,0,Yes,No,67,No,No phone service,Fiber optic,No,Yes,No,No,Yes,No,One year,Yes,Electronic check,109.1,7322.29,No
3050-VMZFP,Female,1,Yes,No,55,Yes,Yes,Fiber optic,No,Yes,No,Yes,No,No,Month-to-month,No,Credit card (automatic),101.39,5667.9,Yes
4395-KWLKR,Male,1,No,Yes,17,Yes,Yes,DSL,No,Yes,No,No,Yes,Yes,Month-to-month,No,Bank transfer (automatic),52.65,856.12,Yes
9586-EBBZY,Female,0,No,Yes,71,Yes,No,DSL,No,Yes,No,No,Yes,No,Month-to-month,Yes,Mailed check,63.92,4506.86,No
3872-RYIMO,Female,0,Yes,No,6,Yes,Yes,Fiber optic,Yes,No,No,Yes,No,Yes,One year,Yes,Bank transfer (automatic),109.42,650.72,Yes
6769-YRCSU,Female,1,No,Yes,59,Yes,No,DSL,Yes,Yes,Yes,Yes,Yes,No,Two year,No,Bank transfer (automatic),71.77,4283.95,No
3840-CZJTP,Female,0,Yes,Yes,33,No,No phone service,Fiber optic,Yes,Yes,No,Yes,Yes,No,Month-to-month,No,Bank transfer (automatic),95.44,3181.78,Yes
4891-QLBUB,Female,0,No,No,68,Yes,No,Fiber optic,Yes,Yes,No,No,No,No,Month-to-month,Yes,Mailed check,91.12,6168.84,No
8325-OBMXF,Female,1,No,No,28,Yes,No,No,No internet service,No internet service,No internet service,No internet service,No internet service,No internet service,Month-to-month,Yes,Bank transfer (automatic),31.02,923.48,No
7261-KZCJZ,Male,0,No,No,2,Yes,No,DSL,No,No,Yes,Yes,Yes,No,One year,Yes,Bank transfer (automatic),51.43,80.98,No
9465-XAJQO,Male,0,Yes,No,9,Yes,No,DSL,No,Yes,No,No,No,No,Two year,Yes,Electronic check,74.71,722.66,No
5304-QUCGW,Male,0,Yes,No,35,Yes,Yes,DSL,Yes,No,No,No,Yes,No,Two year,No,Credit card (automatic),58.48,2136.4,No
5610-QXXYI,Male,0,Yes,No,0,Yes,No,No,No internet service,No internet service,No internet service,No internet service,No internet service,No internet service,Month-to-month,No,Bank transfer (automatic),25.23, ,No
6878-XYFEN,Male,0,No,Yes,3,Yes,Yes,Fiber optic,No,Yes,Yes,No,Yes,Yes,Month-to-month,Yes,Mailed check,62.73,171.55,Yes
3268-PYSCZ,Male,0,No,No,26,Yes,Yes,Fiber optic,No,No,Yes,No,No,No,One year,No,Mailed check,65.92,1705.8,No
8159-BEOAP,Male,0,Yes,No,30,Yes,Yes,Fiber optic,Yes,Yes,No,Yes,Yes,No,Month-to-month,No,Mailed check,108.82,3207.9,Yes
1867-BILDR,Female,0,Yes,No,56,Yes,Yes,Fiber optic,Yes,No,No,Yes,No,No,Month-to-month,Yes,Credit card (automatic),91.95,5192.17,No
7066-IDUZY,Male,0,Yes,No,3,Yes,No,No,No internet service,No internet service,No internet service,No internet service,No internet service,No internet service,Month-to-month,No,Electronic check,28.84,88.3,No
6356-HZJKB,Female,0,No,No,12,Yes,No,DSL,Yes,No,Yes,Yes,Yes,No,Two year,Yes,Bank transfer (automatic),58.69,716.81,No
2668-VWRXR,Female,0,No,No,1,Yes,No,Fiber optic,Yes,No,No,No,No,No,Two year,Yes,Electronic check,97.48,42.48,No
5288-YGAGP,Male,0,Yes,No,25,Yes,No,No,No internet service,No internet service,No internet service,No internet service,No internet service,No internet service,Month-to-month,No,Mailed check,30.49,743.72,No
8929-WWYNK,Male,0,No,No,42,Yes,No,DSL,Yes,No,Yes,No,No,Yes,Two year,Yes,Mailed check,52.99,2182.71,No
3503-UNTZN,Male,0,Yes,Yes,26,Yes,No,DSL,Yes,No,No,No,No,No,One year,Yes,Electronic check,82.21,2187.29,No
1254-MCRAB,Female,0,No,No,70,Yes,No,DSL,No,Yes,Yes,Yes,Yes,No,Two year,Yes,Bank transfer (automatic),81.07,5680.71,No
2665-TYDXX,Male,0,Yes,Yes,35,Yes,Yes,No,No internet service,No internet service,No internet service,No internet service,No internet service,No internet service,One year,Yes,Credit card (automatic),25.5,932.47,No
9125-QOPJA,Female,0,Yes,No,16,Yes,No,No,No internet service,No internet service,No internet service,No internet service,No internet service,No internet service,Month-to-month,No,Electronic check,38.71,557.29,No
5359-BIOWP,Female,0,No,Yes,56,Yes,Yes,Fiber optic,Yes,Yes,Yes,No,No,No,One year,No,Electronic check,102.16,5716.02,No
2627-JHDXR,Female,0,No,No,3,Yes,Yes,No,No internet service,No internet service,No internet service,No internet service,No internet service,No internet service,Two year,No,Bank transfer (automatic),19.54,38.02,No
8763-HWNSX,Male,0,Yes,No,40,Yes,No,DSL,No,No,Yes,No,Yes,No,Month-to-month,Yes,Credit card (automatic),75.73,3004.16,No
6341-QPOQJ,Male,0,No,No,12,Yes,Yes,Fiber optic,No,No,No,No,Yes,Yes,Month-to-month,No,Credit card (automatic),105.01,1351.25,No
2795-AORCD,Male,1,No,No,24,Yes,Yes,Fiber optic,No,Yes,No,No,Yes,Yes,Two year,No,Mailed check,87.15,2090.34,No
8576-TBOAC,Male,1,Yes,Yes,57,Yes,Yes,DSL,Yes,Yes,Yes,No,No,No,Two year,No,Electronic check,51.22,2834.47,No
3771-RIGTM,Male,0,No,No,60,Yes,Yes,Fiber optic,Yes,Yes,No,No,No,Yes,Month-to-month,No,Bank transfer (automatic),68.94,3955.9,No
7462-EVSIH,Female,0,No,No,1,Yes,Yes,Fiber optic,Yes,No,No,Yes,No,No,Month-to-month,No,Credit card (automatic),100.99,145.33,Yes
3337-TJMAF,Female,0,Yes,No,60,Yes,Yes,Fiber optic,No,No,Yes,No,No,Yes,Two year,No,Mailed check,91.62,5501.03,No
6193-OTQKG,Female,0,No,No,16,Yes,No,No,No internet service,No internet service,No internet service,No internet service,No internet service,No internet service,Month-to-month,Yes,Electronic check,18.0,322.26,No
9985-DKYSC,Female,1,No,No,14,Yes,No,DSL,Yes,No,Yes,No,Yes,No,One year,Yes,Credit card (automatic),61.44,955.32,No
6450-AGIMT,Male,0,Yes,Yes,7,Yes,Yes,DSL,No,Yes,No,No,No,Yes,Month-to-month,Yes,Credit card (automatic),59.4,455.2,Yes
6393-TTOJP,Female,1,No,No,30,Yes,Yes,No,No internet service,No internet service,No internet service,No internet service,No internet service,No internet service,Month-to-month,Yes,Credit card (automatic),31.51,955.67,No
3688-PHARO,Female,0,Yes,Yes,70,Yes,No,Fiber optic,No,No,Yes,Yes,Yes,Yes,Month-to-month,No,Mailed check,88.18,6159.9,No
1909-SZEKH,Female,0,No,No,54,Yes,No,Fiber optic,Yes,Yes,No,Yes,Yes,No,One year,No,Electronic check,76.91,4182.51,No
3544-FJFBM,Female,0,No,No,35,Yes,No,Fiber optic,No,Yes,No,Yes,Yes,Yes,One year,Yes,Credit card (automatic),88.1,3063.6,No
2765-XNKNQ,Male,1,Yes,No,27,Yes,No,No,No internet service,No internet service,No internet service,No internet service,No internet service,No internet service,Month-to-month,No,Credit card (automatic),22.79,594.76,Yes
3443-UBMTD,Male,0,No,Yes,10,Yes,Yes,DSL,No,No,Yes,No,No,Yes,Two year,Yes,Electronic check,58.03,599.46,No
9434-OOGUR,Male,0,Yes,No,18,Yes,Yes,DSL,No,No,Yes,No,No,No,Two year,Yes,Credit card (automatic),64.01,1220.78,No
4548-SHDRX,Male,0,No,No,5,Yes,No,Fiber optic,Yes,Yes,No,No,Yes,Yes,Two year,No,Electronic check,90.91,443.28,No
6613-AOMOL,Female,0,No,No,37,Yes,No,DSL,Yes,No,Yes,No,Yes,No,Month-to-month,Yes,Mailed check,53.99,1927.33,No
8107-WAKSE,Male,0,Yes,No,55,Yes,No,No,No internet service,No internet service,No internet service,No internet service,No internet service,No internet service,Month-to-month,No,Bank transfer (automatic),35.82,1936.4,No
6889-GSHVF,Female,0,No,No,24,Yes,Yes,DSL,No,No,No,No,No,Yes,Month-to-month,Yes,Bank transfer (automatic),54.97,1336.48,Yes
9683-VMZQL,Female,0,Yes,Yes,0,No,No phone service,Fiber optic,Yes,No,No,No,No,No,One year,No,Electronic check,75.66, ,No
7705-HOZVQ,Male,0,No,No,44,Yes,No,Fiber optic,No,No,No,Yes,No,No,One year,Yes,Credit card (automatic),98.03,4332.38,No
3473-TQLZW,Male,0,No,Yes,9,No,No phone service,DSL,Yes,No,No,Yes,Yes,Yes,Month-to-month,Yes,Credit card (automatic),48.72,404.2,No
9266-MEIMM,Female,0,No,No,33,Yes,Yes,DSL,Yes,Yes,Yes,Yes,Yes,Yes,Two year,Yes,Electronic check,55.12,1823.27,No
5986-ICPRP,Female,1,Yes,No,43,Yes,Yes,DSL,No,Yes,No,Yes,No,Yes,Month-to-month,No,Electronic check,59.86,2593.07,Yes
7688-KRXBF,Male,1,No,Yes,23,Yes,No,Fiber optic,No,No,Yes,Yes,Yes,No,Month-to-month,Yes,Bank transfer (automatic),100.46,2241.55,Yes
4725-PNUOL,Male,0,No,Yes,2,No,No phone service,DSL,No,Yes,Yes,No,Yes,No,One year,Yes,Electronic check,63.76,192.45,No
2332-ADWGK,Female,0,No,No,70,Yes,No,No,No internet service,No internet service,No internet service,No internet service,No internet service,No internet service,Month-to-month,Yes,Credit card (automatic),23.69,1746.84,No
2703-VWXKK,Male,0,No,No,6,Yes,Yes,No,No internet service,No internet service,No internet service,No internet service,No internet service,No internet service,Month-to-month,Yes,Credit card (automatic),25.49,128.96,No
3113-VEBUJ,Female,1,No,No,8,Yes,Yes,DSL,Yes,Yes,Yes,No,Yes,No,Month-to-month,Yes,Bank transfer (automatic),61.3,533.07,Yes
4485-PSNKJ,Male,0,Yes,No,15,Yes,No,DSL,No,No,No,No,No,No,One year,Yes,Credit card (automatic),75.65,1170.85,Yes
7424-TGSRI,Male,0,Yes,No,70,Yes,No,DSL,No,No,Yes,Yes,Yes,Yes,Month-to-month,Yes,Mailed check,66.75,4695.88,No
5182-BQGHV,Male,1,No,No,64,Yes,No,No,No internet service,No internet service,No internet service,No internet service,No internet service,No internet service,Two year,Yes,Mailed check,35.89,2246.72,No
6740-UJENM,Female,0,Yes,No,31,Yes,No,No,No internet service,No internet service,No internet service,No internet service,No internet service,No internet service,Month-to-month,No,Mailed check,21.86,721.05,No
1322-MFSRD,Female,0,No,Yes,55,Yes,Yes,Fiber optic,No,No,Yes,No,No,No,Month-to-month,Yes,Mailed check,98.92,5476.19,No
8054-YCCYQ,Male,0,No,No,57,Yes,No,Fiber optic,No,No,No,Yes,Yes,Yes,One year,No,Electronic check,71.84,4045.45,Yes
7015-QCQSS,Female,0,No,Yes,3,No,No phone service,Fiber optic,No,Yes,Yes,No,No,No,Two year,Yes,Bank transfer (automatic),65.77,106.4,No
5373-NZIYQ,Male,0,No,No,1,Yes,Yes,No,No internet service,No internet service,No internet service,No internet service,No internet service,No internet service,Month-to-month,Yes,Mailed check,18.0,13.91,Yes
4402-UBWFO,Male,1,No,No,12,No,No phone service,No,No internet service,No internet service,No internet service,No internet service,No internet service,No internet service,Two year,Yes,Electronic check,18.0,167.62,No
6198-GSEOD,Male,0,No,Yes,37,Yes,Yes,DSL,Yes,No,No,No,No,No,One year,Yes,Electronic check,54.29,2040.57,No
9251-FVNVU,Male,0,No,No,55,Yes,Yes,No,No internet service,No internet service,No internet service,No internet service,No internet service,No internet service,Month-to-month,No,Electronic check,29.21,1571.61,No
6888-YZZXG,Female,0,Yes,Yes,41,Yes,No,DSL,No,No,No,No,Yes,No,Month-to-month,No,Credit card (automatic),54.56,2224.41,No
6578-HAINR,Male,0,Yes,No,48,Yes,Yes,DSL,No,No,No,No,No,No,Month-to-month,No,Bank transfer (automatic),55.94,2682.07,No
1887-NWBGW,Female,0,Yes,No,54,No,No phone service,No,No internet service,No internet service,No internet service,No internet service,No internet service,No internet service,Month-to-month,Yes,Electronic check,26.7,1347.49,No
9601-WMDFU,Male,0,No,No,65,Yes,Yes,Fiber optic,No,No,Yes,No,No,Yes,One year,No,Electronic check,61.87,4018.35,No
3633-NPYIE,Female,0,Yes,No,13,Yes,No,DSL,Yes,Yes,No,Yes,No,No,One year,Yes,Bank transfer (automatic),66.32,780.74,No
9388-YUZDT,Male,0,No,No,57,Yes,No,DSL,No,No,Yes,No,Yes,No,Month-to-month,No,Electronic check,57.96,3330.48,No
4995-RYGCS,Female,0,No,No,32,No,No phone service,DSL,No,No,No,No,No,No,One year,Yes,Mailed check,74.09,2490.15,No
1910-GLOGK,Male,0,Yes,Yes,66,No,No phone service,DSL,No,No,Yes,No,No,Yes,Two year,Yes,Electronic check,55.74,3783.46,No
7459-PWZXV,Male,1,No,No,34,Yes,No,No,No internet service,No internet service,No internet service,No internet service,No internet service,No internet service,Month-to-month,No,Electronic check,24.23,813.65,No
5143-LGNZA,Female,0,Yes,No,27,Yes,No,Fiber optic,Yes,No,No,Yes,Yes,Yes,Month-to-month,No,Credit card (automatic),100.82,2778.15,Yes
2534-YEZXA,Female,0,No,Yes,45,Yes,No,Fiber optic,Yes,Yes,No,Yes,Yes,No,Month-to-month,Yes,Credit card (automatic),74.64,3361.2,No
5896-ASQTE,Female,0,Yes,Yes,13,Yes,Yes,No,No internet service,No internet service,No internet service,No internet service,No internet service,No internet service,One year,Yes,Electronic check,27.67,418.45,No
5683-JETKG,Male,1,Yes,Yes,32,Yes,No,DSL,No,Yes,Yes,No,No,No,One year,Yes,Credit card (automatic),59.33,1845.7,No
8294-GDAYF,Female,0,Yes,Yes,3,Yes,No,DSL,Yes,Yes,No,No,Yes,No,Two year,No,Credit card (automatic),46.75,133.68,No
1668-RMQLZ,Female,0,No,Yes,6,No,No phone service,Fiber optic,No,Yes,Yes,No,No,Yes,Two year,Yes,Credit card (automatic),63.69,383.64,No
3604-ZGVBG,Female,0,Yes,No,6,Yes,No,Fiber optic,Yes,No,No,Yes,Yes,No,Month-to-month,Yes,Electronic check,103.47,655.31,Yes
6127-BXPPG,Male,0,No,No,58,Yes,Yes,DSL,Yes,No,Yes,Yes,No,Yes,Month-to-month,No,Credit card (automatic),64.61,3739.41,No
4619-EZLNY,Female,0,No,No,9,Yes,No,Fiber optic,No,No,No,Yes,Yes,Yes,Two year,Yes,Electronic check,71.66,634.8,No
1422-BNODT,Female,1,Yes,Yes,4,Yes,Yes,Fiber optic,No,No,No,No,Yes,Yes,Month-to-month,Yes,Electronic check,61.48,222.31,No
6171-DHOWK,Female,0,Yes,No,64,Yes,No,DSL,No,Yes,No,No,No,No,Month-to-month,No,Mailed check,50.36,3157.67,No
6236-MCMKY,Male,0,Yes,No,44,Yes,No,Fiber optic,Yes,Yes,Yes,No,Yes,Yes,Month-to-month,No,Electronic check,75.14,3330.46,No
6352-AKIRK,Male,0,No,Yes,17,Yes,Yes,Fiber optic,No,Yes,Yes,No,Yes,No,Month-to-month,No,Electronic check,87.58,1470.17,Yes
4555-PEWRA,Female,0,No,No,52,Yes,No,No,No internet service,No internet service,No internet service,No internet service,No internet service,No internet service,Month-to-month,No,Bank transfer (automatic),21.96,1146.09,No
6735-ZUTXI,Female,0,Yes,No,58,Yes,Yes,No,No internet service,No internet service,No internet service,No internet service,No internet service,No internet service,Two year,No,Electronic check,29.55,1583.03,No
3619-KJOWD,Female,0,No,Yes,61,Yes,No,DSL,Yes,No,No,No,Yes,No,Month-to-month,No,Credit card (automatic),68.89,4197.25,No
9220-KGPFJ,Male,0,Yes,No,26,Yes,Yes,DSL,No,No,No,No,Yes,No,Month-to-month,No,Credit card (automatic),68.88,1769.74,Yes
9725-CDNKR,Male,0,No,No,65,Yes,Yes,Fiber optic,Yes,No,No,Yes,No,No,Two year,Yes,Mailed check,79.61,5212.92,No
6025-GGZFL,Female,0,Yes,No,46,Yes,No,Fiber optic,No,Yes,No,No,Yes,Yes,Month-to-month,No,Credit card (automatic),90.34,4126.7,No
9599-XGMRM,Male,0,Yes,No,5,Yes,No,No,No internet service,No internet service,No internet service,No internet service,No internet service,No internet service,Month-to-month,No,Credit card (automatic),18.0,68.74,Yes
4293-UUMKR,Male,0,Yes,No,6,No,No phone service,No,No internet service,No internet service,No internet service,No internet service,No internet service,No internet service,Two year,Yes,Mailed check,26.07,100.72,No
1014-WXCSP,Female,0,No,No,16,Yes,No,Fiber optic,No,No,No,No,Yes,Yes,One year,Yes,Electronic check,102.97,1626.97,No
4762-ZWZCY,Female,0,No,No,34,Yes,No,No,No internet service,No internet service,No internet service,No internet service,No internet service,No internet service,Month-to-month,No,Electronic check,28.36,938.19,No
4912-NNGED,Female,0,Yes,No,47,Yes,Yes,Fiber optic,No,No,No,Yes,No,Yes,Month-to-month,Yes,Electronic check,100.19,4720.54,No
7808-YKGTN,Male,0,Yes,No,13,Yes,Yes,Fiber optic,No,Yes,No,No,No,No,One year,Yes,Electronic check,88.42,1123.18,Yes
6622-VDWCZ,Male,1,No,No,67,Yes,No,Fiber optic,Yes,Yes,Yes,No,No,No,One year,No,Electronic check,81.21,5350.49,No
4739-IALQL,Female,0,Yes,No,1,Yes,No,Fiber optic,No,No,Yes,Yes,No,Yes,Month-to-month,Yes,Mailed check,100.1,63.42,Yes
1649-WXIMG,Male,0,No,Yes,47,Yes,No,DSL,No,No,Yes,No,No,No,Two year,No,Bank transfer (automatic),46.8,2211.42,No
1244-AKFAP,Male,1,Yes,Yes,65,No,No phone service,DSL,No,No,No,No,Yes,Yes,One year,Yes,Mailed check,66.55,4274.55,No
6918-UKXQJ,Male,0,Yes,Yes,65,Yes,No,DSL,No,No,No,No,No,No,One year,Yes,Credit card (automatic),62.65,4160.16,No
6820-UEEKH,Female,0,No,No,69,Yes,Yes,Fiber optic,Yes,No,No,No,Yes,No,Month-to-month,Yes,Bank transfer (automatic),70.13,4949.56,No
4774-LRVTC,Female,0,Yes,No,41,Yes,Yes,Fiber optic,No,Yes,No,No,Yes,Yes,Month-to-month,No,Electronic check,99.48,4049.44,No
6088-RVEWF,Female,1,No,No,34,Yes,No,DSL,No,Yes,No,No,No,Yes,Two year,Yes,Mailed check,53.01,1856.53,No
1177-BDUKD,Female,0,Yes,No,69,Yes,Yes,No,No internet service,No internet service,No internet service,No internet service,No internet service,No internet service,Month-to-month,No,Electronic check,24.24,1646.72,No
1595-VSHRE,Male,0,Yes,No,52,Yes,No,Fiber optic,No,No,Yes,No,Yes,Yes,One year,Yes,Electronic check,66.63,3453.77,No
5455-MIFAB,Male,0,No,No,46,Yes,No,Fiber optic,No,No,Yes,No,No,No,Two year,No,Electronic check,93.8,4409.62,No
6333-QNKRH,Male,0,Yes,Yes,14,Yes,Yes,DSL,No,No,No,No,No,No,Two year,Yes,Electronic check,57.94,833.42,No
7006-AVFGA,Male,1,No,No,5,Yes,Yes,DSL,Yes,No,No,No,Yes,No,One year,No,Mailed check,65.9,311.91,No
4218-ONAJE,Male,0,No,No,0,Yes,Yes,Fiber optic,No,Yes,No,No,No,Yes,Month-to-month,No,Electronic check,95.16, ,Yes
8085-CEIGZ,Male,0,No,No,38,Yes,No,Fiber optic,No,No,No,No,No,No,One year,No,Credit card (automatic),85.45,3236.88,No
8908-UWWWA,Male,1,Yes,No,9,Yes,No,No,No internet service,No internet service,No internet service,No internet service,No internet service,No internet service,Month-to-month,Yes,Bank transfer (automatic),25.53,179.53,No
9447-ISNBZ,Female,0,Yes,No,49,Yes,Yes,Fiber optic,No,No,No,No,No,No,Month-to-month,Yes,Credit card (automatic),85.05,4162.28,No
1214-CVLNS,Female,0,Yes,No,50,Yes,Yes,DSL,No,Yes,No,No,No,Yes,Two year,Yes,Mailed check,52.58,2604.47,No
2908-JUDLD,Male,0,No,No,28,No,No phone service,Fiber optic,No,No,Yes,No,Yes,No,Month-to-month,Yes,Electronic check,73.7,2098.82,Yes
6130-ATFKC,Male,0,Yes,Yes,25,Yes,No,No,No internet service,No internet service,No internet service,No internet service,No internet service,No internet service,Month-to-month,No,Electronic check,37.71,931.21,No
4210-YEAHO,Female,0,Yes,No,2,Yes,No,No,No internet service,No internet service,No internet service,No internet service,No internet service,No internet service,Month-to-month,Yes,Electronic check,30.42,110.4,No
4959-ULALS,Female,0,No,No,14,Yes,No,No,No internet service,No internet service,No internet service,No internet service,No internet service,No internet service,One year,Yes,Mailed check,36.88,472.78,No
7322-ATZWR,Female,0,Yes,No,66,Yes,No,No,No internet service,No internet service,No internet service,No internet service,No internet service,No internet service,Two year,No,Mailed check,18.0,1114.52,No
2778-JFBYT,Male,0,No,No,45,Yes,No,DSL,No,Yes,No,Yes,Yes,No,One year,Yes,Credit card (automatic),49.55,2275.18,No
9199-JRCYY,Female,0,Yes,No,13,Yes,Yes,Fiber optic,No,Yes,Yes,No,No,No,Two year,Yes,Electronic check,72.54,940.28,No
6146-FPKSY,Male,1,No,No,24,Yes,No,Fiber optic,No,No,No,Yes,No,No,Month-to-month,Yes,Electronic check,74.15,1882.34,No
3268-LBXYZ,Male,0,No,No,54,Yes,No,No,No internet service,No internet service,No internet service,No internet service,No internet service,No internet service,Month-to-month,Yes,Electronic check,23.16,1245.56,No
8517-SWQNK,Male,0,Yes,Yes,0,No,No phone service,No,No internet service,No internet service,No internet service,No internet service,No internet service,No internet service,Two year,Yes,Electronic check,18.61, ,No
2562-HUNYN,Male,0,No,No,13,Yes,No,Fiber optic,No,No,No,No,Yes,No,Month-to-month,Yes,Credit card (automatic),76.99,1022.02,No
1016-FQNKG,Male,0,No,Yes,31,Yes,No,DSL,No,Yes,Yes,Yes,No,No,Month-to-month,Yes,Bank transfer (automatic),68.01,2064.78,No
5748-BVDYR,Male,0,Yes,No,43,Yes,Yes,Fiber optic,No,Yes,Yes,No,Yes,No,Two year,Yes,Electronic check,96.88,4203.06,No
6528-UQNCR,Female,0,No,No,6,Yes,No,No,No internet service,No internet service,No internet service,No internet service,No internet service,No internet service,Month-to-month,Yes,Electronic check,18.67,135.39,Yes
4680-QTXCV,Male,0,No,No,51,No,No phone service,Fiber optic,No,No,Yes,No,No,Yes,One year,No,Credit card (automatic),71.38,3584.82,No
9295-EFICO,Male,1,No,No,57,Yes,No,DSL,No,Yes,No,Yes,No,No,Month-to-month,Yes,Credit card (automatic),52.46,3055.48,Yes
2366-DDENB,Male,0,No,No,1,Yes,No,Fiber optic,No,No,No,No,Yes,Yes,One year,No,Mailed check,104.45,1.38,Yes
7756-AEGLA,Male,0,Yes,No,49,Yes,No,Fiber optic,No,No,No,No,Yes,Yes,Two year,No,Mailed check,68.85,3344.71,No
6607-KQWNH,Male,0,Yes,No,32,Yes,Yes,No,No internet service,No internet service,No internet service,No internet service,No internet service,No internet service,Month-to-month,Yes,Credit card (automatic),27.32,946.01,No
4766-EWFHZ,Male,0,Yes,No,57,Yes,Yes,Fiber optic,No,No,No,No,Yes,Yes,Month-to-month,No,Electronic check,64.76,3663.31,No
7607-CTGRF,Male,0,Yes,Yes,47,Yes,No,No,No internet service,No internet service,No internet service,No internet service,No internet service,No internet service,Two year,Yes,Mailed check,30.44,1453.59,No
6398-ORAUH,Female,0,Yes,No,4,Yes,No,DSL,No,No,No,No,No,No,Two year,No,Electronic check,66.56,291.53,No
8803-UPJUU,Female,0,Yes,No,5,Yes,No,Fiber optic,No,No,No,No,Yes,Yes,Two year,Yes,Credit card (automatic),83.82,393.05,Yes
6986-QSDZY,Male,0,Yes,No,44,Yes,Yes,DSL,No,Yes,Yes,No,No,No,Two year,Yes,Credit card (automatic),64.78,2794.81,No
5316-PIFQZ,Female,0,No,No,14,Yes,No,Fiber optic,No,No,No,No,No,No,One year,No,Bank transfer (automatic),65.84,850.2,No
4270-KEDIV,Female,0,Yes,Yes,49,Yes,Yes,No,No internet service,No internet service,No internet service,No internet service,No internet service,No internet service,Month-to-month,Yes,Credit card (automatic),24.29,1199.56,No
1522-UCKOR,Female,1,No,No,12,Yes,No,No,No internet service,No internet service,No internet service,No internet service,No internet service,No internet service,Two year,No,Mailed check,35.9,407.6,No
2551-DEHMR,Female,0,No,No,0,Yes,Yes,Fiber optic,No,No,No,No,No,No,Two year,No,Bank transfer (automatic),74.66, ,Yes
6133-KIUBL,Female,0,No,No,8,Yes,No,Fiber optic,Yes,Yes,No,No,Yes,No,Month-to-month,No,Electronic check,81.55,630.17,Yes
9681-ZXNGC,Female,0,Yes,No,35,Yes,No,No,No internet service,No internet service,No internet service,No internet service,No internet service,No internet service,Two year,Yes,Mailed check,18.0,726.9,No
2825-GRREO,Female,0,No,Yes,25,Yes,No,No,No internet service,No internet service,No internet service,No internet service,No internet service,No internet service,One year,Yes,Electronic check,23.47,622.25,No
5946-HMDRE,Male,0,No,No,2,Yes,No,Fiber optic,No,No,No,No,No,Yes,Month-to-month,No,Bank transfer (automatic),100.92,158.36,Yes
3252-PMDIT,Male,0,No,No,38,Yes,Yes,Fiber optic,No,Yes,Yes,Yes,Yes,No,Two year,Yes,Electronic check,74.67,2772.71,No
5809-LJJVF,Male,0,Yes,No,30,Yes,No,No,No internet service,No internet service,No internet service,No internet service,No internet service,No internet service,Two year,Yes,Credit card (automatic),18.12,560.69,No
9692-AUILU,Male,0,Yes,Yes,56,No,No phone service,Fiber optic,Yes,No,No,No,No,Yes,Two year,Yes,Electronic check,89.74,4967.23,No
9210-ISVHW,Male,0,No,Yes,10,Yes,Yes,Fiber optic,No,No,Yes,Yes,Yes,No,Month-to-month,Yes,Electronic check,64.25,646.01,Yes
1999-OGSUM,Male,0,Yes,No,1,Yes,Yes,No,No internet service,No internet service,No internet service,No internet service,No internet service,No internet service,Month-to-month,No,Electronic check,18.0,77.05,Yes
3469-IAFCI,Female,0,No,No,45,Yes,No,Fiber optic,No,No,No,No,No,Yes,Two year,No,Electronic check,86.06,3942.98,No
4612-LMSKS,Female,0,No,No,61,Yes,Yes,Fiber optic,No,No,No,Yes,Yes,Yes,Month-to-month,Yes,Credit card (automatic),68.03,4067.8,No
1111-UFOQV,Female,0,No,Yes,40,Yes,Yes,DSL,No,No,No,No,No,No,Two year,No,Mailed check,73.26,2953.34,No
2650-IWJVF,Male,0,No,No,1,Yes,No,Fiber optic,No,No,No,Yes,No,No,Two year,No,Bank transfer (automatic),63.21,0.0,No
4778-LBMFD,Male,0,No,No,65,Yes,Yes,Fiber optic,No,Yes,Yes,No,Yes,Yes,Month-to-month,No,Credit card (automatic),105.73,6822.02,No
7722-PAWBJ,Female,0,No,No,66,No,No phone service,DSL,Yes,Yes,No,Yes,Yes,No,Month-to-month,Yes,Credit card (automatic),68.82,4518.9,No
1683-PRTFF,Female,1,No,No,19,Yes,Yes,No,No internet service,No internet service,No internet service,No internet service,No internet service,No internet service,Two year,No,Electronic check,35.25,686.97,No
1496-HTSPP,Female,0,Yes,Yes,10,Yes,Yes,No,No internet service,No internet service,No internet service,No internet service,No internet service,No internet service,One year,Yes,Mailed check,42.79,455.57,No
1923-WUJVF,Female,0,No,Yes,3,Yes,Yes,No,No internet service,No internet service,No internet service,No internet service,No internet service,No internet service,Month-to-month,Yes,Electronic check,18.9,42.25,No
5592-YDNDA,Female,0,No,Yes,1,No,No phone service,Fiber optic,No,Yes,Yes,No,Yes,No,Month-to-month,Yes,Electronic check,85.11,117.79,Yes
6096-QTUSK,Male,0,No,No,35,Yes,Yes,Fiber optic,No,No,Yes,No,Yes,No,Two year,No,Bank transfer (automatic),80.62,2868.79,No
9444-WXWHB,Male,0,Yes,No,11,Yes,No,DSL,Yes,No,Yes,No,No,No,One year,No,Electronic check,41.24,394.88,No
7361-WOAYO,Male,0,Yes,Yes,69,Yes,No,Fiber optic,Yes,No,No,No,No,No,One year,Yes,Bank transfer (automatic),103.18,7135.67,No
7896-XWKHO,Female,1,No,No,10,Yes,No,DSL,No,Yes,Yes,No,No,No,Two year,No,Bank transfer (automatic),56.17,524.86,No
3542-VPCHY,Female,0,Yes,No,6,Yes,Yes,Fiber optic,No,Yes,No,Yes,Yes,Yes,Month-to-month,Yes,Electronic check,90.25,575.23,No
8089-LNCWA,Male,1,No,No,34,Yes,No,DSL,Yes,No,No,Yes,Yes,No,Two year,Yes,Electronic check,64.03,2225.81,No
6988-HZTFT,Female,0,No,No,0,Yes,Yes,DSL,No,No,No,Yes,Yes,No,Month-to-month,Yes,Credit card (automatic),68.5, ,Yes
5683-PPVEH,Male,0,Yes,No,64,Yes,Yes,Fiber optic,No,No,No,No,No,No,Two year,No,Bank transfer (automatic),83.51,5395.81,No
5243-FRPOS,Male,0,Yes,Yes,67,Yes,No,DSL,No,Yes,No,Yes,No,No,Month-to-month,No,Mailed check,73.31,4883.24,No
8901-QMTZQ,Male,0,No,No,0,Yes,No,No,No internet service,No internet service,No internet service,No internet service,No internet service,No internet service,Month-to-month,No,Electronic check,35.8, ,Yes
3352-OSJJW,Male,0,Yes,No,27,Yes,No,DSL,No,No,No,No,Yes,No,Two year,Yes,Electronic check,66.82,1756.85,No
7546-SAWXX,Female,0,No,No,30,No,No phone service,Fiber optic,No,No,No,No,Yes,Yes,One year,No,Credit card (automatic),91.78,2780.51,No
7378-OKYZJ,Male,0,No,Yes,56,Yes,No,DSL,No,No,No,Yes,No,Yes,Two year,No,Credit card (automatic),54.42,3054.09,No
6378-JVCFO,Female,0,No,No,8,Yes,No,Fiber optic,No,Yes,No,No,Yes,Yes,Month-to-month,Yes,Electronic check,103.9,856.04,Yes
5981-PNMBB,Female,0,Yes,No,1,Yes,No,DSL,Yes,Yes,No,No,No,No,Month-to-month,No,Credit card (automatic),61.95,25.89,Yes
8936-WKGQW,Male,0,Yes,No,52,Yes,No,No,No internet service,No internet service,No internet service,No internet service,No internet service,No internet service,Month-to-month,No,Mailed check,29.01,1561.91,No
6184-NQIAX,Male,0,No,Yes,7,Yes,No,No,No internet service,No internet service,No internet service,No internet service,No internet service,No internet service,Two year,No,Bank transfer (automatic),29.48,284.79,No
9097-BRDVP,Female,1,Yes,No,4,Yes,No,No,No internet service,No internet service,No internet service,No internet service,No internet service,No internet service,Month-to-month,Yes,Bank transfer (automatic),18.17,118.11,No
4322-AIWWA,Male,0,Yes,Yes,40,Yes,No,DSL,Yes,No,No,No,No,No,Month-to-month,Yes,Mailed check,75.15,3038.46,No
1655-HBKTX,Female,0,No,No,58,Yes,Yes,Fiber optic,No,Yes,Yes,Yes,No,No,Month-to-month,Yes,Electronic check,78.1,4510.37,No
3539-GARLF,Male,0,Yes,Yes,53,Yes,No,No,No internet service,No internet service,No internet service,No internet service,No internet service,No internet service,Month-to-month,Yes,Mailed check,41.36,2340.22,No
7874-XYIGV,Female,0,Yes,No,69,Yes,Yes,Fiber optic,No,No,No,No,No,Yes,Month-to-month,No,Electronic check,75.65,5259.58,No
3434-CHBNR,Female,0,No,Yes,3,Yes,No,DSL,No,No,No,Yes,No,No,Month-to-month,No,Mailed check,67.46,198.86,No
2754-EWRFV,Male,0,Yes,No,13,Yes,Yes,Fiber optic,No,No,No,No,No,No,Month-to-month,Yes,Mailed check,83.39,944.88,Yes
3258-THJJE,Male,0,Yes,No,35,Yes,No,No,No internet service,No internet service,No internet service,No internet service,No internet service,No internet service,Month-to-month,Yes,Mailed check,21.83,732.01,Yes
1008-SBUKX,Female,0,Yes,No,0,Yes,Yes,DSL,No,No,No,No,No,No,Month-to-month,Yes,Mailed check,53.64, ,Yes
6008-EXLEX,Male,0,No,Yes,26,Yes,Yes,DSL,No,Yes,Yes,No,Yes,No,Month-to-month,No,Electronic check,54.45,1402.47,No
4404-OCFTZ,Male,1,No,Yes,12,Yes,Yes,Fiber optic,No,No,No,Yes,Yes,Yes,Month-to-month,No,Bank transfer (automatic),105.14,1233.32,Yes
9147-GGJDX,Male,1,No,Yes,2,Yes,Yes,DSL,No,No,Yes,No,Yes,Yes,Month-to-month,Yes,Bank transfer (automatic),49.0,131.25,No
3800-HDVRH,Male,0,No,Yes,4,Yes,Yes,Fiber optic,No,Yes,No,No,No,Yes,Month-to-month,Yes,Credit card (automatic),72.58,252.35,No
1839-JDEOC,Female,0,Yes,No,0,Yes,Yes,Fiber optic,No,No,No,Yes,Yes,No,Month-to-month,Yes,Credit card (automatic),94.04, ,No
1457-OVQDF,Female,0,No,No,61,Yes,No,Fiber optic,Yes,No,Yes,No,No,No,Two year,Yes,Bank transfer (automatic),97.02,5970.86,No
5876-TERPZ,Male,0,Yes,No,60,Yes,No,DSL,No,Yes,Yes,No,Yes,No,Month-to-month,Yes,Credit card (automatic),67.77,4035.13,No
9916-YHJII,Female,0,No,No,63,Yes,No,Fiber optic,No,Yes,No,No,Yes,Yes,One year,Yes,Credit card (automatic),79.46,4972.42,No
9600-GMGYL,Male,0,No,No,59,Yes,No,Fiber optic,No,No,Yes,No,No,No,Month-to-month,No,Credit card (automatic),108.53,6431.4,No
9479-JEXPS,Male,0,Yes,No,70,Yes,Yes,Fiber optic,Yes,No,No,Yes,Yes,No,Month-to-month,Yes,Credit card (automatic),76.5,5394.35,No
4148-ZFMEO,Female,0,No,No,2,Yes,No,Fiber optic,Yes,No,No,No,No,No,One year,No,Electronic check,107.67,163.45,Yes
3385-BKUKS,Female,0,No,No,71,Yes,No,Fiber optic,No,Yes,No,No,No,No,Month-to-month,Yes,Electronic check,70.23,4970.73,No
2133-FNCLD,Male,1,Yes,No,24,Yes,Yes,Fiber optic,No,Yes,No,Yes,No,No,Month-to-month,No,Electronic check,71.72,1797.56,Yes
3167-QEEND,Male,1,No,Yes,47,Yes,No,DSL,Yes,Yes,Yes,No,No,Yes,Month-to-month,Yes,Electronic check,64.62,3036.54,No
7158-VNGMJ,Female,0,No,No,52,No,No phone service,No,No internet service,No internet service,No internet service,No internet service,No internet service,No internet service,One year,No,Bank transfer (automatic),32.12,1697.87,No
2912-BSJIN,Female,0,Yes,No,25,Yes,Yes,Fiber optic,Yes,No,No,No,No,No,Month-to-month,No,Credit card (automatic),78.5,1971.34,Yes
6450-QNAMW,Male,0,Yes,No,10,Yes,Yes,Fiber optic,No,Yes,No,No,Yes,No,Month-to-month,Yes,Electronic check,99.4,1047.84,Yes
2759-AFDEU,Male,0,No,No,19,No,No phone service,Fiber optic,No,No,No,No,No,No,Month-to-month,No,Credit card (automatic),93.85,1752.35,Yes
2339-EWUIL,Female,0,Yes,Yes,8,Yes,Yes,DSL,No,No,No,Yes,No,Yes,One year,Yes,Electronic check,53.43,501.02,No
8065-SSSLP,Male,1,Yes,No,6,Yes,Yes,No,No internet service,No internet service,No internet service,No internet service,No internet service,No internet service,Month-to-month,Yes,Mailed check,33.61,163.04,No
5353-CNOZZ,Male,0,No,No,31,Yes,Yes,DSL,Yes,No,Yes,Yes,No,No,Two year,Yes,Electronic check,57.39,1847.57,No
3904-AVZCJ,Male,0,No,No,8,Yes,Yes,Fiber optic,No,Yes,No,Yes,Yes,No,Month-to-month,Yes,Credit card (automatic),77.23,648.18,Yes
3830-PWYRQ,Male,1,Yes,No,53,Yes,No,No,No internet service,No internet service,No internet service,No internet service,No internet service,No internet service,One year,No,Mailed check,32.21,1714.22,No
1517-KAGTR,Male,0,Yes,No,41,Yes,No,Fiber optic,No,Yes,Yes,No,Yes,No,Month-to-month,Yes,Bank transfer (automatic),66.15,2684.24,No
2983-FSHID,Female,0,No,No,1,Yes,No,DSL,Yes,Yes,Yes,Yes,No,No,Month-to-month,Yes,Bank transfer (automatic),59.08,34.94,Yes
7319-ICYYO,Female,0,No,No,8,Yes,No,No,No internet service,No internet service,No internet service,No internet service,No internet service,No internet service,Month-to-month,Yes,Electronic check,23.2,139.88,Yes
6155-DFZLV,Female,0,No,No,5,No,No phone service,Fiber optic,No,No,Yes,Yes,Yes,No,Month-to-month,No,Credit card (automatic),94.46,497.34,No
5149-OWEKX,Female,0,No,No,34,Yes,Yes,DSL,Yes,No,No,Yes,No,No,Month-to-month,No,Credit card (automatic),72.88,2477.48,No
4050-QKAJA,Male,0,Yes,No,27,Yes,Yes,Fiber optic,Yes,Yes,Yes,No,Yes,Yes,One year,No,Bank transfer (automatic),107.79,2871.11,No
5519-DXFDN,Male,0,No,No,7,No,No phone service,Fiber optic,No,Yes,No,No,Yes,No,Month-to-month,Yes,Electronic check,79.6,551.8,Yes
6088-WSDWX,Female,0,No,No,7,Yes,No,Fiber optic,No,Yes,Yes,No,No,No,One year,Yes,Credit card (automatic),64.47,504.88,No
4303-UCFWX,Male,0,No,No,14,Yes,No,Fiber optic,No,No,No,No,No,No,Month-to-month,Yes,Electronic check,96.31,1310.45,Yes
6229-ZHJNA,Female,0,Yes,No,24,Yes,Yes,No,No internet service,No internet service,No internet service,No internet service,No internet service,No internet service,Month-to-month,Yes,Electronic check,24.26,675.11,No
8382-MCYFJ,Female,1,Yes,No,66,Yes,No,DSL,No,Yes,No,No,Yes,No,Month-to-month,No,Bank transfer (automatic),66.2,4372.77,No
5776-ZWQJE,Male,0,No,Yes,38,Yes,No,Fiber optic,No,No,No,No,Yes,Yes,One year,Yes,Credit card (automatic),69.24,2509.4,No
7835-ZUUSU,Male,0,No,Yes,14,No,No phone service,Fiber optic,No,Yes,No,No,Yes,No,Month-to-month,Yes,Mailed check,104.49,1534.86,No
7432-ASDRU,Male,0,No,Yes,25,Yes,No,No,No internet service,No internet service,No internet service,No internet service,No internet service,No internet service,One year,No,Mailed check,23.71,564.25,No
2113-KSIER,Male,0,Yes,Yes,15,Yes,No,DSL,No,Yes,Yes,No,Yes,No,One year,Yes,Bank transfer (automatic),56.79,786.5,No
2310-EJOPB,Male,0,No,No,49,Yes,No,DSL,Yes,No,No,Yes,No,No,Month-to-month,No,Electronic check,50.62,2405.0,No
6234-EBOCA,Male,0,Yes,No,62,Yes,No,No,No internet service,No internet service,No internet service,No internet service,No internet service,No internet service,Month-to-month,Yes,Credit card (automatic),18.0,1050.31,No
7440-KNWOR,Female,0,No,No,65,Yes,No,No,No internet service,No internet service,No internet service,No internet service,No internet service,No internet service,One year,Yes,Bank transfer (automatic),41.11,2628.08,No
2838-ZMGHG,Female,0,No,No,2,No,No phone service,Fiber optic,No,Yes,No,No,No,Yes,Two year,No,Electronic check,84.61,233.48,No
5142-BPPPE,Female,0,No,Yes,65,No,No phone service,Fiber optic,No,No,Yes,No,Yes,Yes,Month-to-month,No,Credit card (automatic),106.53,6794.94,No
6915-QYEEP,Male,0,Yes,No,38,Yes,Yes,No,No internet service,No internet service,No internet service,No internet service,No internet service,No internet service,Two year,No,Mailed check,30.29,1114.03,No
5352-XJIEV,Male,0,No,Yes,1,Yes,No,Fiber optic,Yes,No,No,No,Yes,No,One year,No,Bank transfer (automatic),107.91,272.4,No
8101-NZDDY,Male,0,Yes,Yes,22,Yes,Yes,DSL,Yes,No,No,No,No,No,One year,No,Mailed check,50.72,1124.44,No
8583-YEEOC,Male,0,No,No,54,Yes,No,No,No internet service,No internet service,No internet service,No internet service,No internet service,No internet service,Two year,Yes,Electronic check,24.13,1290.06,No
8571-XPVPQ,Female,0,No,Yes,0,Yes,No,Fiber optic,No,No,Yes,No,No,Yes,Month-to-month,Yes,Bank transfer (automatic),102.18, ,Yes
4143-UGPFG,Male,0,No,No,67,Yes,Yes,DSL,No,Yes,No,No,No,Yes,One year,No,Mailed check,52.32,3577.67,No
1811-ASQKM,Male,0,No,No,13,Yes,No,Fiber optic,Yes,No,Yes,No,No,No,Month-to-month,Yes,Electronic check,94.62,1154.11,Yes
3024-QMGMY,Female,0,No,No,17,Yes,Yes,No,No internet service,No internet service,No internet service,No internet service,No internet service,No internet service,Month-to-month,Yes,Electronic check,20.42,421.86,No
5332-JECVZ,Male,0,Yes,No,52,Yes,Yes,No,No internet service,No internet service,No internet service,No internet service,No internet service,No internet service,Month-to-month,Yes,Electronic check,33.09,1806.47,Yes
5486-FYZQJ,Male,0,Yes,No,24,Yes,No,DSL,Yes,No,No,Yes,Yes,Yes,Two year,No,Mailed check,50.84,1198.06,No
1372-JXYXR,Male,0,No,No,4,Yes,No,DSL,No,No,Yes,No,No,No,Month-to-month,No,Mailed check,51.38,185.06,Yes
4153-JHUZM,Female,0,No,No,6,Yes,Yes,No,No internet service,No internet service,No internet service,No internet service,No internet service,No internet service,Month-to-month,Yes,Mailed check,18.0,202.89,No
7208-YVZUY,Female,0,No,No,71,Yes,No,Fiber optic,No,No,No,No,Yes,No,Month-to-month,No,Electronic check,65.34,4735.81,No
9625-RXNXQ,Male,0,Yes,Yes,0,No,No phone service,No,No internet service,No internet service,No internet service,No internet service,No internet service,No internet service,Month-to-month,Yes,Bank transfer (automatic),25.81, ,Yes
8081-NLUWP,Female,0,Yes,No,34,Yes,No,Fiber optic,Yes,Yes,No,Yes,No,No,Two year,No,Bank transfer (automatic),82.25,2714.77,No
6111-ARJYE,Female,0,No,Yes,64,Yes,No,DSL,No,Yes,No,Yes,Yes,No,Month-to-month,Yes,Bank transfer (automatic),55.24,3599.34,No
6529-MJAYY,Female,0,No,Yes,13,Yes,No,Fiber optic,No,No,No,Yes,No,No,Two year,Yes,Credit card (automatic),105.37,1243.77,No
2171-EPGWW,Male,0,No,No,0,Yes,Yes,DSL,Yes,No,No,Yes,No,No,One year,Yes,Electronic check,52.24, ,Yes
2730-QSULG,Male,0,Yes,No,9,Yes,No,Fiber optic,No,No,No,Yes,Yes,No,One year,No,Mailed check,103.14,855.23,No
1814-NDHUA,Female,0,Yes,Yes,24,Yes,No,Fiber optic,No,No,No,No,No,No,One year,Yes,Credit card (automatic),100.7,2398.04,No
3139-WXLQN,Male,0,Yes,No,53,No,No phone service,Fiber optic,No,No,No,No,Yes,No,Month-to-month,No,Bank transfer (automatic),62.98,3309.34,No
1160-KQWUW,Female,0,Yes,Yes,54,Yes,No,Fiber optic,No,No,No,No,No,No,Month-to-month,Yes,Bank transfer (automatic),101.41,5518.34,No
5449-FQMMQ,Female,0,No,No,43,Yes,No,DSL,No,No,No,Yes,No,No,Month-to-month,Yes,Bank transfer (automatic),59.36,2556.26,No
4052-YOLNJ,Male,0,Yes,No,59,Yes,Yes,No,No internet service,No internet service,No internet service,No internet service,No internet service,No internet service,Month-to-month,Yes,Credit card (automatic),26.57,1553.64,No
5678-NCVZJ,Female,0,Yes,No,3,Yes,No,DSL,No,No,No,Yes,No,Yes,Month-to-month,Yes,Credit card (automatic),69.81,217.99,Yes
7442-AAJQE,Female,0,No,Yes,26,Yes,No,DSL,No,No,Yes,Yes,No,Yes,Month-to-month,Yes,Electronic check,49.69,1389.08,No
6511-CRRVJ,Female,0,Yes,No,64,Yes,Yes,DSL,No,No,Yes,Yes,No,Yes,Two year,No,Credit card (automatic),67.1,4257.69,No
8537-CDUZU,Male,0,No,No,27,Yes,No,Fiber optic,No,No,No,No,No,No,Two year,No,Electronic check,77.24,2133.65,No
7161-EEYPI,Female,0,Yes,No,56,Yes,No,No,No internet service,No internet service,No internet service,No internet service,No internet service,No internet service,Month-to-month,No,Mailed check,24.23,1312.7,No
5676-KPYKE,Female,0,Yes,Yes,19,No,No phone service,No,No internet service,No internet service,No internet service,No internet service,No internet service,No internet service,Month-to-month,Yes,Mailed check,26.01,476.87,No
2286-YPQPF,Female,0,Yes,No,27,Yes,No,Fiber optic,Yes,No,No,No,No,No,Month-to-month,Yes,Bank transfer (automatic),66.17,1739.41,No
5658-PHUAB,Female,0,No,No,23,Yes,No,Fiber optic,No,Yes,No,Yes,Yes,No,Two year,Yes,Electronic check,69.23,1597.29,No
2577-PSZZW,Female,1,Yes,No,29,Yes,No,DSL,No,No,Yes,Yes,Yes,Yes,One year,No,Credit card (automatic),69.14,2037.22,Yes
6671-ANQKX,Male,1,No,No,19,Yes,Yes,Fiber optic,No,Yes,No,Yes,No,Yes,Month-to-month,Yes,Bank transfer (automatic),95.23,1757.59,No
7211-FYKUQ,Male,0,No,No,2,No,No phone service,DSL,Yes,No,No,Yes,Yes,No,Month-to-month,Yes,Electronic check,64.15,139.36,No
2285-EKXUW,Male,0,Yes,No,51,Yes,No,DSL,No,No,Yes,No,Yes,No,Two year,Yes,Credit card (automatic),45.23,2321.42,No
2138-MJZFX,Male,0,No,No,13,Yes,Yes,No,No internet service,No internet service,No internet service,No internet service,No internet service,No internet service,Month-to-month,No,Mailed check,22.94,312.15,No
2850-MDBAQ,Female,0,Yes,Yes,64,Yes,No,Fiber optic,Yes,No,No,Yes,No,Yes,Two year,No,Mailed check,98.39,6226.69,No
9656-WTWIV,Female,0,Yes,No,60,Yes,No,No,No internet service,No internet service,No internet service,No internet service,No internet service,No internet service,Two year,Yes,Electronic check,40.35,2482.94,No
7304-SZDUE,Male,0,No,No,57,Yes,Yes,Fiber optic,Yes,No,Yes,No,Yes,Yes,One year,Yes,Credit card (automatic),101.53,5774.68,No
7695-SSTHY,Female,0,Yes,No,2,Yes,No,Fiber optic,Yes,Yes,Yes,Yes,Yes,Yes,Two year,Yes,Electronic check,101.76,188.49,Yes
5530-PTBJD,Female,0,No,No,22,Yes,No,Fiber optic,No,Yes,No,Yes,No,Yes,Month-to-month,Yes,Mailed check,118.75,2592.08,No
8032-MCRTY,Male,0,No,No,1,Yes,Yes,No,No internet service,No internet service,No internet service,No internet service,No internet service,No internet service,Month-to-month,Yes,Bank transfer (automatic),25.3,0.0,No
8527-NNMTJ,Female,0,Yes,No,37,No,No phone service,DSL,No,No,No,No,No,No,Month-to-month,Yes,Electronic check,59.28,2220.14,Yes
6300-KGLOS,Female,0,Yes,No,39,Yes,No,DSL,No,No,No,Yes,No,No,Month-to-month,No,Credit card (automatic),49.1,1922.98,No
9706-PPMUT,Female,0,No,No,59,Yes,No,Fiber optic,No,No,Yes,No,No,Yes,Month-to-month,Yes,Credit card (automatic),82.2,4894.69,No
5392-EHBYQ,Male,0,No,No,45,Yes,Yes,Fiber optic,Yes,Yes,Yes,No,No,No,Month-to-month,No,Electronic check,86.81,3954.64,Yes
6131-WGRWA,Female,0,Yes,No,1,Yes,Yes,Fiber optic,No,Yes,No,Yes,Yes,Yes,Two year,Yes,Electronic check,70.11,49.76,Yes
1825-FHTVF,Female,0,No,Yes,26,Yes,No,No,No internet service,No internet service,No internet service,No internet service,No internet service,No internet service,One year,Yes,Bank transfer (automatic),33.39,917.91,Yes
7254-ESWPU,Female,0,Yes,No,6,Yes,No,No,No internet service,No internet service,No internet service,No internet service,No internet service,No internet service,Month-to-month,No,Bank transfer (automatic),30.34,153.81,No
1226-ALBPO,Female,0,No,Yes,32,Yes,No,Fiber optic,No,No,No,No,No,Yes,Month-to-month,Yes,Credit card (automatic),96.07,3138.86,Yes
1175-YMZGK,Female,0,Yes,No,63,Yes,No,Fiber optic,No,No,No,No,Yes,Yes,One year,Yes,Mailed check,69.74,4449.78,No
5168-FXSEQ,Male,0,Yes,No,47,Yes,No,Fiber optic,Yes,No,Yes,Yes,Yes,Yes,One year,Yes,Credit card (automatic),67.0,3102.03,No
4096-JPVIM,Female,0,No,Yes,12,No,No phone service,Fiber optic,No,Yes,No,Yes,Yes,Yes,Two year,No,Credit card (automatic),65.98,844.8,No
1797-URMVC,Male,1,No,No,2,Yes,No,No,No internet service,No internet service,No internet service,No internet service,No internet service,No internet service,Two year,Yes,Mailed check,19.86,31.36,No
6238-DCRIV,Female,0,No,No,28,Yes,No,DSL,Yes,No,No,No,Yes,Yes,One year,Yes,Electronic check,54.99,1495.58,No
2234-XGFJA,Male,0,No,Yes,0,Yes,No,DSL,No,Yes,No,Yes,No,No,One year,No,Bank transfer (automatic),64.56, ,Yes
8727-YGWUD,Male,0,Yes,No,24,Yes,Yes,Fiber optic,No,Yes,Yes,Yes,No,No,Month-to-month,Yes,Credit card (automatic),64.69,1454.32,No
9359-NASHV,Female,0,Yes,Yes,53,Yes,No,DSL,No,No,Yes,Yes,Yes,No,Two year,Yes,Electronic check,78.78,4152.86,No
7362-LDHSY,Male,0,No,Yes,38,Yes,Yes,DSL,No,Yes,Yes,Yes,No,Yes,Month-to-month,No,Electronic check,39.55,1535.73,No
6577-PXXWV,Female,0,Yes,No,6,Yes,No,DSL,No,Yes,No,Yes,Yes,No,Month-to-month,No,Bank transfer (automatic),56.78,315.78,Yes
1861-YCMXV,Male,0,No,Yes,0,Yes,No,No,No internet service,No internet service,No internet service,No internet service,No internet service,No internet service,Month-to-month,No,Electronic check,26.52, ,No
2070-TWLJI,Female,0,Yes,No,67,Yes,Yes,No,No internet service,No internet service,No internet service,No internet service,No internet service,No internet service,Month-to-month,Yes,Bank transfer (automatic),24.42,1620.47,No
9776-UTOAN,Female,0,No,No,13,Yes,No,Fiber optic,Yes,No,No,No,Yes,Yes,Month-to-month,No,Electronic check,114.04,1529.8,Yes
6081-KOIEI,Male,0,No,No,67,Yes,No,Fiber optic,Yes,No,No,Yes,Yes,Yes,Two year,Yes,Bank transfer (automatic),94.72,6322.0,No
6290-YTDNO,Female,0,No,No,66,Yes,No,DSL,No,Yes,Yes,Yes,No,No,Month-to-month,Yes,Electronic check,76.93,5083.47,No
1036-GLXCB,Male,0,Yes,No,38,Yes,No,No,No internet service,No internet service,No internet service,No internet service,No internet service,No internet service,One year,No,Bank transfer (automatic),18.0,712.02,No
1691-ZHMMW,Female,0,No,No,58,Yes,No,DSL,No,No,Yes,No,No,No,One year,No,Electronic check,57.85,3370.0,No
1807-DYOPE,Female,0,No,No,37,Yes,Yes,Fiber optic,Yes,Yes,No,No,No,No,Two year,Yes,Mailed check,85.97,3127.88,No
7193-REHSW,Female,0,No,No,36,Yes,No,Fiber optic,No,No,No,No,Yes,Yes,Month-to-month,No,Mailed check,66.98,2474.31,Yes
3954-WJXMD,Male,0,No,No,55,Yes,No,DSL,Yes,Yes,No,No,Yes,No,Month-to-month,No,Electronic check,49.62,2696.09,No
4607-SPQQY,Male,0,Yes,No,27,Yes,No,Fiber optic,No,No,No,No,No,Yes,Two year,No,Mailed check,75.41,1981.01,No
1485-IWHYS,Female,0,Yes,No,4,No,No phone service,Fiber optic,Yes,No,No,Yes,No,Yes,Month-to-month,Yes,Electronic check,101.49,433.73,Yes
8821-FNEMX,Female,0,Yes,No,56,Yes,No,Fiber optic,Yes,No,Yes,No,No,No,One year,No,Credit card (automatic),66.83,3783.92,No
7504-NKTCR,Male,1,No,No,23,Yes,No,Fiber optic,No,No,No,Yes,No,Yes,Month-to-month,No,Credit card (automatic),91.48,2152.39,Yes
9554-EIRIL,Male,0,No,No,24,Yes,Yes,DSL,No,Yes,No,No,Yes,Yes,Month-to-month,Yes,Bank transfer (automatic),69.23,1668.68,Yes
8909-OPYTA,Male,0,Yes,No,26,Yes,No,No,No internet service,No internet service,No internet service,No internet service,No internet service,No internet service,Month-to-month,No,Electronic check,27.07,685.9,No
9521-ODUKV,Female,0,No,Yes,0,Yes,Yes,Fiber optic,Yes,No,Yes,No,No,Yes,Month-to-month,Yes,Electronic check,97.39, ,Yes
7844-JVHMH,Male,1,Yes,No,0,No,No phone service,No,No internet service,No internet service,No internet service,No internet service,No internet service,No internet service,Two year,No,Bank transfer (automatic),24.16, ,No
8910-IAKSA,Male,0,No,No,68,Yes,Yes,Fiber optic,Yes,Yes,No,Yes,Yes,No,Two year,Yes,Mailed check,76.52,5259.82,No
5835-KYKDI,Female,0,Yes,No,47,Yes,No,Fiber optic,No,Yes,Yes,No,Yes,No,Month-to-month,Yes,Mailed check,93.27,4399.12,No
2524-WOJLJ,Male,0,Yes,No,57,Yes,No,Fiber optic,No,Yes,No,Yes,Yes,No,Month-to-month,No,Credit card (automatic),77.75,4429.92,No
5609-QFERH,Female,0,Yes,No,44,Yes,No,DSL,No,Yes,Yes,Yes,No,Yes,Two year,Yes,Bank transfer (automatic),76.52,3470.13,No
5505-XMNZG,Male,0,No,No,71,Yes,No,DSL,Yes,Yes,Yes,Yes,Yes,No,Month-to-month,Yes,Credit card (automatic),67.2,4819.21,No
5189-LWBEW,Female,0,No,Yes,47,Yes,Yes,Fiber optic,No,No,No,No,No,No,Month-to-month,No,Mailed check,74.09,3417.89,No
4563-ZNRDX,Female,1,Yes,No,5,No,No phone service,Fiber optic,Yes,Yes,Yes,Yes,No,No,One year,Yes,Mailed check,101.07,531.53,No
2365-AVDRQ,Female,0,No,No,3,Yes,No,Fiber optic,No,No,Yes,Yes,No,No,Month-to-month,Yes,Bank transfer (automatic),73.97,267.49,Yes
9088-NGILE,Male,0,No,No,20,Yes,No,No,No internet service,No internet service,No internet service,No internet service,No internet service,No internet service,Two year,No,Bank transfer (automatic),23.5,483.14,No
9185-ATLYX,Female,0,Yes,No,48,Yes,Yes,No,No internet service,No internet service,No internet service,No internet service,No internet service,No internet service,Month-to-month,No,Electronic check,28.37,1340.81,No
5644-WPERU,Female,1,No,No,9,Yes,No,Fiber optic,Yes,Yes,No,No,Yes,No,Month-to-month,Yes,Credit card (automatic),79.3,775.07,Yes
9438-VXPMR,Male,0,Yes,No,40,Yes,No,DSL,No,No,Yes,No,Yes,No,Month-to-month,Yes,Electronic check,57.98,2345.24,No
5224-FDGNO,Male,0,No,No,56,Yes,No,Fiber optic,Yes,No,No,No,No,No,Month-to-month,No,Electronic check,81.6,4537.3,Yes
6937-LXNLN,Male,0,No,No,54,Yes,Yes,No,No internet service,No internet service,No internet service,No internet service,No internet service,No internet service,Month-to-month,No,Bank transfer (automatic),18.14,936.04,No
2858-NXLUZ,Female,0,Yes,No,47,Yes,No,DSL,No,No,No,No,No,Yes,One year,No,Mailed check,48.96,2332.7,No
9815-MFZJO,Female,0,No,No,2,Yes,No,DSL,Yes,No,No,Yes,No,No,Month-to-month,No,Electronic check,44.19,142.5,No
5717-BRDMZ,Female,0,Yes,No,15,Yes,No,Fiber optic,No,No,Yes,Yes,No,Yes,Month-to-month,No,Bank transfer (automatic),65.86,1002.29,No
9730-OCMVU,Female,0,No,No,67,Yes,Yes,DSL,No,Yes,Yes,No,No,Yes,Month-to-month,Yes,Mailed check,67.99,4589.32,No
7551-PGGJJ,Female,1,No,Yes,46,Yes,Yes,Fiber optic,Yes,No,No,No,No,No,Month-to-month,Yes,Mailed check,83.1,3818.73,No
8805-QLXFI,Male,1,Yes,Yes,1,Yes,No,No,No internet service,No internet service,No internet service,No internet service,No internet service,No internet service,Month-to-month,Yes,Electronic check,27.05,112.59,Yes
9400-YMBXG,Male,0,No,No,58,Yes,No,Fiber optic,Yes,Yes,Yes,No,Yes,No,Month-to-month,Yes,Electronic check,89.37,5204.0,No
6622-VYVEU,Female,0,Yes,No,5,No,No phone service,No,No internet service,No internet service,No internet service,No internet service,No internet service,No internet service,Month-to-month,No,Credit card (automatic),37.35,214.99,No
7152-JZIMN,Male,0,No,No,5,Yes,No,Fiber optic,No,No,No,No,No,Yes,Month-to-month,Yes,Electronic check,62.72,341.94,Yes
8519-ZMSQD,Female,0,No,No,5,Yes,Yes,Fiber optic,No,No,Yes,Yes,No,Yes,Month-to-month,Yes,Mailed check,92.21,486.95,Yes
6176-WYWCP,Female,0,No,No,52,Yes,No,DSL,No,Yes,No,No,Yes,No,One year,Yes,Bank transfer (automatic),55.6,2935.99,No
7533-GUIXC,Male,0,No,Yes,63,Yes,Yes,Fiber optic,No,No,Yes,No,Yes,Yes,Two year,Yes,Mailed check,101.4,6296.22,No
7249-HLJIA,Female,0,No,Yes,39,Yes,Yes,Fiber optic,No,Yes,No,No,No,No,One year,Yes,Electronic check,100.61,3884.62,No
5287-FBGZF,Male,0,Yes,No,39,Yes,Yes,DSL,No,No,No,Yes,Yes,Yes,Month-to-month,No,Bank transfer (automatic),54.1,2143.44,No
9057-ENPVZ,Female,0,Yes,Yes,3,Yes,No,No,No internet service,No internet service,No internet service,No internet service,No internet service,No internet service,Month-to-month,No,Credit card (automatic),41.84,106.52,No
7225-OSJLO,Female,0,No,Yes,2,No,No phone service,Fiber optic,Yes,No,No,Yes,Yes,No,Month-to-month,Yes,Credit card (automatic),109.14,244.73,Yes
2640-UHYYO,Female,0,Yes,No,67,No,No phone service,Fiber optic,No,No,No,No,No,No,Month-to-month,No,Electronic check,111.91,7518.53,No
8933-ISPFM,Male,0,Yes,No,7,Yes,Yes,Fiber optic,No,No,Yes,Yes,Yes,Yes,Month-to-month,Yes,Mailed check,107.0,731.43,Yes
6737-LWQNR,Male,0,Yes,No,66,Yes,No,No,No internet service,No internet service,No internet service,No internet service,No internet service,No internet service,Month-to-month,No,Electronic check,25.96,1768.11,No
8568-MAKGA,Male,0,No,Yes,41,Yes,Yes,DSL,No,No,No,Yes,No,No,Month-to-month,Yes,Credit card (automatic),44.66,1814.57,No
3630-FTTIB,Male,0,No,No,32,No,No phone service,Fiber optic,No,No,Yes,Yes,No,Yes,Two year,Yes,Bank transfer (automatic),82.48,2671.81,No
4649-VFOKF,Male,0,Yes,No,52,No,No phone service,DSL,Yes,Yes,No,Yes,Yes,No,One year,Yes,Credit card (automatic),66.74,3507.92,No
5090-LUBGN,Male,1,Yes,No,33,Yes,Yes,Fiber optic,No,Yes,No,No,No,Yes,One year,Yes,Bank transfer (automatic),72.27,2338.38,Yes
1778-VYOZO,Female,1,No,No,1,Yes,No,DSL,Yes,No,No,No,Yes,No,Two year,No,Credit card (automatic),57.58,64.71,No
1685-JWJVR,Male,0,Yes,No,43,No,No phone service,Fiber optic,No,No,Yes,No,Yes,Yes,Two year,Yes,Mailed check,77.58,3378.41,No
1472-QDGIQ,Male,1,No,Yes,8,Yes,No,Fiber optic,Yes,No,No,No,No,Yes,One year,Yes,Credit card (automatic),62.7,439.95,No
6234-EJNMQ,Female,0,No,Yes,40,No,No phone service,DSL,No,No,Yes,No,Yes,Yes,Month-to-month,No,Bank transfer (automatic),54.25,2134.21,No
5729-DIGWS,Female,1,No,No,38,Yes,No,DSL,Yes,Yes,Yes,No,No,Yes,Two year,No,Bank transfer (automatic),69.34,2586.97,No
3810-KPUKO,Female,1,Yes,Yes,8,Yes,No,No,No internet service,No internet service,No internet service,No internet service,No internet service,No internet service,Two year,Yes,Electronic check,23.68,254.28,No
8943-QANTY,Female,0,No,Yes,12,Yes,No,DSL,No,Yes,Yes,Yes,Yes,Yes,Month-to-month,No,Bank transfer (automatic),67.78,826.94,No
1265-ZNQQA,Female,1,No,Yes,39,Yes,Yes,DSL,Yes,No,Yes,No,No,No,One year,Yes,Credit card (automatic),52.86,2122.01,No
2424-FWHKH,Female,0,Yes,No,57,No,No phone service,No,No internet service,No internet service,No internet service,No internet service,No internet service,No internet service,One year,Yes,Electronic check,23.25,1306.56,No
1433-RIDMR,Female,0,No,No,59,Yes,No,Fiber optic,No,No,Yes,No,No,Yes,Month-to-month,Yes,Credit card (automatic),90.78,5438.25,No
5046-NKGFV,Female,1,Yes,No,58,Yes,Yes,DSL,No,No,Yes,No,No,No,Two year,Yes,Electronic check,60.64,3500.82,No
1386-NXZAI,Male,0,No,No,67,No,No phone service,DSL,No,No,No,No,No,No,Month-to-month,No,Electronic check,50.61,3320.25,No
3025-XLCAQ,Male,0,No,No,69,Yes,Yes,No,No internet service,No internet service,No internet service,No internet service,No internet service,No internet service,One year,Yes,Electronic check,21.77,1432.35,No
9993-BXNRY,Male,0,Yes,Yes,31,Yes,No,Fiber optic,Yes,No,No,No,Yes,No,Month-to-month,Yes,Electronic check,89.14,2732.05,No
8492-RMKIG,Male,0,Yes,No,1,Yes,No,DSL,No,No,No,No,Yes,Yes,Month-to-month,Yes,Electronic check,41.08,33.81,No
1956-QTUFA,Female,1,Yes,No,62,Yes,No,Fiber optic,No,No,No,No,Yes,No,Month-to-month,No,Bank transfer (automatic),60.84,3759.01,No
7615-KFVSS,Male,1,Yes,No,13,Yes,No,DSL,No,Yes,Yes,Yes,No,No,Month-to-month,Yes,Credit card (automatic),67.79,877.2,Yes
7826-NABAZ,Male,0,No,Yes,28,Yes,Yes,DSL,Yes,No,Yes,No,No,No,One year,No,Mailed check,59.59,1650.44,No
6013-DHEOE,Male,1,Yes,No,4,Yes,No,No,No internet service,No internet service,No internet service,No internet service,No internet service,No internet service,Two year,Yes,Bank transfer (automatic),26.12,125.36,No
3314-BHQWY,Female,0,No,No,65,Yes,Yes,No,No internet service,No internet service,No internet service,No internet service,No internet service,No internet service,Month-to-month,Yes,Credit card (automatic),37.87,2379.42,No
1741-INMEA,Male,1,Yes,Yes,67,No,No phone service,Fiber optic,No,Yes,No,No,No,No,One year,Yes,Credit card (automatic),96.15,6383.61,No
6681-JWPPD,Female,0,No,No,34,Yes,No,Fiber optic,No,No,No,No,No,Yes,Month-to-month,No,Bank transfer (automatic),86.75,3093.33,Yes
2771-CEDMX,Female,0,No,Yes,1,Yes,No,Fiber optic,No,No,No,No,Yes,Yes,Month-to-month,Yes,Electronic check,75.79,104.22,No
8897-TNIJH,Male,0,No,Yes,24,Yes,No,DSL,No,No,No,Yes,Yes,No,Two year,Yes,Bank transfer (automatic),48.99,1100.42,No
5748-NKQHB,Female,0,No,Yes,41,Yes,No,Fiber optic,Yes,Yes,No,Yes,No,Yes,Month-to-month,No,Mailed check,86.44,3538.43,No
2520-DECXP,Male,0,No,No,9,Yes,No,Fiber optic,No,No,No,Yes,Yes,Yes,Month-to-month,No,Bank transfer (automatic),76.05,626.59,No
5049-GDEDX,Male,0,No,Yes,4,Yes,No,Fiber optic,No,Yes,No,Yes,No,Yes,Month-to-month,No,Bank transfer (automatic),82.94,357.81,Yes
3120-FPQWA,Female,0,No,No,3,Yes,No,Fiber optic,Yes,No,No,No,Yes,No,Month-to-month,Yes,Electronic check,61.41,167.12,No
5468-MLVYT,Female,0,Yes,No,49,Yes,Yes,DSL,No,Yes,No,Yes,No,Yes,Month-to-month,Yes,Credit card (automatic),56.76,2830.35,No
7927-NWRTI,Male,0,Yes,No,53,Yes,Yes,Fiber optic,No,No,No,No,Yes,No,Month-to-month,No,Electronic check,92.32,4845.64,Yes
3303-HPJOE,Female,0,Yes,No,4,Yes,No,No,No internet service,No internet service,No internet service,No internet service,No internet service,No internet service,Month-to-month,Yes,Electronic check,23.43,77.54,Yes
9913-LFQHR,Male,0,No,Yes,68,Yes,No,Fiber optic,No,No,Yes,No,Yes,Yes,Two year,Yes,Mailed check,105.85,7267.53,No
2602-AFRTC,Female,0,No,No,3,Yes,No,Fiber optic,No,Yes,Yes,Yes,Yes,No,Two year,Yes,Electronic check,78.94,276.44,No
3734-LEPRC,Female,0,No,No,56,Yes,No,DSL,No,No,Yes,No,Yes,No,Month-to-month,No,Bank transfer (automatic),67.43,3825.1,Yes
8713-QZQUK,Female,0,No,No,40,Yes,No,Fiber optic,Yes,No,No,No,No,No,One year,Yes,Bank transfer (automatic),81.83,3288.56,No
5259-EIMBM,Female,0,Yes,Yes,3,Yes,Yes,Fiber optic,No,No,No,Yes,No,Yes,Two year,No,Electronic check,76.94,324.24,No
1169-RWDXJ,Male,0,No,No,52,Yes,No,Fiber optic,No,No,No,No,Yes,No,One year,Yes,Bank transfer (automatic),87.01,4542.7,No
4904-SLNPZ,Female,0,Yes,No,9,Yes,Yes,Fiber optic,No,Yes,Yes,No,No,Yes,Month-to-month,Yes,Bank transfer (automatic),88.5,809.01,Yes
4792-OCVLB,Female,0,Yes,No,24,Yes,Yes,No,No internet service,No internet service,No internet service,No internet service,No internet service,No internet service,One year,Yes,Bank transfer (automatic),40.5,926.18,Yes
8916-CXFZG,Female,0,No,No,28,Yes,No,DSL,No,No,No,Yes,Yes,Yes,Two year,Yes,Bank transfer (automatic),42.75,1161.81,Yes
1621-DWSKU,Male,1,Yes,No,40,Yes,Yes,Fiber optic,No,No,No,No,Yes,No,Two year,Yes,Credit card (automatic),90.19,3672.26,No
2975-NUCTC,Male,0,No,No,43,Yes,Yes,DSL,Yes,Yes,Yes,Yes,Yes,No,Two year,Yes,Mailed check,47.33,1995.08,No
1043-LYDTU,Male,0,No,Yes,42,Yes,Yes,DSL,Yes,No,Yes,Yes,No,No,Month-to-month,No,Bank transfer (automatic),78.17,3272.45,Yes
9997-IFCIV,Male,0,No,No,56,Yes,No,Fiber optic,Yes,No,No,Yes,No,Yes,One year,No,Bank transfer (automatic),71.35,4058.85,No
3823-ETEFM,Male,0,Yes,Yes,7,Yes,No,Fiber optic,No,Yes,No,Yes,No,Yes,Month-to-month,Yes,Electronic check,105.95,802.1,Yes
1240-GQETY,Male,0,Yes,Yes,66,Yes,Yes,Fiber optic,No,No,No,Yes,No,No,Month-to-month,Yes,Bank transfer (automatic),84.63,5549.31,No
5240-UKLUK,Female,0,Yes,Yes,35,Yes,No,Fiber optic,Yes,No,Yes,No,No,Yes,Month-to-month,Yes,Mailed check,90.95,3243.5,No
1632-XUXJM,Male,1,No,Yes,43,Yes,Yes,Fiber optic,No,No,Yes,No,No,Yes,Two year,Yes,Electronic check,67.33,2918.43,No
2206-EMRYL,Female,1,Yes,No,18,Yes,Yes,DSL,Yes,Yes,Yes,No,No,Yes,Month-to-month,No,Mailed check,52.66,941.95,No
8753-RFARQ,Female,0,Yes,No,63,No,No phone service,No,No internet service,No internet service,No internet service,No internet service,No internet service,No internet service,Two year,No,Credit card (automatic),36.11,2316.5,No
7317-TJJQP,Female,0,No,No,63,Yes,No,No,No internet service,No internet service,No internet service,No internet service,No internet service,No internet service,Two year,No,Credit card (automatic),22.36,1421.74,No
8223-IBTQG,Male,0,No,No,65,No,No phone service,DSL,No,No,No,No,Yes,No,One year,Yes,Bank transfer (automatic),62.32,4053.49,No
3504-LGPHM,Male,0,No,No,49,Yes,Yes,No,No internet service,No internet service,No internet service,No internet service,No internet service,No internet service,Month-to-month,No,Electronic check,35.92,1744.45,No
9366-QIGUA,Female,1,Yes,No,36,Yes,Yes,No,No internet service,No internet service,No internet service,No internet service,No internet service,No internet service,Month-to-month,No,Mailed check,20.58,714.37,No
6423-VEJXY,Female,0,No,No,0,Yes,No,DSL,No,No,Yes,Yes,No,No,Month-to-month,Yes,Bank transfer (automatic),61.98, ,Yes
9658-YTCND,Male,0,Yes,No,24,Yes,Yes,Fiber optic,Yes,No,No,No,Yes,No,One year,Yes,Electronic check,80.07,1994.41,No
2509-JTUTM,Female,0,Yes,No,38,No,No phone service,DSL,Yes,Yes,Yes,No,Yes,No,Month-to-month,No,Electronic check,60.64,2228.94,No
6391-ZECXT,Female,0,Yes,No,34,Yes,Yes,Fiber optic,No,No,Yes,No,No,Yes,Month-to-month,Yes,Bank transfer (automatic),92.55,3119.95,No
3719-UXXHH,Female,0,No,No,4,Yes,No,DSL,No,Yes,No,No,No,Yes,One year,Yes,Credit card (automatic),50.7,189.24,Yes
6467-ZZCAD,Male,0,No,No,56,Yes,Yes,DSL,Yes,Yes,No,No,Yes,No,One year,Yes,Electronic check,72.13,3957.33,No
3369-TEPUQ,Female,0,Yes,No,50,Yes,No,Fiber optic,No,No,No,No,Yes,No,Month-to-month,No,Bank transfer (automatic),78.4,3813.51,No
6495-CQFWG,Male,0,No,No,31,Yes,Yes,DSL,Yes,Yes,Yes,Yes,No,No,Month-to-month,Yes,Credit card (automatic),52.07,1657.19,No
6436-EMGUL,Female,1,No,Yes,2,Yes,No,Fiber optic,No,No,No,No,No,No,Month-to-month,No,Credit card (automatic),94.16,137.34,No
5700-GYLMV,Male,0,Yes,No,4,Yes,Yes,No,No internet service,No internet service,No internet service,No internet service,No internet service,No internet service,Two year,No,Credit card (automatic),37.76,126.15,No
6781-XMXOK,Male,0,No,No,45,Yes,Yes,Fiber optic,No,Yes,No,No,No,Yes,Month-to-month,No,Credit card (automatic),71.31,3121.6,No
3731-TGFWE,Female,0,Yes,No,35,Yes,No,No,No internet service,No internet service,No internet service,No internet service,No internet service,No internet service,Month-to-month,Yes,Bank transfer (automatic),18.21,628.36,No
2943-ZIATT,Male,0,Yes,Yes,5,Yes,No,DSL,Yes,No,Yes,Yes,Yes,Yes,One year,No,Bank transfer (automatic),60.28,334.63,Yes
7986-DBTUR,Male,1,No,No,0,Yes,No,Fiber optic,No,No,Yes,Yes,No,No,Month-to-month,No,Mailed check,87.35, ,Yes
5320-RPOCU,Male,0,Yes,Yes,6,Yes,No,DSL,Yes,No,Yes,No,No,Yes,Month-to-month,Yes,Electronic check,45.33,316.31,No
5801-FQNGV,Male,0,No,No,37,Yes,No,Fiber optic,No,Yes,No,Yes,Yes,Yes,Month-to-month,Yes,Mailed check,100.92,3771.37,Yes
7302-MFLSW,Male,0,Yes,No,38,Yes,No,Fiber optic,Yes,No,Yes,Yes,Yes,No,Two year,No,Bank transfer (automatic),91.15,3394.84,No
4477-ISFHG,Male,0,No,No,3,Yes,No,Fiber optic,No,Yes,Yes,Yes,Yes,No,Two year,Yes,Credit card (automatic),84.35,281.15,No
4052-KZYAR,Female,1,No,No,30,Yes,Yes,Fiber optic,Yes,No,Yes,No,Yes,No,Month-to-month,No,Credit card (automatic),88.12,2597.08,No
3936-GLYYX,Female,0,No,Yes,0,Yes,Yes,Fiber optic,No,No,No,No,No,Yes,Month-to-month,Yes,Electronic check,92.04, ,Yes
8137-JMXIX,Male,0,No,No,9,Yes,Yes,DSL,Yes,No,No,Yes,No,Yes,One year,Yes,Mailed check,71.04,603.23,No
6380-GPXIW,Female,0,No,Yes,62,Yes,No,DSL,No,No,Yes,No,Yes,No,Two year,Yes,Electronic check,63.48,3928.4,No
6582-CQBQT,Male,0,Yes,No,33,No,No phone service,DSL,No,Yes,No,No,No,Yes,Month-to-month,Yes,Bank transfer (automatic),55.65,1793.72,Yes
6478-SVHYS,Female,0,Yes,No,2,Yes,Yes,No,No internet service,No internet service,No internet service,No internet service,No internet service,No internet service,Month-to-month,No,Mailed check,28.76,56.58,Yes
1670-NKJOL,Male,0,No,Yes,0,Yes,No,No,No internet service,No internet service,No internet service,No internet service,No internet service,No internet service,One year,Yes,Bank transfer (automatic),25.78, ,Yes
1711-PTXPM,Female,0,No,No,0,Yes,No,DSL,No,Yes,No,Yes,No,Yes,Month-to-month,Yes,Electronic check,47.36, ,Yes
5557-WUJXH,Male,0,Yes,No,37,Yes,No,Fiber optic,Yes,No,No,No,No,Yes,Month-to-month,No,Bank transfer (automatic),61.53,2278.5,No
2075-OYSND,Female,0,No,Yes,31,No,No phone service,DSL,No,Yes,Yes,Yes,Yes,No,Month-to-month,Yes,Credit card (automatic),57.86,1870.55,Yes
4919-QFDYE,Male,0,Yes,No,45,Yes,No,Fiber optic,No,No,No,Yes,No,Yes,One year,No,Credit card (automatic),74.62,3414.4,No
4478-WVEHZ,Female,0,Yes,Yes,32,Yes,Yes,DSL,Yes,Yes,Yes,No,No,No,One year,No,Electronic check,69.03,2226.17,No
8301-EXLLQ,Male,0,No,Yes,34,No,No phone service,No,No internet service,No internet service,No internet service,No internet service,No internet service,No internet service,One year,No,Credit card (automatic),34.75,1116.39,No
8978-VBMFI,Female,0,No,No,24,Yes,No,DSL,No,No,Yes,Yes,No,Yes,Month-to-month,Yes,Bank transfer (automatic),46.65,1067.5,No
1000-DCSQF,Male,0,No,No,56,Yes,Yes,Fiber optic,No,No,No,No,No,Yes,One year,Yes,Bank transfer (automatic),68.85,3891.43,No
2040-NYFNF,Female,0,Yes,No,30,Yes,No,DSL,Yes,Yes,No,No,No,No,One year,No,Mailed check,54.67,1655.01,No
2995-JOEYR,Female,0,Yes,No,38,Yes,Yes,Fiber optic,No,No,No,No,Yes,No,Two year,No,Credit card (automatic),71.48,2680.04,No
1304-SRJVZ,Female,0,No,No,65,Yes,No,DSL,Yes,Yes,No,No,No,No,Month-to-month,Yes,Electronic check,46.96,3140.56,No
7927-AJHCW,Male,0,Yes,No,37,Yes,No,DSL,No,No,No,No,Yes,No,Month-to-month,No,Credit card (automatic),45.78,1620.89,No
5893-PYUGI,Male,0,No,Yes,32,No,No phone service,No,No internet service,No internet service,No internet service,No internet service,No internet service,No internet service,Month-to-month,Yes,Credit card (automatic),36.24,1167.15,No
6487-XDOYP,Male,1,Yes,Yes,50,Yes,Yes,Fiber optic,Yes,No,No,No,Yes,No,Month-to-month,Yes,Bank transfer (automatic),92.17,4567.47,No
7208-JDLFS,Male,0,Yes,No,26,Yes,Yes,Fiber optic,Yes,No,No,No,Yes,No,Month-to-month,No,Mailed check,70.09,1893.55,Yes
9464-YRTTP,Female,0,Yes,No,62,No,No phone service,Fiber optic,No,No,No,No,Yes,Yes,Two year,Yes,Mailed check,99.05,6098.5,No
8808-JWKIC,Female,1,Yes,No,15,Yes,Yes,DSL,No,No,Yes,No,Yes,Yes,Two year,Yes,Mailed check,59.45,848.08,No
2076-WXFUC,Female,0,Yes,Yes,31,Yes,Yes,No,No internet service,No internet service,No internet service,No internet service,No internet service,No internet service,Month-to-month,No,Credit card (automatic),34.48,993.15,No
9168-WTBAV,Female,0,No,No,3,Yes,No,DSL,No,No,Yes,No,No,No,Month-to-month,No,Electronic check,78.65,233.46,Yes
6876-MNPKV,Female,0,No,Yes,64,Yes,No,Fiber optic,Yes,No,Yes,Yes,No,No,One year,Yes,Electronic check,104.64,6730.79,No
8406-XFCLV,Female,0,Yes,No,59,Yes,No,No,No internet service,No internet service,No internet service,No internet service,No internet service,No internet service,Month-to-month,Yes,Bank transfer (automatic),30.01,1763.89,No
9526-WWQFH,Female,0,No,No,2,Yes,No,Fiber optic,No,No,Yes,No,Yes,No,Month-to-month,Yes,Bank transfer (automatic),62.47,83.17,No
9881-CAEHI,Male,0,Yes,Yes,1,Yes,Yes,Fiber optic,No,No,No,Yes,Yes,Yes,Month-to-month,Yes,Bank transfer (automatic),96.94,95.3,Yes
8142-LKDDG,Female,0,Yes,No,9,Yes,No,DSL,Yes,No,No,No,Yes,No,Month-to-month,Yes,Bank transfer (automatic),52.48,511.74,Yes
4453-HJTKB,Female,0,No,No,47,Yes,No,DSL,No,No,No,No,Yes,No,Month-to-month,No,Bank transfer (automatic),79.86,3751.64,No
1497-QDMSG,Male,0,No,No,8,Yes,Yes,DSL,No,Yes,No,No,No,Yes,One year,No,Credit card (automatic),57.24,455.38,No
1171-WWAKV,Male,0,No,No,56,Yes,Yes,Fiber optic,No,Yes,No,No,No,Yes,One year,Yes,Bank transfer (automatic),77.63,4327.89,No
9208-NNBSN,Female,0,Yes,Yes,64,Yes,Yes,No,No internet service,No internet service,No internet service,No internet service,No internet service,No internet service,Month-to-month,Yes,Credit card (automatic),23.71,1547.19,No
6143-EMQVV,Female,0,Yes,Yes,34,Yes,No,Fiber optic,No,No,No,No,No,Yes,Month-to-month,Yes,Electronic check,96.9,3288.37,Yes
9572-OWWJY,Female,0,No,Yes,10,Yes,Yes,DSL,Yes,Yes,No,Yes,No,No,One year,No,Electronic check,58.54,632.03,No
4707-ZKTAZ,Female,1,No,Yes,12,Yes,Yes,DSL,Yes,Yes,No,Yes,No,No,Month-to-month,No,Credit card (automatic),43.5,589.94,Yes
6678-MVISP,Male,0,No,No,61,Yes,Yes,DSL,No,Yes,No,Yes,No,No,One year,No,Mailed check,48.57,2909.29,No
1441-ESVLS,Male,0,No,No,69,Yes,Yes,No,No internet service,No internet service,No internet service,No internet service,No internet service,No internet service,Two year,No,Credit card (automatic),29.19,2002.62,No
1938-KNWCJ,Female,0,Yes,No,8,Yes,No,DSL,No,Yes,No,Yes,Yes,Yes,One year,No,Mailed check,57.63,449.56,No
6671-UPXCD,Female,0,No,No,52,Yes,Yes,Fiber optic,No,No,Yes,No,No,Yes,Month-to-month,Yes,Mailed check,92.3,4840.97,No
4441-MIBPA,Female,0,No,No,4,Yes,Yes,No,No internet service,No internet service,No internet service,No internet service,No internet service,No internet service,Two year,Yes,Mailed check,24.09,128.25,No
6060-RILBV,Female,0,Yes,Yes,18,Yes,No,No,No internet service,No internet service,No internet service,No internet service,No internet service,No internet service,Month-to-month,Yes,Mailed check,32.01,567.71,No
4061-DKQTU,Male,0,Yes,Yes,60,Yes,No,DSL,Yes,Yes,No,No,No,No,Month-to-month,No,Mailed check,54.29,3296.92,No
6613-GTWSE,Female,0,No,No,52,Yes,No,No,No internet service,No internet service,No internet service,No internet service,No internet service,No internet service,Two year,Yes,Credit card (automatic),29.01,1561.87,No
2950-EDDYU,Male,1,Yes,No,53,Yes,Yes,DSL,No,Yes,No,No,No,No,One year,No,Electronic check,68.49,3607.87,No
2277-SGTZG,Male,0,No,Yes,24,Yes,No,No,No internet service,No internet service,No internet service,No internet service,No internet service,No internet service,One year,No,Mailed check,30.0,780.32,No
7766-YVIUC,Male,0,No,No,2,Yes,Yes,DSL,No,No,Yes,No,Yes,No,Month-to-month,Yes,Electronic check,66.16,33.46,No
8654-YEDWX,Male,0,Yes,Yes,4,Yes,No,DSL,No,Yes,Yes,No,Yes,Yes,One year,No,Bank transfer (automatic),72.23,189.64,No
9053-BLJDZ,Female,0,No,No,3,Yes,No,No,No internet service,No internet service,No internet service,No internet service,No internet service,No internet service,One year,Yes,Electronic check,23.88,47.61,No
1788-HVZTL,Male,0,No,No,0,Yes,Yes,Fiber optic,No,No,Yes,Yes,Yes,Yes,Month-to-month,Yes,Electronic check,78.58, ,No
4224-AMTSC,Male,1,Yes,Yes,34,Yes,No,No,No internet service,No internet service,No internet service,No internet service,No internet service,No internet service,Month-to-month,Yes,Mailed check,26.25,857.66,No
1325-MBDRN,Female,0,No,No,49,Yes,Yes,Fiber optic,No,No,Yes,No,No,No,One year,Yes,Mailed check,79.85,3900.28,No
9503-ONEOS,Female,1,Yes,No,30,No,No phone service,Fiber optic,Yes,No,Yes,Yes,No,Yes,Month-to-month,No,Mailed check,87.65,2631.21,No
5834-OIDZO,Male,0,No,No,55,Yes,No,Fiber optic,No,Yes,No,Yes,No,No,Two year,Yes,Mailed check,106.69,5812.77,No
8641-EBZHP,Male,0,Yes,No,24,Yes,Yes,No,No internet service,No internet service,No internet service,No internet service,No internet service,No internet service,Month-to-month,Yes,Electronic check,36.16,890.61,No
8330-ZNYOU,Male,0,Yes,No,54,Yes,No,DSL,No,Yes,No,Yes,No,No,Month-to-month,Yes,Electronic check,56.1,3038.03,No
4716-AGJOU,Female,1,No,Yes,51,Yes,No,Fiber optic,No,No,No,No,Yes,No,Month-to-month,No,Bank transfer (automatic),76.63,3891.18,No
1073-AKRXC,Male,0,Yes,Yes,0,Yes,No,DSL,No,No,No,Yes,Yes,No,One year,Yes,Credit card (automatic),52.65, ,No
1697-BGOSI,Male,0,Yes,No,2,Yes,Yes,DSL,No,Yes,No,No,No,No,Month-to-month,No,Electronic check,68.94,82.27,No
9659-REYKM,Male,0,Yes,No,12,Yes,Yes,DSL,Yes,No,Yes,Yes,No,No,Month-to-month,Yes,Electronic check,39.96,438.06,No
4709-WEHIG,Female,0,No,Yes,58,Yes,Yes,DSL,No,No,Yes,No,No,No,Month-to-month,Yes,Bank transfer (automatic),68.63,4048.56,No
9780-RUXDN,Male,0,No,No,26,No,No phone service,DSL,No,No,Yes,No,No,No,One year,No,Electronic check,65.16,1660.86,No
7494-YVYOA,Female,0,Yes,No,48,Yes,No,Fiber optic,No,No,No,No,No,No,Two year,No,Mailed check,71.58,3453.47,No
7214-HQYVU,Male,0,Yes,Yes,59,Yes,No,Fiber optic,No,No,No,No,Yes,No,Two year,No,Electronic check,79.69,4662.11,No
8009-QIGHA,Female,0,Yes,Yes,48,Yes,Yes,DSL,Yes,Yes,Yes,Yes,No,Yes,Two year,Yes,Bank transfer (automatic),52.71,2543.29,No
7857-NIXDG,Male,0,No,No,52,Yes,No,Fiber optic,No,Yes,Yes,No,Yes,No,Month-to-month,Yes,Credit card (automatic),100.42,5141.96,No
7297-BWDWX,Male,0,Yes,Yes,7,Yes,No,No,No internet service,No internet service,No internet service,No internet service,No internet service,No internet service,Month-to-month,No,Electronic check,38.49,233.99,Yes
6421-ZHMCI,Male,0,No,No,66,Yes,No,No,No internet service,No internet service,No internet service,No internet service,No internet service,No internet service,Month-to-month,Yes,Bank transfer (automatic),23.62,1596.59,No
2787-QFOWG,Female,0,Yes,No,28,Yes,No,Fiber optic,No,No,No,Yes,Yes,No,Month-to-month,No,Electronic check,85.15,2428.5,No
1119-SRVZK,Female,0,No,Yes,48,Yes,Yes,Fiber optic,No,No,No,No,No,No,Two year,Yes,Mailed check,95.96,4602.64,No
7767-DMCGU,Male,1,No,No,11,Yes,No,Fiber optic,No,No,No,Yes,No,No,Two year,No,Electronic check,64.22,691.6,No
4130-IWSWY,Male,0,Yes,Yes,3,Yes,No,Fiber optic,No,No,No,Yes,Yes,Yes,Month-to-month,Yes,Bank transfer (automatic),87.74,229.64,No
3482-RCSWA,Female,0,No,No,37,Yes,No,Fiber optic,No,No,No,No,No,No,Two year,Yes,Credit card (automatic),112.64,4174.23,No
2736-OAXDA,Female,0,Yes,Yes,31,Yes,Yes,Fiber optic,No,No,No,No,Yes,No,One year,No,Bank transfer (automatic),105.52,3230.7,No
6990-ELMBO,Male,0,No,No,15,Yes,Yes,No,No internet service,No internet service,No internet service,No internet service,No internet service,No internet service,One year,Yes,Credit card (automatic),21.04,362.33,Yes
4037-IFDWB,Male,0,Yes,No,24,Yes,Yes,Fiber optic,No,Yes,No,No,No,No,Month-to-month,No,Bank transfer (automatic),68.75,1744.32,No
1511-LTFSI,Female,0,Yes,No,12,Yes,No,Fiber optic,No,Yes,Yes,No,No,Yes,Two year,Yes,Electronic check,92.26,1160.59,No
8373-GCTSB,Female,0,Yes,Yes,69,Yes,No,No,No internet service,No internet service,No internet service,No internet service,No internet service,No internet service,Month-to-month,No,Credit card (automatic),18.0,1246.38,No
8456-KGYCQ,Female,0,Yes,No,19,Yes,Yes,No,No internet service,No internet service,No internet service,No internet service,No internet service,No internet service,Two year,No,Mailed check,18.44,389.0,No
7378-TUKHP,Female,0,No,No,14,Yes,Yes,Fiber optic,No,No,No,No,No,Yes,Two year,Yes,Electronic check,77.42,1130.76,No
8613-YDQAF,Male,0,No,No,27,Yes,Yes,Fiber optic,No,No,Yes,No,Yes,No,One year,No,Mailed check,57.63,1548.01,No
1019-PIFFX,Male,0,Yes,No,6,Yes,No,No,No internet service,No internet service,No internet service,No internet service,No internet service,No internet service,Month-to-month,No,Credit card (automatic),26.16,101.11,No
1848-RLKPR,Male,0,No,No,30,Yes,No,Fiber optic,Yes,Yes,No,No,No,Yes,One year,No,Credit card (automatic),107.1,3306.31,No
1894-XUSID,Male,0,No,No,1,No,No phone service,No,No internet service,No internet service,No internet service,No internet service,No internet service,No internet service,One year,Yes,Electronic check,21.37,40.62,Yes
9854-SQYNB,Male,0,Yes,No,0,Yes,Yes,DSL,No,No,Yes,No,Yes,No,Month-to-month,No,Mailed check,55.38, ,No
4195-JCMJU,Male,1,Yes,No,51,Yes,Yes,No,No internet service,No internet service,No internet service,No internet service,No internet service,No internet service,Month-to-month,Yes,Credit card (automatic),28.68,1532.96,No
6089-IDMZO,Male,0,No,No,3,Yes,No,Fiber optic,Yes,No,Yes,No,Yes,Yes,Month-to-month,Yes,Mailed check,99.63,274.54,Yes
9605-GDQWT,Female,1,Yes,No,16,Yes,No,DSL,No,Yes,No,Yes,No,Yes,Two year,Yes,Electronic check,63.39,1032.53,No
9868-KIVRB,Male,0,No,No,2,Yes,No,DSL,No,No,No,No,No,No,Month-to-month,No,Bank transfer (automatic),70.92,104.46,Yes
7202-BJEIG,Male,0,Yes,Yes,71,Yes,No,Fiber optic,No,Yes,No,No,No,No,Month-to-month,Yes,Bank transfer (automatic),85.39,5944.93,No
7845-GNBIH,Female,0,Yes,No,44,Yes,No,DSL,No,No,Yes,No,No,No,Two year,No,Credit card (automatic),50.21,2177.35,No
8771-QIKUI,Female,0,No,No,42,Yes,Yes,DSL,No,No,Yes,Yes,No,Yes,One year,Yes,Credit card (automatic),67.09,2941.68,No
4549-ZBQDN,Female,0,No,No,57,Yes,Yes,DSL,Yes,No,No,Yes,Yes,No,Month-to-month,Yes,Mailed check,75.59,4291.25,No
4783-QOFGF,Female,0,No,No,6,Yes,No,DSL,No,No,No,No,No,Yes,One year,No,Bank transfer (automatic),72.77,479.39,No
6001-YWGSA,Female,1,Yes,No,0,Yes,No,DSL,No,Yes,No,No,No,Yes,Month-to-month,No,Electronic check,53.99, ,Yes
4297-FMEFF,Male,0,No,Yes,53,No,No phone service,Fiber optic,No,No,Yes,Yes,No,No,Month-to-month,No,Electronic check,63.08,3451.69,No
3261-KDFQG,Male,0,No,No,34,Yes,No,Fiber optic,Yes,No,No,No,No,Yes,Month-to-month,Yes,Electronic check,68.45,2229.44,No
8039-UKOBO,Female,0,No,No,7,Yes,Yes,Fiber optic,No,No,No,Yes,Yes,No,Two year,No,Credit card (automatic),84.81,596.69,No
2438-NLZNK,Male,0,No,Yes,0,Yes,Yes,Fiber optic,Yes,No,No,No,No,No,One year,Yes,Credit card (automatic),106.59, ,No
4680-OPAUN,Male,0,No,Yes,0,Yes,Yes,DSL,Yes,No,Yes,No,No,No,Two year,Yes,Electronic check,65.31, ,No
8288-GKUGI,Male,0,No,No,58,Yes,Yes,No,No internet service,No internet service,No internet service,No internet service,No internet service,No internet service,One year,Yes,Mailed check,35.37,2121.73,No
3177-CQEIM,Male,0,No,No,11,Yes,No,No,No internet service,No internet service,No internet service,No internet service,No internet service,No internet service,One year,Yes,Credit card (automatic),24.2,300.92,No
9354-XPNSC,Male,0,No,No,47,No,No phone service,No,No internet service,No internet service,No internet service,No internet service,No internet service,No internet service,One year,Yes,Electronic check,35.5,1647.31,No
1431-HVQWQ,Male,0,No,No,5,Yes,No,DSL,No,No,Yes,Yes,No,No,One year,Yes,Credit card (automatic),51.34,137.88,No
6742-GYZKG,Female,1,No,No,53,Yes,Yes,No,No internet service,No internet service,No internet service,No internet service,No internet service,No internet service,Month-to-month,Yes,Bank transfer (automatic),21.9,1097.26,No
8934-TMUZX,Female,0,No,Yes,20,Yes,No,Fiber optic,No,Yes,Yes,No,Yes,Yes,Month-to-month,No,Mailed check,84.9,1693.82,No
4546-OBKAF,Male,0,Yes,No,53,Yes,No,Fiber optic,Yes,No,No,Yes,No,No,Month-to-month,Yes,Bank transfer (automatic),58.82,3050.71,Yes
6677-CAWNY,Female,1,Yes,No,15,Yes,Yes,No,No internet service,No internet service,No internet service,No internet service,No internet service,No internet service,Month-to-month,No,Bank transfer (automatic),22.8,353.72,No
1144-YYEPY,Male,0,Yes,No,1,No,No phone service,DSL,No,No,Yes,No,Yes,No,Month-to-month,No,Bank transfer (automatic),50.59,38.32,No
1792-IYWKF,Female,0,No,No,3,Yes,No,Fiber optic,No,Yes,No,Yes,No,No,Month-to-month,No,Electronic check,73.62,269.7,Yes
5597-CSZSI,Female,0,Yes,Yes,33,Yes,No,DSL,No,Yes,No,No,Yes,Yes,One year,Yes,Mailed check,54.58,1791.68,No
3630-JKIGS,Male,0,Yes,No,61,No,No phone service,DSL,Yes,No,No,No,No,No,Month-to-month,Yes,Electronic check,76.96,4673.87,No
2121-HXUDI,Female,1,No,No,9,No,No phone service,No,No internet service,No internet service,No internet service,No internet service,No internet service,No internet service,Month-to-month,No,Bank transfer (automatic),18.0,133.42,No
4231-BHICK,Female,0,Yes,No,24,Yes,No,Fiber optic,Yes,Yes,No,No,No,No,One year,Yes,Bank transfer (automatic),108.63,2589.02,No
5911-SIADO,Female,0,No,Yes,5,Yes,No,Fiber optic,No,No,No,No,Yes,No,Month-to-month,No,Mailed check,80.06,465.65,Yes
8135-PRFNJ,Female,1,No,Yes,0,Yes,No,Fiber optic,Yes,Yes,No,Yes,Yes,Yes,Two year,Yes,Electronic check,63.16, ,Yes
5342-MLWYH,Female,0,Yes,No,52,Yes,Yes,No,No internet service,No internet service,No internet service,No internet service,No internet service,No internet service,Month-to-month,No,Bank transfer (automatic),20.94,1092.14,No
8748-DYJHO,Male,1,Yes,No,16,Yes,Yes,Fiber optic,No,No,No,Yes,Yes,No,Two year,Yes,Credit card (automatic),99.52,1548.41,Yes
5525-ZQSTS,Female,0,No,No,51,Yes,No,DSL,No,No,No,Yes,No,Yes,Month-to-month,No,Bank transfer (automatic),44.71,2393.88,No
1305-LQYZZ,Female,0,No,No,36,Yes,Yes,DSL,No,Yes,Yes,No,No,Yes,One year,No,Electronic check,56.82,2081.73,No
5044-VKGTU,Female,0,Yes,Yes,66,Yes,No,DSL,Yes,Yes,No,No,No,No,Two year,Yes,Mailed check,60.06,3935.74,No
9805-KQYWB,Male,0,Yes,No,70,Yes,Yes,No,No internet service,No internet service,No internet service,No internet service,No internet service,No internet service,Month-to-month,Yes,Electronic check,21.69,1480.77,No
2032-OFVPR,Female,0,No,No,10,No,No phone service,DSL,Yes,Yes,No,No,No,No,Two year,No,Electronic check,57.41,582.48,No
5968-UGYPX,Male,0,No,Yes,6,Yes,Yes,DSL,Yes,No,No,No,Yes,Yes,One year,Yes,Electronic check,51.42,344.24,No
3259-TKUUD,Female,0,No,No,15,No,No phone service,Fiber optic,No,Yes,No,No,No,No,One year,No,Credit card (automatic),115.81,1793.61,No
1013-ONKYK,Male,0,Yes,Yes,1,Yes,No,DSL,No,No,Yes,No,Yes,Yes,Month-to-month,Yes,Mailed check,54.14,142.58,Yes
1050-JTHJU,Female,0,No,No,14,Yes,Yes,Fiber optic,No,Yes,No,No,No,No,One year,No,Electronic check,88.4,1202.33,No
8338-NFOKY,Female,0,No,No,62,Yes,Yes,No,No internet service,No internet service,No internet service,No internet service,No internet service,No internet service,Month-to-month,No,Electronic check,36.34,2171.36,No
5702-QDYVL,Male,0,Yes,Yes,0,No,No phone service,No,No internet service,No internet service,No internet service,No internet service,No internet service,No internet service,One year,Yes,Electronic check,25.47, ,No
5089-LATSR,Female,1,No,No,39,Yes,Yes,No,No internet service,No internet service,No internet service,No internet service,No internet service,No internet service,Month-to-month,Yes,Mailed check,27.07,1029.43,Yes
3683-TVAZN,Male,0,No,No,6,Yes,Yes,Fiber optic,No,No,No,No,No,Yes,Month-to-month,No,Credit card (automatic),71.81,491.85,Yes
3799-FWOVO,Female,1,No,Yes,6,Yes,Yes,No,No internet service,No internet service,No internet service,No internet service,No internet service,No internet service,Two year,Yes,Mailed check,27.38,129.39,No
1802-ETRUG,Female,1,No,No,1,Yes,No,Fiber optic,No,No,No,No,No,Yes,Month-to-month,Yes,Mailed check,73.51,133.48,Yes
5782-GGSIB,Male,0,Yes,No,5,Yes,Yes,DSL,No,Yes,Yes,No,No,No,Month-to-month,Yes,Electronic check,42.92,233.37,No
1079-RXZMM,Male,0,No,No,3,Yes,Yes,No,No internet service,No internet service,No internet service,No internet service,No internet service,No internet service,Month-to-month,Yes,Electronic check,21.38,0.0,No
8267-NLCHE,Male,0,Yes,Yes,27,Yes,Yes,No,No internet service,No internet service,No internet service,No internet service,No internet service,No internet service,Month-to-month,No,Electronic check,33.85,934.99,No
8939-GHQSF,Male,0,No,No,54,Yes,No,Fiber optic,No,No,Yes,No,No,No,One year,No,Mailed check,91.66,5044.43,No
2639-LOLXI,Female,0,Yes,Yes,4,Yes,Yes,DSL,Yes,No,No,No,Yes,No,One year,Yes,Mailed check,55.59,255.38,No
7204-NAQMY,Female,1,Yes,Yes,8,Yes,Yes,Fiber optic,Yes,No,Yes,No,Yes,Yes,Month-to-month,Yes,Electronic check,78.27,601.25,Yes
8189-UCZFT,Male,1,No,Yes,41,Yes,Yes,Fiber optic,No,No,Yes,No,No,Yes,Month-to-month,Yes,Credit card (automatic),98.75,4036.57,No
1462-WQBUX,Female,0,Yes,Yes,1,Yes,Yes,No,No internet service,No internet service,No internet service,No internet service,No internet service,No internet service,One year,Yes,Bank transfer (automatic),20.75,12.26,No
5276-ZAIKM,Male,0,No,No,1,Yes,No,Fiber optic,No,Yes,No,No,No,No,One year,Yes,Mailed check,65.55,94.31,No
5513-BOFLM,Female,0,Yes,No,46,Yes,No,Fiber optic,Yes,Yes,Yes,No,Yes,Yes,One year,No,Mailed check,89.94,4158.23,Yes
4470-VAMFH,Male,0,Yes,No,35,Yes,No,DSL,Yes,Yes,No,Yes,No,No,One year,Yes,Credit card (automatic),64.03,2188.04,No
7098-VQUHT,Female,0,Yes,No,16,Yes,No,Fiber optic,Yes,No,No,No,No,No,One year,Yes,Mailed check,83.62,1313.77,Yes
2610-GOKQI,Female,0,Yes,Yes,63,Yes,Yes,Fiber optic,No,Yes,Yes,No,Yes,No,Month-to-month,Yes,Credit card (automatic),74.77,4755.09,No
7170-CMILP,Male,0,Yes,No,0,Yes,Yes,DSL,Yes,No,No,Yes,Yes,Yes,Month-to-month,No,Mailed check,57.39, ,Yes
6433-DWEQS,Female,0,Yes,No,26,Yes,No,DSL,No,No,No,No,No,No,Two year,No,Mailed check,71.6,1814.21,No
9617-GOXZA,Female,1,No,Yes,1,Yes,No,DSL,Yes,Yes,No,Yes,Yes,No,Two year,Yes,Bank transfer (automatic),63.34,37.27,Yes
1379-NELWR,Male,0,No,No,40,Yes,No,Fiber optic,Yes,Yes,Yes,No,No,Yes,One year,No,Electronic check,76.59,3103.62,No
4548-BBZKD,Male,1,Yes,Yes,40,Yes,No,DSL,Yes,No,No,No,No,No,Two year,No,Credit card (automatic),55.67,2263.36,No
9071-ZOGLG,Female,0,Yes,No,21,Yes,No,Fiber optic,No,No,Yes,No,No,No,Month-to-month,No,Electronic check,87.28,1875.17,Yes
4167-DOWUB,Male,0,Yes,No,47,Yes,Yes,DSL,No,Yes,Yes,No,Yes,No,Month-to-month,Yes,Bank transfer (automatic),69.72,3288.1,No
8215-VXYEV,Male,1,Yes,Yes,7,Yes,No,No,No internet service,No internet service,No internet service,No internet service,No internet service,No internet service,Month-to-month,Yes,Bank transfer (automatic),18.0,138.83,Yes
7937-MEZCI,Male,0,Yes,No,60,Yes,Yes,No,No internet service,No internet service,No internet service,No internet service,No internet service,No internet service,Month-to-month,Yes,Electronic check,26.51,1564.1,No
8922-MGSYZ,Female,0,No,No,1,Yes,Yes,Fiber optic,No,No,Yes,Yes,No,No,One year,No,Mailed check,105.48,73.92,Yes
7923-IKHIZ,Male,0,No,Yes,7,Yes,No,DSL,No,No,No,Yes,No,Yes,Month-to-month,No,Credit card (automatic),69.43,387.88,No
5614-DJVJZ,Male,0,No,No,60,Yes,No,DSL,Yes,No,Yes,No,No,No,One year,Yes,Credit card (automatic),61.62,3688.34,No
7267-XAFNY,Female,0,No,No,8,Yes,Yes,DSL,Yes,No,Yes,Yes,No,No,Month-to-month,Yes,Electronic check,48.26,390.57,No
3573-MVCPI,Female,0,No,Yes,21,Yes,No,Fiber optic,No,No,No,Yes,Yes,Yes,Month-to-month,No,Bank transfer (automatic),93.98,1941.53,No
6733-EEFSF,Female,0,Yes,Yes,56,Yes,No,DSL,Yes,No,No,Yes,No,No,Month-to-month,Yes,Electronic check,65.48,3697.81,No
1177-QDTJG,Male,0,Yes,No,71,Yes,Yes,Fiber optic,Yes,No,No,No,No,No,Month-to-month,No,Credit card (automatic),106.74,7665.05,No
4156-DBONJ,Female,0,No,No,1,Yes,No,No,No internet service,No internet service,No internet service,No internet service,No internet service,No internet service,Month-to-month,Yes,Electronic check,21.83,33.41,Yes
5612-NRXUY,Female,0,Yes,No,43,Yes,Yes,DSL,Yes,No,Yes,No,No,No,Month-to-month,No,Credit card (automatic),75.14,3277.87,No
5256-TNPWA,Male,0,Yes,No,54,No,No phone service,No,No internet service,No internet service,No internet service,No internet service,No internet service,No internet service,Two year,Yes,Bank transfer (automatic),39.78,2104.23,No
4968-HWHBU,Female,1,No,No,56,Yes,Yes,Fiber optic,Yes,No,Yes,No,No,No,One year,Yes,Mailed check,114.2,6432.02,Yes
6807-RTUCW,Male,0,Yes,No,60,Yes,No,DSL,No,No,No,No,No,No,Month-to-month,Yes,Mailed check,45.51,2726.24,No
4024-WCVMK,Male,0,Yes,No,47,No,No phone service,DSL,No,Yes,Yes,Yes,No,Yes,Month-to-month,Yes,Mailed check,59.14,2793.76,Yes
8801-KAXKT,Male,0,No,Yes,63,Yes,No,DSL,No,No,No,No,Yes,Yes,Month-to-month,Yes,Electronic check,72.71,4585.4,No
6403-BVZDM,Female,1,Yes,Yes,0,Yes,No,Fiber optic,Yes,No,No,No,Yes,No,Two year,Yes,Mailed check,93.97, ,Yes
1110-SSZQE,Male,0,Yes,Yes,0,Yes,Yes,DSL,No,No,Yes,No,No,No,Month-to-month,No,Mailed check,72.93, ,Yes
4151-KBVDT,Male,0,Yes,No,39,Yes,No,Fiber optic,Yes,Yes,Yes,No,No,No,Month-to-month,Yes,Electronic check,89.24,3457.45,No
5243-UMUHX,Male,1,Yes,No,7,Yes,Yes,Fiber optic,Yes,No,No,No,No,No,Month-to-month,No,Electronic check,94.93,642.2,No
4371-OVTLD,Male,0,No,No,34,No,No phone service,Fiber optic,No,Yes,No,No,No,No,One year,Yes,Electronic check,70.41,2342.38,No
6749-GZSJF,Male,1,No,No,0,Yes,No,DSL,No,Yes,Yes,Yes,Yes,No,One year,Yes,Credit card (automatic),46.4, ,No
9734-JFGEA,Female,0,Yes,No,62,Yes,No,No,No internet service,No internet service,No internet service,No internet service,No internet service,No internet service,Month-to-month,Yes,Electronic check,29.34,1792.28,Yes
3632-IWXYK,Male,0,Yes,Yes,45,Yes,No,DSL,Yes,Yes,Yes,No,No,No,Month-to-month,Yes,Bank transfer (automatic),45.47,2080.41,No
9839-FIAXI,Male,1,Yes,No,67,Yes,No,Fiber optic,Yes,No,No,No,No,No,Two year,No,Credit card (automatic),93.94,6323.82,No
1143-RXIPJ,Female,1,No,No,8,Yes,Yes,Fiber optic,No,No,No,No,No,No,One year,Yes,Electronic check,94.21,837.82,No
7813-OOEXH,Male,0,Yes,No,35,Yes,Yes,No,No internet service,No internet service,No internet service,No internet service,No internet service,No internet service,One year,Yes,Bank transfer (automatic),28.7,1142.34,No
4028-VJSKI,Female,0,Yes,No,2,Yes,No,Fiber optic,No,No,No,Yes,No,No,Month-to-month,No,Bank transfer (automatic),68.37,174.83,Yes
4746-UZBQF,Male,0,No,Yes,45,Yes,No,No,No internet service,No internet service,No internet service,No internet service,No internet service,No internet service,Two year,Yes,Credit card (automatic),35.64,1504.63,No
2600-KWSNS,Male,0,No,No,49,Yes,Yes,DSL,Yes,No,No,No,Yes,No,One year,Yes,Mailed check,67.67,3296.19,No
3963-OFPOM,Male,0,No,No,0,No,No phone service,Fiber optic,No,No,No,No,No,No,Month-to-month,Yes,Electronic check,86.07, ,Yes
1779-TZWAM,Male,0,No,No,30,Yes,No,Fiber optic,No,No,No,Yes,No,No,One year,No,Credit card (automatic),84.85,2646.48,No
3543-YFZXL,Male,0,No,No,43,Yes,No,No,No internet service,No internet service,No internet service,No internet service,No internet service,No internet service,Two year,Yes,Credit card (automatic),30.4,1309.51,No
1021-CDQNN,Female,0,No,No,0,Yes,No,Fiber optic,No,No,Yes,Yes,No,Yes,Two year,Yes,Electronic check,85.88, ,Yes
3235-CNMFU,Male,0,No,Yes,51,No,No phone service,Fiber optic,No,No,No,Yes,No,Yes,Two year,No,Mailed check,61.13,3182.9,No
5330-SNLXL,Female,0,Yes,No,49,Yes,Yes,No,No internet service,No internet service,No internet service,No internet service,No internet service,No internet service,Month-to-month,No,Mailed check,33.57,1628.4,No
7881-MHMKS,Female,0,Yes,Yes,32,Yes,No,Fiber optic,Yes,No,No,No,No,No,Month-to-month,Yes,Electronic check,99.6,3190.88,Yes
1369-NQHEC,Male,0,Yes,Yes,7,No,No phone service,Fiber optic,No,No,No,No,Yes,No,One year,Yes,Mailed check,93.22,627.01,No
5434-QNMAZ,Female,0,No,Yes,24,Yes,No,Fiber optic,Yes,Yes,Yes,No,No,No,Two year,Yes,Electronic check,84.69,2031.66,No
9497-MQLBW,Male,0,No,No,0,Yes,No,DSL,Yes,No,No,No,Yes,No,One year,No,Mailed check,72.03, ,Yes
6302-ZHCOQ,Male,0,No,No,47,Yes,No,Fiber optic,No,No,No,Yes,No,No,Month-to-month,No,Mailed check,65.85,3044.63,Yes
1758-NZFMN,Male,0,Yes,No,52,Yes,Yes,Fiber optic,No,No,No,No,Yes,Yes,Two year,No,Mailed check,70.49,3755.38,No
5985-XSPUR,Female,0,No,No,70,Yes,No,Fiber optic,No,No,Yes,No,Yes,Yes,Two year,Yes,Bank transfer (automatic),99.0,6946.83,No
7573-IMZMR,Female,0,Yes,Yes,5,No,No phone service,No,No internet service,No internet service,No internet service,No internet service,No internet service,No internet service,Month-to-month,Yes,Bank transfer (automatic),32.59,144.85,No
8355-OGDNZ,Male,0,Yes,No,40,Yes,Yes,Fiber optic,No,Yes,No,No,Yes,Yes,One year,No,Mailed check,84.18,3328.88,No
7135-FKGQK,Female,0,No,No,64,Yes,No,Fiber optic,No,No,Yes,No,No,No,Two year,Yes,Bank transfer (automatic),90.76,5855.47,No
7616-ILXXA,Female,0,No,Yes,4,Yes,No,DSL,Yes,No,Yes,No,Yes,No,One year,No,Credit card (automatic),45.36,203.34,No
4922-OLHNX,Male,0,No,No,0,Yes,Yes,No,No internet service,No internet service,No internet service,No internet service,No internet service,No internet service,Two year,No,Electronic check,36.12, ,No
1367-JDWXK,Female,0,Yes,No,57,Yes,Yes,No,No internet service,No internet service,No internet service,No internet service,No internet service,No internet service,Month-to-month,No,Electronic check,24.61,1478.0,No
4751-SPAJY,Female,0,Yes,No,4,Yes,No,Fiber optic,No,Yes,No,No,No,Yes,Two year,No,Mailed check,63.8,266.11,No
9757-SVTTJ,Female,0,Yes,No,66,Yes,No,DSL,Yes,Yes,Yes,No,No,No,Month-to-month,No,Mailed check,57.7,3867.81,No
1778-JZCIM,Female,0,Yes,No,10,Yes,No,Fiber optic,Yes,No,No,No,No,No,Two year,Yes,Electronic check,101.7,1093.98,No
3005-HCMYI,Male,0,No,No,3,Yes,No,DSL,No,Yes,No,Yes,No,No,Two year,Yes,Credit card (automatic),71.05,226.51,No
2458-PSBQD,Male,0,Yes,No,28,Yes,No,DSL,No,No,No,Yes,No,Yes,Month-to-month,No,Credit card (automatic),62.73,1755.44,No
9098-WFLSL,Female,0,Yes,Yes,4,Yes,Yes,DSL,No,Yes,Yes,Yes,No,No,Two year,Yes,Mailed check,61.82,197.97,No
6224-SYCNW,Male,0,Yes,No,37,No,No phone service,DSL,No,No,Yes,Yes,No,No,One year,Yes,Electronic check,51.68,1949.33,No
5870-RNVZY,Male,0,No,No,7,Yes,Yes,No,No internet service,No internet service,No internet service,No internet service,No internet service,No internet service,Month-to-month,Yes,Mailed check,23.05,173.83,No
8641-IXISS,Female,0,No,No,3,No,No phone service,Fiber optic,Yes,Yes,No,Yes,Yes,No,Month-to-month,Yes,Electronic check,99.09,287.92,Yes
6468-FFRWB,Male,0,Yes,No,2,Yes,No,Fiber optic,No,No,Yes,No,No,Yes,Two year,No,Bank transfer (automatic),114.88,195.61,No
6207-JMIRU,Male,0,Yes,Yes,25,Yes,No,Fiber optic,No,No,Yes,No,No,No,Two year,No,Electronic check,68.77,1741.41,No
2821-EQRBY,Female,0,No,No,2,Yes,Yes,Fiber optic,Yes,No,No,No,Yes,No,Month-to-month,No,Bank transfer (automatic),68.97,206.15,Yes
3355-VLOHS,Male,0,No,No,1,Yes,No,No,No internet service,No internet service,No internet service,No internet service,No internet service,No internet service,Month-to-month,Yes,Credit card (automatic),18.0,87.04,No
3445-HDRUX,Male,0,Yes,No,5,Yes,Yes,Fiber optic,No,No,Yes,No,No,Yes,Two year,Yes,Electronic check,100.6,468.24,No
3023-LIWXQ,Female,1,Yes,Yes,38,Yes,No,DSL,No,No,No,No,Yes,No,Month-to-month,No,Mailed check,69.03,2634.93,Yes
7268-QZJXH,Male,0,No,Yes,0,Yes,Yes,Fiber optic,Yes,Yes,Yes,No,No,Yes,Month-to-month,Yes,Bank transfer (automatic),68.09, ,Yes
2605-HWZXC,Male,0,No,No,37,Yes,No,Fiber optic,No,No,No,No,No,Yes,Month-to-month,Yes,Electronic check,92.2,3378.25,No
6466-NFMBO,Male,0,Yes,No,8,Yes,Yes,Fiber optic,No,No,Yes,No,Yes,No,Two year,Yes,Bank transfer (automatic),96.21,789.44,Yes
1380-JPITP,Female,0,Yes,No,16,Yes,Yes,DSL,No,No,Yes,No,No,No,Two year,No,Mailed check,70.51,1108.08,No
1719-UXQIP,Male,0,Yes,No,2,Yes,No,Fiber optic,No,Yes,No,No,Yes,Yes,Month-to-month,No,Bank transfer (automatic),66.72,62.77,Yes
5419-WHWLP,Male,0,Yes,No,2,Yes,No,DSL,No,No,Yes,No,Yes,No,One year,Yes,Mailed check,47.48,43.61,No
8635-NXGNK,Male,0,Yes,Yes,69,Yes,No,No,No internet service,No internet service,No internet service,No internet service,No internet service,No internet service,Month-to-month,Yes,Electronic check,21.05,1553.92,No
7891-ZPMMU,Male,0,Yes,No,61,Yes,No,Fiber optic,No,Yes,No,Yes,No,No,Two year,Yes,Bank transfer (automatic),90.58,5466.28,No
2747-FGBJG,Female,0,Yes,No,44,Yes,Yes,Fiber optic,No,No,No,Yes,No,Yes,One year,No,Mailed check,79.8,3501.17,Yes
9880-EPBXC,Male,0,Yes,Yes,59,Yes,No,Fiber optic,Yes,No,No,No,No,No,One year,No,Mailed check,87.21,5174.32,No
4611-FFBAY,Female,1,No,No,39,Yes,Yes,No,No internet service,No internet service,No internet service,No internet service,No internet service,No internet service,One year,No,Credit card (automatic),34.6,1354.3,No
6252-RBXWX,Male,0,Yes,Yes,8,Yes,No,DSL,No,No,No,No,Yes,Yes,Month-to-month,No,Credit card (automatic),71.83,575.34,Yes
4463-NYZSS,Male,0,No,No,3,Yes,No,Fiber optic,No,No,No,No,Yes,Yes,Two year,Yes,Electronic check,76.24,269.12,No
6615-MPORQ,Female,0,Yes,Yes,51,Yes,No,Fiber optic,No,Yes,No,Yes,No,Yes,Month-to-month,No,Bank transfer (automatic),73.61,3821.15,No
4396-PRMBH,Male,0,No,No,41,Yes,Yes,Fiber optic,Yes,No,No,No,No,Yes,One year,No,Bank transfer (automatic),81.81,3367.24,No
9164-VZWCS,Male,1,No,No,43,Yes,No,Fiber optic,No,No,No,Yes,Yes,Yes,Month-to-month,Yes,Bank transfer (automatic),114.7,4858.27,No
6453-JOHIS,Female,0,No,Yes,58,Yes,No,No,No internet service,No internet service,No internet service,No internet service,No internet service,No internet service,Month-to-month,No,Credit card (automatic),36.28,2108.99,No
8600-RLXMV,Male,0,Yes,No,13,Yes,Yes,Fiber optic,No,No,No,No,No,No,Month-to-month,Yes,Electronic check,98.36,1322.81,No
5813-DYZWV,Female,0,Yes,No,67,Yes,No,No,No internet service,No internet service,No internet service,No internet service,No internet service,No internet service,Two year,No,Credit card (automatic),26.28,1766.71,No
3196-SETJY,Female,1,No,No,52,Yes,No,Fiber optic,No,No,Yes,Yes,No,No,Month-to-month,Yes,Credit card (automatic),79.77,4143.26,No
4001-TICOJ,Male,0,Yes,No,54,Yes,Yes,Fiber optic,No,No,No,Yes,No,No,Month-to-month,No,Electronic check,85.28,4667.13,No
7385-BWVFY,Male,1,Yes,No,50,Yes,No,Fiber optic,No,No,Yes,No,Yes,No,Two year,No,Electronic check,92.3,4687.24,No
2080-BQFFX,Male,1,Yes,No,7,Yes,No,Fiber optic,Yes,Yes,No,No,No,Yes,One year,Yes,Electronic check,107.26,869.74,Yes
4655-UNWHX,Male,0,No,No,59,Yes,No,No,No internet service,No internet service,No internet service,No internet service,No internet service,No internet service,Month-to-month,Yes,Bank transfer (automatic),21.81,1281.32,No
1233-WAIVQ,Male,1,No,No,0,Yes,Yes,Fiber optic,Yes,Yes,Yes,No,No,Yes,Month-to-month,Yes,Bank transfer (automatic),68.07, ,Yes
4264-QFJKD,Female,1,Yes,No,4,Yes,Yes,Fiber optic,No,No,Yes,No,Yes,No,One year,Yes,Electronic check,108.89,506.21,No
5042-VMJQW,Male,0,No,No,38,Yes,Yes,Fiber optic,Yes,No,Yes,No,Yes,Yes,Two year,Yes,Electronic check,74.57,2838.84,No
9480-BNIPJ,Female,0,No,No,35,Yes,Yes,DSL,No,No,Yes,Yes,No,Yes,One year,No,Bank transfer (automatic),59.61,2144.03,No
2198-CHZNY,Male,0,Yes,No,37,Yes,Yes,Fiber optic,No,No,No,Yes,No,Yes,Month-to-month,Yes,Mailed check,88.96,3269.58,No
3675-ZOQRE,Male,0,Yes,No,4,Yes,No,DSL,No,Yes,No,No,No,No,Month-to-month,Yes,Mailed check,67.23,269.89,No
5092-XCYUN,Male,0,Yes,No,13,Yes,No,Fiber optic,No,No,No,No,Yes,Yes,One year,No,Mailed check,98.23,1245.5,Yes
7338-ICCNK,Female,0,No,No,8,Yes,No,No,No internet service,No internet service,No internet service,No internet service,No internet service,No internet service,Month-to-month,No,Electronic check,31.2,209.06,No
3696-JBVXB,Male,0,No,No,41,Yes,No,DSL,Yes,No,Yes,Yes,Yes,Yes,Month-to-month,Yes,Mailed check,47.88,1942.92,No
9883-ZGGSH,Male,0,No,No,55,Yes,Yes,Fiber optic,No,No,No,No,Yes,No,Month-to-month,Yes,Credit card (automatic),95.7,5254.07,No
5169-BGVYG,Female,0,No,Yes,52,Yes,No,No,No internet service,No internet service,No internet service,No internet service,No internet service,No internet service,Month-to-month,Yes,Bank transfer (automatic),24.63,1349.96,No
2662-MVPUP,Female,0,Yes,No,1,Yes,No,DSL,No,No,Yes,Yes,Yes,No,Two year,No,Mailed check,61.78,46.68,No
8258-LKFAS,Male,0,No,Yes,39,Yes,Yes,Fiber optic,Yes,Yes,No,No,No,Yes,Month-to-month,Yes,Electronic check,107.48,4216.34,No
5392-ZAWDF,Female,0,No,No,2,Yes,Yes,DSL,No,No,No,Yes,Yes,Yes,Month-to-month,Yes,Credit card (automatic),55.25,52.32,No
5562-UOUJG,Male,0,No,Yes,34,Yes,No,Fiber optic,No,Yes,No,No,No,No,Month-to-month,Yes,Electronic check,83.31,2838.89,Yes
7955-WAGWJ,Male,0,Yes,Yes,46,Yes,No,Fiber optic,No,Yes,No,No,Yes,Yes,Two year,No,Credit card (automatic),97.52,4407.23,No
8748-QVSCG,Male,0,Yes,Yes,0,Yes,No,Fiber optic,No,No,No,Yes,No,No,Month-to-month,No,Electronic check,75.64, ,Yes
5223-YGHOY,Male,1,Yes,Yes,1,Yes,Yes,No,No internet service,No internet service,No internet service,No internet service,No internet service,No internet service,One year,No,Mailed check,34.13,44.42,No
6200-XKKNM,Male,0,Yes,No,70,Yes,No,Fiber optic,No,No,No,Yes,No,Yes,Two year,Yes,Electronic check,89.08,6267.42,No
8356-QZFOO,Female,0,No,Yes,18,Yes,No,DSL,No,No,No,Yes,No,Yes,One year,No,Mailed check,69.42,1289.13,No
8006-STOUY,Male,0,No,Yes,62,Yes,No,No,No internet service,No internet service,No internet service,No internet service,No internet service,No internet service,Two year,Yes,Electronic check,29.3,1790.14,No
3729-FJTEZ,Female,0,No,No,57,Yes,Yes,DSL,No,Yes,No,Yes,Yes,No,Month-to-month,Yes,Electronic check,62.64,3587.48,No
5315-UYZYB,Female,0,Yes,No,24,Yes,No,Fiber optic,No,Yes,No,No,Yes,No,Month-to-month,No,Mailed check,93.81,2266.47,No
4258-SNQOB,Female,0,Yes,No,49,Yes,Yes,Fiber optic,No,No,No,No,No,No,Month-to-month,Yes,Credit card (automatic),78.73,3873.77,No
3721-TATSY,Female,0,Yes,No,5,Yes,Yes,DSL,No,Yes,Yes,No,No,No,Month-to-month,Yes,Credit card (automatic),70.15,439.19,Yes
2914-MYZUN,Female,0,No,Yes,27,Yes,No,DSL,No,Yes,No,Yes,No,Yes,One year,Yes,Mailed check,62.46,1664.44,No
7995-UYSDS,Female,0,No,No,16,Yes,Yes,No,No internet service,No internet service,No internet service,No internet service,No internet service,No internet service,Month-to-month,Yes,Bank transfer (automatic),18.0,309.55,No
5622-VHCGQ,Male,0,Yes,No,61,Yes,Yes,DSL,No,No,Yes,No,No,Yes,Month-to-month,Yes,Mailed check,74.83,4579.32,No
9084-GACSY,Male,0,No,No,30,Yes,Yes,No,No internet service,No internet service,No internet service,No internet service,No internet service,No internet service,Month-to-month,No,Electronic check,24.17,776.77,No
7068-TEBFK,Female,1,No,No,3,Yes,No,Fiber optic,No,No,No,No,Yes,Yes,Month-to-month,Yes,Electronic check,96.3,266.34,Yes
2000-WKQHT,Female,0,Yes,No,39,Yes,Yes,Fiber optic,No,No,No,Yes,No,Yes,Two year,Yes,Credit card (automatic),89.03,3496.92,No
3439-TQKQV,Male,1,Yes,No,41,Yes,No,Fiber optic,Yes,Yes,No,Yes,Yes,Yes,Two year,Yes,Electronic check,92.28,3823.45,No
1155-ZIZCT,Female,0,Yes,No,55,Yes,No,No,No internet service,No internet service,No internet service,No internet service,No internet service,No internet service,One year,Yes,Bank transfer (automatic),20.17,1170.7,No
5425-GURKL,Male,0,Yes,No,28,Yes,No,DSL,No,No,No,No,No,No,Month-to-month,Yes,Electronic check,52.49,1485.63,No
4064-BOOOP,Female,0,No,Yes,54,Yes,Yes,Fiber optic,Yes,No,Yes,No,Yes,Yes,Month-to-month,Yes,Credit card (automatic),67.93,3657.94,No
7909-ZQXLL,Male,0,Yes,No,67,No,No phone service,No,No internet service,No internet service,No internet service,No internet service,No internet service,No internet service,One year,Yes,Credit card (automatic),38.24,2570.7,No
2139-NLLUY,Male,0,No,No,29,Yes,No,DSL,Yes,No,No,Yes,Yes,Yes,Month-to-month,Yes,Credit card (automatic),68.64,1966.03,No
7957-ESLDX,Male,1,No,No,36,Yes,No,Fiber optic,No,Yes,Yes,No,No,Yes,One year,Yes,Bank transfer (automatic),89.3,3276.36,No
1525-BHOLG,Male,0,No,No,6,Yes,No,No,No internet service,No internet service,No internet service,No internet service,No internet service,No internet service,Month-to-month,No,Bank transfer (automatic),27.92,236.09,No
6118-WNBSW,Male,0,No,No,0,Yes,No,No,No internet service,No internet service,No internet service,No internet service,No internet service,No internet service,Month-to-month,Yes,Electronic check,18.0, ,Yes
4238-MVBFV,Male,0,Yes,No,59,Yes,Yes,No,No internet service,No internet service,No internet service,No internet service,No internet service,No internet service,One year,Yes,Electronic check,22.91,1353.54,No
5989-FWZIC,Male,0,No,No,8,Yes,Yes,DSL,No,No,No,No,No,No,Month-to-month,No,Electronic check,73.01,583.18,No
9589-RXUCJ,Male,0,Yes,Yes,11,Yes,No,Fiber optic,No,No,Yes,No,Yes,No,Month-to-month,No,Credit card (automatic),98.17,1075.33,Yes
4504-DSHVW,Male,0,No,No,31,Yes,Yes,Fiber optic,No,No,Yes,Yes,Yes,Yes,Two year,Yes,Electronic check,68.38,2220.67,No
4522-DEPMA,Male,0,No,Yes,26,Yes,No,DSL,No,Yes,Yes,Yes,Yes,No,Month-to-month,Yes,Credit card (automatic),40.87,1128.15,Yes
6707-WVVTF,Male,0,Yes,No,40,Yes,Yes,Fiber optic,No,No,No,No,No,Yes,Month-to-month,No,Credit card (automatic),109.76,4337.36,No
4159-MASME,Male,0,Yes,No,4,Yes,Yes,No,No internet service,No internet service,No internet service,No internet service,No internet service,No internet service,Month-to-month,No,Electronic check,26.72,69.32,No
1245-YOZRO,Male,0,No,No,0,Yes,Yes,Fiber optic,Yes,No,Yes,No,Yes,Yes,Two year,No,Bank transfer (automatic),79.92, ,Yes
4837-ZNWOF,Male,0,No,No,12,Yes,No,Fiber optic,No,Yes,No,No,Yes,No,Two year,Yes,Electronic check,112.95,1390.22,No
7706-FNIPR,Male,0,No,No,61,Yes,Yes,Fiber optic,No,Yes,Yes,No,Yes,No,Month-to-month,No,Electronic check,101.57,6239.53,No
2939-TNNLR,Female,1,Yes,No,13,Yes,No,DSL,No,Yes,No,Yes,No,No,Month-to-month,Yes,Mailed check,59.04,783.22,Yes
2461-SDHVF,Female,1,No,No,65,No,No phone service,Fiber optic,No,Yes,No,No,No,Yes,Two year,Yes,Mailed check,91.43,5980.57,No
6084-XQANW,Female,0,No,No,2,Yes,No,Fiber optic,No,No,Yes,Yes,No,Yes,One year,No,Electronic check,95.21,156.05,No
5625-GFZIZ,Male,0,Yes,No,4,Yes,Yes,Fiber optic,No,Yes,No,Yes,No,No,Month-to-month,No,Mailed check,79.61,338.57,No
4529-UEADM,Female,0,No,Yes,43,Yes,Yes,Fiber optic,No,No,No,No,No,Yes,Two year,No,Electronic check,78.6,3386.71,No
6033-XWPUC,Male,0,No,Yes,41,Yes,Yes,Fiber optic,No,No,Yes,No,No,Yes,Month-to-month,No,Bank transfer (automatic),78.31,3301.19,No
1733-SWCIV,Female,0,No,No,34,Yes,Yes,DSL,Yes,No,No,Yes,Yes,No,Month-to-month,Yes,Credit card (automatic),44.21,1480.67,No
9171-FCIJV,Female,0,Yes,No,1,Yes,No,Fiber optic,Yes,No,No,No,Yes,No,Month-to-month,Yes,Mailed check,113.31,171.05,No
8493-XHVFF,Female,0,Yes,No,53,Yes,Yes,No,No internet service,No internet service,No internet service,No internet service,No internet service,No internet service,Two year,No,Mailed check,29.95,1520.42,No
3242-ZUVYH,Female,1,No,No,70,Yes,Yes,Fiber optic,Yes,No,No,No,No,No,Month-to-month,No,Mailed check,74.76,5296.29,No
6609-YGKIT,Male,0,No,Yes,1,Yes,No,Fiber optic,No,No,No,No,Yes,No,Month-to-month,Yes,Electronic check,89.34,22.44,Yes
9290-WWULU,Female,1,Yes,No,2,Yes,No,Fiber optic,Yes,Yes,Yes,Yes,No,Yes,Month-to-month,Yes,Bank transfer (automatic),73.54,103.12,Yes
6904-WNRWY,Female,0,No,No,5,Yes,No,Fiber optic,No,Yes,Yes,Yes,No,Yes,Month-to-month,Yes,Electronic check,77.13,386.76,Yes
5836-NYNHB,Male,0,Yes,No,55,Yes,No,No,No internet service,No internet service,No internet service,No internet service,No internet service,No internet service,One year,No,Bank transfer (automatic),29.39,1594.6,No
7649-PHGEQ,Female,0,No,No,34,Yes,No,No,No internet service,No internet service,No internet service,No internet service,No internet service,No internet service,Month-to-month,No,Credit card (automatic),25.48,835.57,No
3879-FDKRF,Male,0,Yes,Yes,29,Yes,No,No,No internet service,No internet service,No internet service,No internet service,No internet service,No internet service,Two year,Yes,Electronic check,42.25,1166.67,No
8804-KHALP,Female,0,Yes,No,29,No,No phone service,Fiber optic,No,No,Yes,Yes,No,Yes,One year,Yes,Electronic check,69.96,1933.61,No
8648-RHPAE,Female,0,No,No,64,No,No phone service,DSL,No,No,Yes,No,No,Yes,Month-to-month,No,Credit card (automatic),67.4,4334.04,No
1053-JPVDU,Male,0,Yes,No,42,Yes,No,Fiber optic,No,Yes,No,Yes,No,Yes,Month-to-month,Yes,Electronic check,99.7,4220.67,Yes
7947-VMWIZ,Female,0,No,Yes,69,Yes,Yes,Fiber optic,No,No,No,Yes,No,Yes,Month-to-month,No,Mailed check,78.53,5491.4,No
1664-LYDOY,Male,0,No,No,48,Yes,No,DSL,No,No,Yes,No,Yes,Yes,Month-to-month,Yes,Electronic check,57.56,2747.88,Yes
8457-GXYHH,Female,0,Yes,No,24,Yes,Yes,No,No internet service,No internet service,No internet service,No internet service,No internet service,No internet service,Month-to-month,No,Credit card (automatic),18.88,465.83,No
8632-YCSDU,Female,0,No,No,63,Yes,No,No,No internet service,No internet service,No internet service,No internet service,No internet service,No internet service,One year,Yes,Bank transfer (automatic),28.17,1835.22,No
3866-QYDPI,Female,0,No,No,1,Yes,No,Fiber optic,Yes,No,No,No,No,Yes,Month-to-month,Yes,Credit card (automatic),63.63,73.47,Yes
3297-XMUIY,Female,0,No,Yes,32,Yes,Yes,Fiber optic,Yes,Yes,Yes,No,No,No,Month-to-month,No,Electronic check,72.23,2433.46,Yes
6805-CQYVH,Male,0,No,Yes,1,No,No phone service,Fiber optic,No,No,No,No,No,No,Month-to-month,Yes,Credit card (automatic),99.47,127.2,No
5611-FKSZA,Male,0,Yes,Yes,5,No,No phone service,No,No internet service,No internet service,No internet service,No internet service,No internet service,No internet service,One year,Yes,Mailed check,29.64,127.93,No
1553-ZBMON,Male,1,Yes,Yes,45,Yes,No,Fiber optic,No,No,Yes,No,Yes,Yes,Month-to-month,No,Electronic check,76.97,3470.1,No
6202-PDITH,Male,0,Yes,Yes,32,Yes,No,DSL,No,Yes,Yes,Yes,No,Yes,Two year,Yes,Mailed check,44.09,1371.91,No
3836-BJSKT,Male,0,No,Yes,3,No,No phone service,No,No internet service,No internet service,No internet service,No internet service,No internet service,No internet service,Month-to-month,No,Mailed check,36.4,0.0,No
5895-EZCYI,Male,0,Yes,No,42,Yes,Yes,No,No internet service,No internet service,No internet service,No internet service,No internet service,No internet service,Month-to-month,No,Mailed check,25.83,1029.17,No
2150-URCGM,Male,1,Yes,No,70,Yes,No,DSL,No,Yes,No,No,Yes,Yes,Two year,No,Mailed check,60.7,4104.71,No
5908-YDAWF,Male,0,No,No,0,No,No phone service,Fiber optic,Yes,No,No,No,Yes,No,One year,No,Electronic check,64.85, ,No
7246-OKOXT,Female,0,Yes,No,6,Yes,Yes,Fiber optic,No,No,No,Yes,No,No,Month-to-month,Yes,Electronic check,86.65,499.07,No
2103-CFZRE,Male,0,No,Yes,3,Yes,No,No,No internet service,No internet service,No internet service,No internet service,No internet service,No internet service,One year,Yes,Electronic check,38.79,96.36,No
3777-LHHYK,Female,0,Yes,No,26,Yes,No,Fiber optic,No,No,No,No,No,No,Month-to-month,Yes,Bank transfer (automatic),87.6,2232.07,Yes
6391-FGKUG,Male,1,Yes,No,19,Yes,No,Fiber optic,No,No,No,No,No,No,Month-to-month,Yes,Mailed check,82.99,1537.24,No
5939-BITJI,Male,0,Yes,Yes,45,Yes,Yes,Fiber optic,No,No,No,Yes,Yes,Yes,Month-to-month,Yes,Mailed check,81.07,3620.49,No
5492-PUZVR,Male,0,Yes,No,19,Yes,Yes,No,No internet service,No internet service,No internet service,No internet service,No internet service,No internet service,Month-to-month,Yes,Mailed check,18.0,318.98,Yes
3654-FOGAE,Male,0,No,No,20,Yes,Yes,DSL,No,Yes,No,No,Yes,No,Month-to-month,No,Electronic check,52.3,1022.24,No
8299-GETRJ,Male,0,Yes,No,44,Yes,Yes,Fiber optic,Yes,No,No,No,Yes,Yes,Month-to-month,Yes,Credit card (automatic),100.19,4421.94,No
1691-YSVQJ,Male,0,No,No,0,Yes,No,DSL,Yes,Yes,Yes,Yes,No,No,Two year,No,Electronic check,53.77, ,No
3845-QOGRU,Male,1,No,Yes,20,Yes,Yes,DSL,Yes,No,No,No,Yes,Yes,Month-to-month,Yes,Bank transfer (automatic),58.43,1254.82,Yes
3347-HXLXC,Male,1,Yes,Yes,68,Yes,Yes,Fiber optic,No,No,No,No,Yes,Yes,Month-to-month,Yes,Mailed check,98.02,6685.13,No
9100-YOFKP,Female,0,No,Yes,68,Yes,Yes,Fiber optic,Yes,No,No,No,No,No,Two year,No,Credit card (automatic),72.26,4977.41,No
7596-EFYUX,Male,0,No,No,27,No,No phone service,No,No internet service,No internet service,No internet service,No internet service,No internet service,No internet service,Month-to-month,Yes,Mailed check,18.71,516.68,No
7293-ZKJXN,Female,1,Yes,No,53,Yes,Yes,Fiber optic,Yes,No,Yes,No,No,Yes,Two year,Yes,Credit card (automatic),86.34,4545.42,No
3168-XJDZB,Male,0,No,No,31,Yes,Yes,No,No internet service,No internet service,No internet service,No internet service,No internet service,No internet service,Month-to-month,Yes,Mailed check,20.27,649.72,No
9241-ZDDTI,Female,0,Yes,No,1,Yes,No,Fiber optic,Yes,No,No,No,No,Yes,Month-to-month,No,Electronic check,63.82,67.19,Yes
9246-FPMWM,Female,0,No,No,24,No,No phone service,DSL,No,Yes,Yes,No,Yes,No,Month-to-month,Yes,Electronic check,69.97,1645.49,No
5608-LOAMO,Female,0,Yes,Yes,28,Yes,Yes,Fiber optic,No,Yes,Yes,No,Yes,No,Month-to-month,Yes,Mailed check,81.41,2224.19,Yes
7237-AHRQD,Female,0,No,No,69,Yes,No,DSL,No,Yes,No,No,Yes,No,Month-to-month,No,Mailed check,53.76,3753.87,No
2756-FPZCA,Male,1,No,Yes,71,Yes,Yes,Fiber optic,No,No,No,No,No,No,Month-to-month,Yes,Credit card (automatic),97.19,6954.47,No
5429-DFNVH,Female,0,No,No,56,Yes,Yes,Fiber optic,No,Yes,No,No,Yes,No,Month-to-month,No,Bank transfer (automatic),76.88,4283.67,No
9704-WQCUG,Male,0,No,No,4,Yes,No,DSL,No,Yes,No,No,No,No,One year,Yes,Mailed check,58.28,198.7,No
3494-URJLA,Female,0,Yes,No,0,Yes,Yes,Fiber optic,No,No,No,No,No,Yes,Two year,No,Credit card (automatic),90.93, ,No
6098-NWWKO,Female,0,No,No,9,Yes,No,Fiber optic,Yes,No,No,No,Yes,No,Two year,No,Credit card (automatic),99.77,899.33,No
5494-MSEXO,Male,0,Yes,No,33,No,No phone service,Fiber optic,No,No,No,No,Yes,No,Two year,Yes,Credit card (automatic),75.62,2496.98,No
5284-EUJTK,Female,0,Yes,Yes,3,Yes,No,DSL,No,Yes,No,No,Yes,No,Two year,No,Electronic check,76.08,147.22,Yes
8347-JYDRY,Male,1,Yes,No,1,Yes,No,No,No internet service,No internet service,No internet service,No internet service,No internet service,No internet service,Month-to-month,Yes,Electronic check,21.98,13.12,Yes
1667-RPWJI,Female,0,No,No,56,Yes,No,No,No internet service,No internet service,No internet service,No internet service,No internet service,No internet service,One year,Yes,Mailed check,29.73,1677.6,No
8002-NIFPC,Female,0,No,Yes,25,Yes,Yes,DSL,No,Yes,Yes,Yes,No,Yes,Month-to-month,Yes,Bank transfer (automatic),69.08,1692.22,No
6058-MJWJB,Male,0,Yes,Yes,3,Yes,Yes,Fiber optic,No,No,No,Yes,No,Yes,Two year,No,Credit card (automatic),116.16,328.89,No
4677-PEFTE,Female,0,No,No,56,Yes,No,Fiber optic,Yes,No,No,No,No,Yes,Two year,Yes,Credit card (automatic),79.1,4420.75,No
4867-JUEEP,Female,0,No,No,33,Yes,No,No,No internet service,No internet service,No internet service,No internet service,No internet service,No internet service,Month-to-month,Yes,Mailed check,35.92,1144.63,No
1778-SZMTU,Male,1,Yes,No,40,Yes,No,Fiber optic,No,Yes,No,No,No,Yes,Two year,Yes,Electronic check,69.1,2799.97,No
1355-YRLBC,Female,0,Yes,No,26,Yes,Yes,Fiber optic,No,No,No,Yes,Yes,No,Month-to-month,No,Bank transfer (automatic),113.2,3003.01,Yes
2305-VGESO,Male,0,No,Yes,8,Yes,Yes,DSL,No,Yes,No,No,No,Yes,Two year,No,Credit card (automatic),56.78,430.48,No
8461-YQHCL,Female,0,No,Yes,35,Yes,No,DSL,No,Yes,Yes,Yes,Yes,No,Two year,Yes,Electronic check,68.37,2272.63,No
8904-XXKFX,Male,0,Yes,No,3,Yes,No,No,No internet service,No internet service,No internet service,No internet service,No internet service,No internet service,Month-to-month,No,Electronic check,35.55,75.62,No
9190-ALXZD,Female,0,No,Yes,47,Yes,Yes,Fiber optic,No,No,No,Yes,No,No,One year,Yes,Credit card (automatic),85.51,4025.95,No
4937-OGEFW,Female,0,Yes,No,10,Yes,Yes,DSL,Yes,No,Yes,Yes,Yes,No,One year,Yes,Credit card (automatic),43.83,419.05,Yes
7105-TFRCQ,Male,0,No,No,39,Yes,No,Fiber optic,No,No,No,No,No,No,One year,No,Bank transfer (automatic),96.99,3871.02,No
3446-BJYHL,Male,0,Yes,No,9,Yes,No,Fiber optic,Yes,No,No,Yes,No,No,One year,Yes,Bank transfer (automatic),97.84,883.96,No
8149-OKKDQ,Female,0,Yes,Yes,55,Yes,Yes,DSL,No,No,Yes,No,No,No,Two year,No,Credit card (automatic),50.64,2731.56,No
5783-FLLBR,Female,0,Yes,No,43,Yes,No,Fiber optic,Yes,Yes,Yes,No,No,No,Month-to-month,No,Bank transfer (automatic),105.23,4535.89,No
9242-QPMMU,Male,0,No,No,2,Yes,Yes,DSL,No,No,No,Yes,Yes,Yes,Month-to-month,No,Electronic check,46.59,179.8,No
4955-HESGZ,Male,0,Yes,Yes,1,No,No phone service,Fiber optic,No,No,No,No,Yes,Yes,Month-to-month,Yes,Bank transfer (automatic),96.11,49.35,Yes
3511-RYEXC,Male,0,Yes,No,24,Yes,No,No,No internet service,No internet service,No internet service,No internet service,No internet service,No internet service,Two year,No,Credit card (automatic),27.69,670.88,No
5290-ANDBE,Female,0,Yes,No,45,Yes,Yes,Fiber optic,No,No,No,No,No,No,Two year,No,Credit card (automatic),87.29,3993.02,No
7646-ZIJTU,Male,0,No,No,27,Yes,Yes,No,No internet service,No internet service,No internet service,No internet service,No internet service,No internet service,Month-to-month,No,Credit card (automatic),21.8,587.19,Yes
5069-UDPVO,Female,0,Yes,Yes,44,No,No phone service,DSL,No,Yes,No,Yes,Yes,No,Month-to-month,No,Credit card (automatic),61.89,2719.8,No
4424-ORHFO,Male,0,Yes,No,24,Yes,No,No,No internet service,No internet service,No internet service,No internet service,No internet service,No internet service,Month-to-month,Yes,Bank transfer (automatic),26.53,634.42,No
9397-WQCQM,Female,1,Yes,No,71,Yes,Yes,Fiber optic,No,Yes,No,No,No,Yes,Month-to-month,Yes,Electronic check,87.41,6252.97,No
9521-VAQMX,Male,0,No,Yes,24,Yes,No,Fiber optic,No,Yes,No,Yes,Yes,Yes,Month-to-month,Yes,Mailed check,108.05,2654.4,No
7810-ZZWXB,Male,0,Yes,No,30,Yes,Yes,Fiber optic,No,No,No,No,No,Yes,Two year,Yes,Credit card (automatic),61.81,1961.87,No
9104-SRTVB,Female,1,Yes,Yes,0,Yes,No,Fiber optic,No,No,No,Yes,Yes,Yes,Month-to-month,Yes,Credit card (automatic),89.72, ,Yes
8678-ZVNWL,Female,0,No,No,60,Yes,No,No,No internet service,No internet service,No internet service,No internet service,No internet service,No internet service,One year,Yes,Credit card (automatic),33.17,1998.67,No
6464-THDQC,Male,0,No,Yes,57,Yes,No,No,No internet service,No internet service,No internet service,No internet service,No internet service,No internet service,Month-to-month,Yes,Electronic check,26.03,1443.23,No
4882-MTYYF,Male,1,No,Yes,67,Yes,No,DSL,Yes,No,Yes,No,No,No,Month-to-month,Yes,Credit card (automatic),67.56,4537.12,No
2605-ZUOJA,Male,0,Yes,No,1,Yes,Yes,Fiber optic,No,Yes,No,No,No,No,Month-to-month,No,Electronic check,84.23,133.68,Yes
8759-FQCJN,Male,0,No,Yes,2,Yes,Yes,DSL,No,No,No,No,No,No,Month-to-month,Yes,Bank transfer (automatic),62.33,164.7,No
4244-JLSNQ,Male,0,No,Yes,1,Yes,No,DSL,Yes,No,No,Yes,No,Yes,Month-to-month,Yes,Mailed check,49.99,36.39,No
6705-BXQWG,Female,1,No,Yes,29,Yes,No,DSL,Yes,No,No,No,No,No,Two year,No,Credit card (automatic),76.53,2120.92,No
5017-OGVDI,Male,1,No,No,58,No,No phone service,Fiber optic,No,Yes,No,No,Yes,Yes,Month-to-month,Yes,Electronic check,89.2,5215.62,No
8878-MHOTL,Female,1,No,Yes,0,Yes,No,Fiber optic,No,No,Yes,No,No,Yes,Month-to-month,No,Mailed check,68.83, ,Yes
2948-DGGDW,Male,0,No,No,3,Yes,Yes,No,No internet service,No internet service,No internet service,No internet service,No internet service,No internet service,Month-to-month,No,Electronic check,31.86,108.74,Yes
4901-XLAPR,Male,0,Yes,No,9,Yes,No,Fiber optic,No,Yes,Yes,No,Yes,No,Two year,No,Electronic check,95.2,930.43,No
4969-SMINC,Female,1,No,No,56,Yes,Yes,DSL,Yes,Yes,Yes,No,Yes,Yes,Month-to-month,No,Electronic check,66.61,3702.86,No
1504-NMWHO,Male,0,No,No,9,Yes,No,Fiber optic,No,No,No,No,Yes,No,Month-to-month,Yes,Bank transfer (automatic),101.37,901.34,Yes
4381-TTEGP,Female,0,No,No,7,Yes,No,DSL,No,Yes,No,Yes,Yes,No,Month-to-month,Yes,Electronic check,56.25,359.86,Yes
1275-OHSLF,Male,0,Yes,No,3,Yes,No,Fiber optic,Yes,Yes,Yes,No,No,Yes,Month-to-month,No,Mailed check,85.42,209.97,Yes
1823-AMAQR,Female,1,Yes,No,1,No,No phone service,Fiber optic,No,Yes,No,No,No,No,Two year,Yes,Bank transfer (automatic),75.29,60.23,No
1040-BXDUK,Female,0,No,No,65,Yes,Yes,DSL,No,Yes,No,No,No,No,Two year,Yes,Electronic check,56.38,3699.95,No
8479-TUAFZ,Female,0,No,No,48,No,No phone service,DSL,No,No,Yes,No,Yes,Yes,One year,Yes,Bank transfer (automatic),79.78,3828.81,No
5771-JVSNB,Male,1,Yes,No,24,Yes,Yes,DSL,No,No,No,No,No,Yes,Two year,Yes,Mailed check,52.68,1173.06,No
3599-FUGYL,Male,1,No,No,2,Yes,No,DSL,Yes,Yes,Yes,No,No,No,Month-to-month,No,Credit card (automatic),51.67,48.37,No
8249-GSXVQ,Male,1,Yes,No,53,Yes,Yes,Fiber optic,No,No,No,No,No,Yes,Two year,Yes,Electronic check,71.07,3701.88,No
4022-CUUCH,Female,0,No,No,3,Yes,Yes,Fiber optic,No,No,Yes,No,No,No,Month-to-month,Yes,Electronic check,75.87,296.36,No
9980-SFNEX,Male,0,No,Yes,62,Yes,No,Fiber optic,Yes,No,No,No,Yes,Yes,Month-to-month,Yes,Credit card (automatic),80.03,4931.54,No
3132-BGEDN,Male,0,No,Yes,26,Yes,Yes,Fiber optic,No,No,Yes,No,No,No,Two year,No,Credit card (automatic),71.88,1886.8,No
8214-KFXQA,Male,0,Yes,No,41,Yes,No,DSL,Yes,Yes,No,No,No,No,Two year,No,Electronic check,62.16,2524.73,No
6263-LJPIP,Male,1,Yes,No,45,Yes,No,DSL,No,Yes,Yes,Yes,Yes,No,Two year,Yes,Electronic check,62.12,2732.37,No
2743-AKNUP,Male,0,Yes,No,29,Yes,No,No,No internet service,No internet service,No internet service,No internet service,No internet service,No internet service,Two year,Yes,Mailed check,24.62,613.5,No
4737-OIYHY,Male,0,No,No,8,Yes,No,Fiber optic,No,Yes,No,No,No,No,Month-to-month,No,Bank transfer (automatic),77.15,661.26,Yes
4373-CIMWE,Male,0,No,No,8,Yes,No,DSL,No,Yes,No,No,No,Yes,Month-to-month,Yes,Bank transfer (automatic),57.21,487.91,Yes
1594-JWEJF,Female,0,No,No,25,Yes,No,Fiber optic,No,No,Yes,No,No,No,Month-to-month,Yes,Credit card (automatic),91.49,2370.84,No
4894-ODREI,Male,1,No,No,54,Yes,Yes,DSL,Yes,Yes,No,Yes,Yes,Yes,Month-to-month,No,Electronic check,62.93,3388.29,No
5337-EUWJO,Male,0,Yes,No,40,Yes,Yes,Fiber optic,No,Yes,No,No,No,No,One year,Yes,Electronic check,97.9,3973.91,Yes
2023-TMJYM,Female,0,Yes,No,24,Yes,No,DSL,No,Yes,Yes,Yes,Yes,Yes,One year,Yes,Mailed check,45.24,1036.36,No
2124-KYBPK,Female,0,No,No,33,Yes,Yes,DSL,No,No,No,No,No,No,Month-to-month,Yes,Bank transfer (automatic),61.43,1947.4,Yes
5195-KIOSS,Male,0,No,No,25,Yes,Yes,Fiber optic,No,No,Yes,Yes,No,Yes,Month-to-month,Yes,Bank transfer (automatic),76.97,1857.96,No
3442-IDSJO,Female,0,Yes,No,19,Yes,Yes,Fiber optic,Yes,Yes,Yes,No,Yes,No,Month-to-month,Yes,Credit card (automatic),74.65,1517.98,No
7219-IMCMT,Female,1,No,Yes,45,Yes,No,Fiber optic,No,No,No,No,No,No,One year,No,Bank transfer (automatic),62.13,2782.97,No
5178-NOXTN,Female,0,No,No,60,Yes,No,No,No internet service,No internet service,No internet service,No internet service,No internet service,No internet service,Month-to-month,No,Electronic check,25.18,1424.42,No
7779-QWYGD,Female,0,Yes,Yes,53,Yes,Yes,DSL,No,No,Yes,No,No,Yes,Month-to-month,No,Mailed check,48.84,2621.64,No
2802-XTTJK,Female,0,Yes,No,25,Yes,Yes,Fiber optic,No,No,No,Yes,No,No,Month-to-month,No,Credit card (automatic),92.36,2299.11,Yes
2772-LENZK,Male,0,No,No,52,Yes,Yes,No,No internet service,No internet service,No internet service,No internet service,No internet service,No internet service,Two year,Yes,Credit card (automatic),22.37,1142.4,No
8904-RHFNL,Male,0,Yes,No,47,Yes,No,Fiber optic,No,No,Yes,Yes,Yes,Yes,Two year,Yes,Credit card (automatic),92.42,4380.01,No
8787-BSNUY,Female,0,Yes,No,7,Yes,Yes,Fiber optic,Yes,No,No,No,No,No,Two year,Yes,Bank transfer (automatic),108.61,680.46,No
7446-NRSAU,Female,0,No,No,14,Yes,Yes,Fiber optic,Yes,No,No,Yes,No,No,Two year,No,Electronic check,62.88,942.09,No
8827-LRATR,Male,0,No,Yes,58,Yes,Yes,Fiber optic,No,No,Yes,No,Yes,No,Month-to-month,No,Mailed check,102.79,5991.55,No
3391-VYYSZ,Male,1,Yes,No,1,Yes,Yes,No,No internet service,No internet service,No internet service,No internet service,No internet service,No internet service,Month-to-month,Yes,Bank transfer (automatic),35.44,91.26,Yes
5822-RDXIA,Female,1,Yes,Yes,2,Yes,No,Fiber optic,No,No,Yes,No,Yes,Yes,One year,Yes,Mailed check,69.01,213.36,No
7950-NGGEC,Male,0,No,Yes,4,No,No phone service,Fiber optic,No,No,No,No,No,Yes,Month-to-month,No,Electronic check,79.71,257.49,Yes
1883-MFTAS,Female,0,Yes,No,0,Yes,No,Fiber optic,Yes,No,No,No,No,Yes,Month-to-month,Yes,Electronic check,103.77, ,Yes
4872-QGUKI,Female,0,No,No,0,Yes,Yes,Fiber optic,No,No,Yes,Yes,Yes,Yes,One year,Yes,Electronic check,77.04, ,No
9370-ZXDZJ,Female,0,No,No,6,No,No phone service,Fiber optic,No,Yes,No,No,No,No,One year,Yes,Credit card (automatic),87.72,486.05,Yes
3600-DQUSL,Female,0,Yes,No,53,Yes,Yes,Fiber optic,Yes,Yes,No,No,Yes,Yes,Month-to-month,No,Electronic check,69.95,3745.03,No
7492-FEWSR,Female,0,No,No,52,Yes,Yes,Fiber optic,Yes,Yes,No,Yes,Yes,Yes,Month-to-month,Yes,Credit card (automatic),80.56,4189.61,No
6906-YZMNN,Female,0,Yes,No,49,No,No phone service,Fiber optic,No,No,No,Yes,No,No,Two year,Yes,Electronic check,104.86,5054.41,No
2163-GNYWJ,Female,1,No,No,28,Yes,No,Fiber optic,No,Yes,Yes,No,No,No,Two year,Yes,Electronic check,94.41,2775.33,No
2651-HNXSE,Female,1,No,Yes,41,Yes,Yes,DSL,Yes,Yes,No,No,No,No,Two year,No,Mailed check,64.33,2683.41,No
8311-CDLNC,Female,0,Yes,No,22,Yes,No,Fiber optic,No,No,No,No,Yes,Yes,Two year,No,Credit card (automatic),80.43,1793.1,Yes
1334-XPMBD,Male,0,Yes,No,3,Yes,No,No,No internet service,No internet service,No internet service,No internet service,No internet service,No internet service,Two year,No,Bank transfer (automatic),22.02,61.59,No
6742-DBWNS,Female,0,No,No,68,Yes,No,DSL,No,No,No,No,Yes,No,Month-to-month,No,Bank transfer (automatic),71.03,4840.6,No
3921-DRAUG,Male,0,Yes,No,28,Yes,No,DSL,No,No,No,No,Yes,Yes,One year,No,Electronic check,62.74,1722.14,No
7740-DGRLU,Female,0,Yes,No,56,Yes,No,No,No internet service,No internet service,No internet service,No internet service,No internet service,No internet service,Two year,Yes,Credit card (automatic),31.24,1726.56,No
6705-FPNVN,Female,0,Yes,No,39,Yes,No,Fiber optic,No,No,No,Yes,No,No,Two year,No,Bank transfer (automatic),98.64,3842.59,No
4729-EXHND,Male,0,Yes,No,2,Yes,No,Fiber optic,Yes,No,Yes,Yes,Yes,No,Month-to-month,No,Mailed check,78.77,133.52,Yes
2806-HZSXV,Male,0,No,No,63,Yes,No,Fiber optic,No,No,No,No,No,Yes,Month-to-month,No,Electronic check,72.98,4601.95,No
5741-ZBHOR,Male,0,Yes,No,40,Yes,Yes,Fiber optic,No,No,No,No,Yes,Yes,Month-to-month,No,Electronic check,98.62,3880.06,No
9685-JDMKA,Female,0,Yes,No,46,Yes,No,DSL,No,Yes,Yes,Yes,No,No,Two year,No,Electronic check,52.04,2378.6,No
6835-GFUPF,Male,0,Yes,No,70,Yes,No,Fiber optic,No,No,No,No,Yes,No,One year,Yes,Mailed check,88.09,6145.22,No
9705-AXEVW,Male,0,No,No,53,Yes,No,Fiber optic,No,No,No,Yes,Yes,No,Month-to-month,No,Electronic check,80.98,4275.62,No
7051-YMVJI,Female,0,No,Yes,20,Yes,No,Fiber optic,Yes,No,Yes,No,No,No,Month-to-month,Yes,Bank transfer (automatic),75.65,1521.74,No
1998-ATMGH,Female,0,No,Yes,20,No,No phone service,Fiber optic,No,No,No,No,Yes,Yes,Month-to-month,No,Mailed check,99.17,2022.11,Yes
1905-LQMSL,Male,0,No,No,41,Yes,No,No,No internet service,No internet service,No internet service,No internet service,No internet service,No internet service,Month-to-month,Yes,Mailed check,18.98,812.81,No
4309-XQWYI,Male,0,No,Yes,37,Yes,No,No,No internet service,No internet service,No internet service,No internet service,No internet service,No internet service,Two year,Yes,Credit card (automatic),33.22,1129.73,No
4568-JERUD,Female,0,Yes,No,6,Yes,Yes,DSL,No,Yes,No,No,No,No,Two year,Yes,Credit card (automatic),65.2,410.52,No
7777-IXQUU,Female,0,Yes,Yes,19,Yes,No,Fiber optic,Yes,No,No,Yes,Yes,No,Month-to-month,Yes,Electronic check,80.39,1593.5,Yes
3415-QBXXS,Female,0,Yes,Yes,17,Yes,Yes,DSL,No,No,Yes,No,Yes,Yes,Month-to-month,Yes,Credit card (automatic),56.88,1039.34,No
5872-ELYZV,Male,0,Yes,No,43,No,No phone service,No,No internet service,No internet service,No internet service,No internet service,No internet service,No internet service,One year,Yes,Electronic check,35.23,1522.08,No
2167-PBPAZ,Male,0,No,No,38,Yes,No,DSL,Yes,Yes,Yes,No,Yes,No,Month-to-month,Yes,Bank transfer (automatic),52.61,1988.33,No
1369-YKFJW,Male,0,Yes,No,67,Yes,No,Fiber optic,No,No,No,Yes,No,No,Month-to-month,Yes,Credit card (automatic),103.63,6980.46,No
7114-DNJEP,Female,0,No,Yes,1,Yes,Yes,Fiber optic,No,Yes,No,No,No,No,Month-to-month,No,Credit card (automatic),63.03,0.0,Yes
7962-JALRX,Male,0,Yes,Yes,1,Yes,Yes,Fiber optic,Yes,No,Yes,No,Yes,No,Month-to-month,Yes,Electronic check,100.46,60.73,No
9123-KLDWF,Male,0,Yes,Yes,2,Yes,No,Fiber optic,Yes,No,Yes,Yes,No,Yes,Two year,Yes,Mailed check,109.45,246.25,No
5060-TCDBJ,Female,0,Yes,No,27,Yes,Yes,DSL,No,No,No,Yes,No,No,Two year,No,Bank transfer (automatic),80.1,2139.56,No
1672-GVFLX,Female,0,Yes,Yes,50,Yes,No,Fiber optic,No,Yes,No,No,Yes,No,Month-to-month,No,Electronic check,98.46,4955.53,Yes
9289-GOWUW,Female,0,Yes,No,12,Yes,No,DSL,Yes,No,Yes,No,No,No,Month-to-month,No,Bank transfer (automatic),45.54,533.57,Yes
3766-DEXIY,Male,0,No,Yes,1,Yes,No,DSL,No,No,Yes,No,Yes,Yes,Month-to-month,No,Mailed check,53.82,25.7,No
9430-DLHLB,Male,0,No,No,2,Yes,No,DSL,Yes,No,Yes,No,No,No,Month-to-month,Yes,Electronic check,66.15,197.19,No
4230-HKDEH,Male,0,No,No,58,Yes,No,No,No internet service,No internet service,No internet service,No internet service,No internet service,No internet service,Month-to-month,Yes,Mailed check,18.0,1020.76,No
5552-MQTKD,Male,0,No,No,56,Yes,Yes,DSL,Yes,No,No,No,Yes,Yes,Two year,Yes,Electronic check,51.67,2896.95,No
8783-SZHOD,Female,0,Yes,Yes,61,No,No phone service,DSL,No,Yes,No,No,No,Yes,One year,No,Electronic check,44.54,2694.36,No
4703-JUGVZ,Male,0,No,Yes,3,Yes,Yes,DSL,No,Yes,No,Yes,No,No,Two year,No,Electronic check,61.98,245.53,No
2829-DWIFZ,Female,0,Yes,No,8,Yes,No,DSL,No,Yes,Yes,Yes,No,No,One year,No,Bank transfer (automatic),49.01,364.04,No
5170-HFBIO,Female,0,Yes,No,48,Yes,No,DSL,No,Yes,Yes,No,Yes,Yes,Two year,Yes,Credit card (automatic),53.34,2513.63,No
9711-IDPUN,Female,0,Yes,No,6,Yes,Yes,Fiber optic,No,Yes,Yes,Yes,Yes,No,One year,Yes,Credit card (automatic),106.51,641.29,Yes
3443-AWHAV,Male,0,No,No,2,Yes,Yes,Fiber optic,No,No,Yes,No,No,Yes,Month-to-month,No,Mailed check,105.38,138.9,Yes
7736-CQAMF,Male,0,No,Yes,1,No,No phone service,Fiber optic,Yes,Yes,No,No,Yes,No,Two year,No,Electronic check,92.03,81.68,No
3068-LHKIR,Male,1,No,No,29,Yes,No,No,No internet service,No internet service,No internet service,No internet service,No internet service,No internet service,One year,Yes,Electronic check,29.3,846.96,No
6189-CABFE,Male,0,No,Yes,62,Yes,No,DSL,No,No,No,No,Yes,No,One year,Yes,Electronic check,70.16,4359.35,No
1488-OQMKA,Male,0,Yes,Yes,6,No,No phone service,Fiber optic,No,No,Yes,No,No,No,Month-to-month,Yes,Electronic check,97.25,517.72,No
6792-ICZMB,Male,0,No,No,54,Yes,Yes,Fiber optic,No,Yes,No,No,Yes,No,Two year,Yes,Credit card (automatic),69.26,3725.76,No
1509-WSEYC,Female,0,No,No,0,Yes,No,Fiber optic,Yes,Yes,Yes,Yes,Yes,Yes,Month-to-month,No,Credit card (automatic),101.2, ,Yes
1456-IBETG,Male,0,No,No,58,Yes,Yes,DSL,No,No,Yes,No,Yes,No,One year,No,Credit card (automatic),71.24,4084.21,No
4701-NTVPF,Female,0,Yes,No,52,Yes,No,Fiber optic,Yes,Yes,Yes,No,No,Yes,Month-to-month,No,Credit card (automatic),66.51,3429.36,No
1063-DXCKY,Male,0,Yes,No,0,Yes,No,DSL,Yes,Yes,No,Yes,Yes,Yes,Month-to-month,No,Bank transfer (automatic),60.85, ,Yes
1281-KQGVD,Male,0,Yes,No,48,Yes,No,Fiber optic,No,No,Yes,Yes,No,Yes,Month-to-month,No,Electronic check,92.38,4421.98,No
7709-BXWNB,Male,0,No,Yes,7,Yes,No,Fiber optic,Yes,Yes,No,Yes,Yes,No,One year,Yes,Mailed check,88.07,520.94,Yes
4241-DODLK,Male,0,Yes,Yes,71,Yes,No,DSL,Yes,No,No,Yes,No,No,Month-to-month,No,Bank transfer (automatic),72.02,5069.53,No
4840-LEQXL,Male,0,Yes,No,60,Yes,No,No,No internet service,No internet service,No internet service,No internet service,No internet service,No internet service,Two year,Yes,Credit card (automatic),25.72,1582.73,No
8288-QRYIF,Female,0,No,Yes,62,Yes,No,No,No internet service,No internet service,No internet service,No internet service,No internet service,No internet service,Two year,Yes,Electronic check,22.53,1407.59,No
5648-IQOHD,Male,0,No,No,3,Yes,No,Fiber optic,No,No,Yes,No,No,No,Month-to-month,Yes,Credit card (automatic),87.69,303.16,Yes
4641-IEJST,Male,1,No,No,3,Yes,No,No,No internet service,No internet service,No internet service,No internet service,No internet service,No internet service,Two year,Yes,Electronic check,18.0,7.68,No
7148-BMAAQ,Female,0,No,No,36,Yes,Yes,Fiber optic,Yes,No,Yes,Yes,No,Yes,Two year,Yes,Mailed check,112.83,4079.73,No
2019-ZGDSG,Male,0,No,Yes,44,Yes,Yes,DSL,No,No,Yes,No,Yes,No,Month-to-month,No,Mailed check,68.73,3092.01,No
3826-ZUUVV,Female,1,Yes,No,51,Yes,No,No,No internet service,No internet service,No internet service,No internet service,No internet service,No internet service,Month-to-month,No,Mailed check,48.81,2534.47,No
1084-JYNXO,Male,0,No,No,12,Yes,Yes,DSL,No,Yes,No,No,No,No,Two year,Yes,Mailed check,44.43,490.64,No
2409-PCIXI,Female,0,Yes,No,53,No,No phone service,DSL,No,Yes,Yes,No,Yes,Yes,One year,Yes,Credit card (automatic),75.36,3990.62,No
2714-SEGML,Male,1,Yes,Yes,2,Yes,Yes,DSL,No,Yes,Yes,No,No,Yes,Month-to-month,No,Electronic check,70.99,159.26,Yes
7775-GSHTL,Male,0,No,No,0,Yes,Yes,Fiber optic,No,Yes,Yes,Yes,No,Yes,Month-to-month,Yes,Bank transfer (automatic),87.1, ,No
1084-VZISM,Female,0,No,No,3,Yes,Yes,DSL,Yes,No,Yes,No,Yes,No,Month-to-month,No,Mailed check,50.73,243.31,Yes
6478-IVNYS,Female,0,No,No,64,Yes,No,Fiber optic,No,No,Yes,No,No,No,Month-to-month,Yes,Bank transfer (automatic),96.76,6219.57,No
1578-LFROK,Male,0,Yes,No,17,Yes,Yes,No,No internet service,No internet service,No internet service,No internet service,No internet service,No internet service,Month-to-month,No,Mailed check,29.34,433.18,No
8620-DOTAE,Female,0,No,No,10,Yes,No,No,No internet service,No internet service,No internet service,No internet service,No internet service,No internet service,Month-to-month,Yes,Credit card (automatic),32.56,342.77,No
6694-UMCMQ,Male,0,Yes,No,1,Yes,No,No,No internet service,No internet service,No internet service,No internet service,No internet service,No internet service,Month-to-month,Yes,Mailed check,28.96,64.5,No
5096-MCNMG,Male,1,Yes,No,65,Yes,No,DSL,No,Yes,No,No,No,No,Month-to-month,No,Electronic check,70.12,4593.18,No
6493-YUHOY,Male,0,Yes,Yes,38,Yes,Yes,Fiber optic,No,Yes,No,Yes,No,Yes,Month-to-month,No,Electronic check,70.76,2704.33,No
2926-KCUSR,Female,0,Yes,Yes,6,Yes,No,No,No internet service,No internet service,No internet service,No internet service,No internet service,No internet service,Month-to-month,No,Bank transfer (automatic),20.98,144.09,No
7619-UWAXV,Male,1,Yes,No,30,Yes,Yes,DSL,Yes,No,No,No,No,No,Two year,Yes,Electronic check,62.23,1775.49,No
4785-ESNYY,Female,0,No,No,12,Yes,No,No,No internet service,No internet service,No internet service,No internet service,No internet service,No internet service,Month-to-month,Yes,Bank transfer (automatic),26.49,302.74,No
4537-LGEEK,Male,0,Yes,Yes,15,Yes,No,Fiber optic,No,Yes,No,No,No,No,Month-to-month,Yes,Credit card (automatic),72.08,1082.08,Yes
1560-TXKPG,Female,0,No,Yes,6,Yes,No,No,No internet service,No internet service,No internet service,No internet service,No internet service,No internet service,One year,Yes,Electronic check,29.94,134.31,No
6037-WJLUY,Female,0,No,Yes,65,Yes,No,DSL,Yes,No,No,No,No,Yes,Month-to-month,No,Credit card (automatic),60.1,3884.72,No
8619-WZZBR,Male,1,Yes,Yes,25,Yes,Yes,DSL,No,Yes,No,Yes,Yes,No,Month-to-month,No,Bank transfer (automatic),70.8,1813.67,No
8246-TKNJL,Male,0,No,Yes,30,Yes,No,No,No internet service,No internet service,No internet service,No internet service,No internet service,No internet service,Month-to-month,Yes,Credit card (automatic),36.45,1084.08,No
1431-NBSVX,Male,0,Yes,No,10,Yes,Yes,DSL,No,Yes,No,No,No,No,Two year,Yes,Credit card (automatic),64.07,621.43,No
8222-ITJRL,Female,0,No,Yes,36,Yes,Yes,No,No internet service,No internet service,No internet service,No internet service,No internet service,No internet service,Month-to-month,No,Credit card (automatic),27.1,964.46,Yes
4829-JRLKR,Male,0,No,No,59,No,No phone service,DSL,No,No,Yes,Yes,Yes,Yes,Month-to-month,Yes,Credit card (automatic),71.87,4295.39,Yes
7508-XQFHH,Female,0,Yes,No,63,Yes,No,Fiber optic,No,Yes,No,No,No,No,Month-to-month,Yes,Electronic check,84.9,5362.62,No
7242-APWUL,Male,1,Yes,Yes,59,Yes,No,Fiber optic,No,Yes,No,Yes,No,No,Two year,Yes,Electronic check,95.98,5629.44,No
3691-DQHHQ,Female,0,No,No,26,Yes,No,No,No internet service,No internet service,No internet service,No internet service,No internet service,No internet service,Month-to-month,No,Electronic check,29.64,726.2,No
9097-YDFES,Male,0,Yes,No,59,Yes,No,Fiber optic,Yes,No,No,No,No,No,Month-to-month,No,Mailed check,118.75,6980.6,Yes
1421-WLYFF,Male,0,No,Yes,20,Yes,No,Fiber optic,No,Yes,No,Yes,No,No,Month-to-month,No,Credit card (automatic),88.54,1813.4,Yes
8217-QOFFD,Female,0,Yes,No,24,Yes,No,DSL,No,Yes,Yes,No,Yes,No,One year,Yes,Electronic check,52.28,1235.66,No
1144-TLGTZ,Male,0,No,No,58,Yes,Yes,DSL,Yes,Yes,No,No,Yes,No,Two year,Yes,Electronic check,61.42,3648.2,No
1859-LRZFN,Female,0,Yes,Yes,37,Yes,Yes,Fiber optic,No,No,No,No,No,No,Month-to-month,Yes,Electronic check,88.32,3294.44,No
7518-MTIYB,Male,0,Yes,No,71,Yes,Yes,Fiber optic,No,Yes,Yes,No,Yes,Yes,Month-to-month,Yes,Bank transfer (automatic),59.8,4344.72,No
4316-PCYPY,Male,0,Yes,No,34,No,No phone service,No,No internet service,No internet service,No internet service,No internet service,No internet service,No internet service,Month-to-month,No,Mailed check,31.73,1088.18,No
5648-WFNGA,Female,0,Yes,Yes,39,Yes,No,DSL,Yes,Yes,Yes,Yes,No,No,Month-to-month,Yes,Electronic check,42.89,1678.79,No
1894-LQQRB,Female,0,No,No,13,Yes,No,DSL,No,No,No,Yes,No,Yes,Two year,No,Mailed check,67.56,893.76,Yes
6457-PMVSR,Female,0,No,Yes,4,Yes,No,Fiber optic,No,No,Yes,No,No,No,Month-to-month,Yes,Electronic check,111.04,387.97,No
6040-HQQGR,Male,0,Yes,Yes,5,Yes,Yes,Fiber optic,Yes,Yes,No,No,Yes,No,Month-to-month,Yes,Credit card (automatic),77.09,358.88,Yes
1690-FEVSM,Male,0,Yes,Yes,2,No,No phone service,Fiber optic,No,No,No,No,Yes,No,Two year,No,Bank transfer (automatic),88.39,168.92,Yes
8706-VGIHM,Male,0,Yes,No,31,Yes,No,DSL,No,Yes,Yes,No,No,No,Month-to-month,Yes,Electronic check,78.99,2404.75,No
3553-GJAQO,Female,0,No,No,66,Yes,Yes,No,No internet service,No internet service,No internet service,No internet service,No internet service,No internet service,Month-to-month,Yes,Electronic check,20.62,1311.71,No
3128-YTDTP,Male,1,No,No,13,Yes,Yes,Fiber optic,Yes,No,No,Yes,Yes,No,Month-to-month,Yes,Bank transfer (automatic),73.54,1000.84,Yes
5264-EVHPN,Male,1,No,No,55,Yes,No,Fiber optic,No,No,No,Yes,No,Yes,One year,Yes,Mailed check,68.47,3784.78,Yes
4624-KENHK,Male,0,No,No,5,Yes,Yes,DSL,No,Yes,No,Yes,No,Yes,One year,Yes,Electronic check,50.03,286.5,No
5194-VQQAS,Male,0,Yes,Yes,61,Yes,No,DSL,No,Yes,No,Yes,Yes,No,Month-to-month,No,Electronic check,69.26,4252.43,No
6016-YDGKA,Male,0,Yes,No,57,No,No phone service,Fiber optic,No,No,Yes,Yes,Yes,No,Month-to-month,No,Credit card (automatic),73.6,4103.11,Yes
4771-AKTGJ,Male,0,No,No,13,Yes,Yes,Fiber optic,No,No,No,Yes,No,No,Two year,Yes,Mailed check,112.3,1400.24,No
6403-WSHLW,Female,1,Yes,No,26,Yes,Yes,Fiber optic,No,No,No,No,Yes,Yes,One year,Yes,Electronic check,88.42,2257.02,No
1987-DHIZK,Female,0,Yes,No,45,Yes,No,DSL,Yes,Yes,Yes,No,Yes,Yes,Month-to-month,Yes,Credit card (automatic),72.12,3166.12,No
6030-HAYLA,Male,0,Yes,No,1,Yes,Yes,Fiber optic,No,No,No,No,Yes,No,One year,Yes,Mailed check,111.08,167.71,No
8154-PXGJD,Female,0,No,No,0,Yes,No,Fiber optic,No,Yes,No,No,Yes,No,Two year,Yes,Credit card (automatic),91.54, ,No
8028-ZDSVD,Female,0,No,No,6,Yes,Yes,DSL,No,No,No,Yes,No,No,Month-to-month,No,Electronic check,51.03,311.44,No
4166-HXJHF,Male,0,No,No,52,Yes,Yes,DSL,No,Yes,Yes,Yes,No,No,Month-to-month,Yes,Bank transfer (automatic),47.71,2531.29,No
8732-ZAEKH,Male,0,Yes,No,68,Yes,No,Fiber optic,No,No,No,Yes,No,Yes,Two year,Yes,Credit card (automatic),83.77,5707.5,No
5988-YFUVL,Male,0,Yes,No,12,Yes,No,DSL,No,No,Yes,Yes,No,Yes,Month-to-month,Yes,Electronic check,43.71,507.72,No
6765-LUADL,Male,0,Yes,Yes,14,Yes,Yes,DSL,Yes,Yes,Yes,No,No,No,Month-to-month,No,Mailed check,71.51,976.0,Yes
9061-RSTOA,Female,0,No,Yes,57,No,No phone service,Fiber optic,No,Yes,No,Yes,Yes,No,One year,No,Credit card (automatic),73.59,4254.83,No
4745-CURSU,Female,0,Yes,Yes,58,Yes,Yes,DSL,No,No,No,No,No,Yes,Month-to-month,No,Bank transfer (automatic),60.51,3492.24,No
7751-SVBRK,Male,0,No,No,4,Yes,Yes,Fiber optic,Yes,No,Yes,No,Yes,No,Month-to-month,No,Electronic check,82.85,418.46,Yes
9650-DYBOF,Female,0,No,Yes,28,Yes,Yes,Fiber optic,No,No,No,No,Yes,No,Two year,Yes,Mailed check,70.33,1879.01,No
7262-LMPKW,Male,0,No,No,54,Yes,No,DSL,No,Yes,Yes,Yes,No,No,Month-to-month,Yes,Credit card (automatic),50.48,2724.79,No
1175-EFSHK,Female,0,No,No,12,No,No phone service,DSL,Yes,Yes,No,Yes,No,No,Month-to-month,Yes,Credit card (automatic),71.12,833.34,Yes
2133-OGFZM,Female,0,Yes,No,41,Yes,No,DSL,Yes,Yes,No,Yes,No,No,Month-to-month,Yes,Bank transfer (automatic),69.67,2798.77,No
1760-FWRPD,Male,0,No,No,54,Yes,No,No,No internet service,No internet service,No internet service,No internet service,No internet service,No internet service,Month-to-month,No,Electronic check,18.0,930.08,No
5358-NHVLE,Male,0,Yes,Yes,6,Yes,No,DSL,Yes,Yes,Yes,Yes,No,Yes,Month-to-month,No,Electronic check,71.37,378.52,Yes
5167-UJXDK,Female,0,No,No,26,Yes,No,Fiber optic,Yes,No,No,No,No,No,Month-to-month,Yes,Electronic check,103.03,2693.29,No
9426-DSGZN,Female,0,No,No,61,Yes,No,No,No internet service,No internet service,No internet service,No internet service,No internet service,No internet service,One year,No,Credit card (automatic),35.89,2146.39,No
4806-ODCZE,Male,0,No,No,29,Yes,No,DSL,No,Yes,No,No,No,Yes,Two year,Yes,Mailed check,62.26,1772.83,No
4517-PEKIU,Male,0,Yes,No,40,Yes,No,DSL,No,No,No,No,Yes,Yes,Month-to-month,Yes,Bank transfer (automatic),58.21,2333.15,No
7575-MODVO,Male,1,No,No,52,Yes,Yes,No,No internet service,No internet service,No internet service,No internet service,No internet service,No internet service,Two year,Yes,Mailed check,34.86,1848.19,No
8551-ICZXW,Female,0,No,No,54,No,No phone service,Fiber optic,No,No,No,No,No,No,One year,No,Electronic check,102.91,5488.86,No
3435-IGTQM,Female,0,No,No,1,Yes,No,DSL,No,No,Yes,Yes,No,Yes,Two year,No,Electronic check,63.66,0.0,No
5427-XZUCZ,Female,0,No,No,24,No,No phone service,DSL,Yes,No,No,No,No,No,Two year,Yes,Bank transfer (automatic),74.65,1762.64,No
3111-FIETY,Female,0,No,No,8,Yes,Yes,No,No internet service,No internet service,No internet service,No internet service,No internet service,No internet service,One year,Yes,Mailed check,28.59,248.26,No
1928-NULWW,Female,0,Yes,No,0,Yes,Yes,DSL,No,No,No,Yes,No,No,Month-to-month,Yes,Credit card (automatic),52.26, ,No
5868-MLMXO,Female,0,Yes,No,31,Yes,No,Fiber optic,No,No,Yes,No,No,No,Two year,No,Credit card (automatic),87.0,2649.1,No
1501-ERLXD,Male,0,Yes,No,48,Yes,No,DSL,No,No,Yes,No,No,No,Month-to-month,Yes,Electronic check,55.72,2693.04,No
4190-CMVAV,Female,0,No,No,0,Yes,Yes,Fiber optic,No,No,No,No,Yes,No,Two year,No,Mailed check,101.61, ,No
9796-NYTDS,Male,1,No,Yes,67,Yes,Yes,DSL,Yes,Yes,Yes,Yes,No,No,Month-to-month,Yes,Mailed check,45.63,3085.73,No
8342-GKMRB,Male,0,Yes,Yes,49,Yes,Yes,DSL,No,No,No,No,No,Yes,One year,No,Credit card (automatic),65.14,3173.47,No
3461-YQRDZ,Female,0,Yes,No,46,Yes,No,Fiber optic,Yes,Yes,No,No,Yes,No,One year,No,Bank transfer (automatic),106.7,4860.76,No
3746-XVCBR,Female,0,No,No,65,Yes,Yes,Fiber optic,No,No,No,No,Yes,Yes,Month-to-month,Yes,Mailed check,75.82,5006.33,No
8731-EXIVB,Female,0,No,No,2,No,No phone service,DSL,Yes,No,Yes,Yes,Yes,No,Month-to-month,No,Credit card (automatic),46.09,161.33,No
9750-DHIQZ,Male,0,No,Yes,11,Yes,Yes,DSL,Yes,Yes,No,Yes,Yes,No,One year,Yes,Mailed check,50.48,561.37,No
3187-VLGKW,Female,0,Yes,No,2,No,No phone service,Fiber optic,No,No,Yes,Yes,No,Yes,Two year,No,Bank transfer (automatic),82.06,209.49,No
1521-NZAPC,Male,0,No,No,36,Yes,Yes,Fiber optic,No,Yes,No,Yes,Yes,No,Two year,Yes,Electronic check,81.23,2916.89,No
9181-TQQWO,Male,0,Yes,No,51,Yes,Yes,Fiber optic,Yes,No,Yes,No,Yes,No,Two year,No,Electronic check,106.95,5388.84,No
8740-UAITX,Male,1,Yes,No,30,Yes,No,DSL,Yes,No,No,No,No,No,One year,No,Mailed check,62.19,1829.26,No
2110-WDACX,Female,1,No,Yes,50,Yes,Yes,Fiber optic,No,No,No,No,No,No,Two year,Yes,Bank transfer (automatic),84.81,4250.52,No
4933-QJIIT,Male,0,Yes,No,65,Yes,No,Fiber optic,Yes,Yes,Yes,No,Yes,Yes,Month-to-month,No,Bank transfer (automatic),81.82,5345.88,No
9093-DDPSB,Female,0,No,No,8,Yes,No,DSL,Yes,Yes,Yes,No,No,No,One year,Yes,Bank transfer (automatic),46.32,434.81,No
7142-PTXIW,Male,0,Yes,No,2,Yes,No,Fiber optic,No,No,No,No,No,No,One year,No,Electronic check,79.31,120.28,Yes
3186-SJBGK,Male,1,Yes,Yes,15,Yes,No,DSL,Yes,Yes,Yes,Yes,Yes,Yes,Month-to-month,No,Mailed check,59.21,915.79,Yes
7732-XIGYD,Female,0,No,No,12,Yes,Yes,DSL,Yes,Yes,Yes,No,No,Yes,Month-to-month,Yes,Credit card (automatic),73.02,826.49,Yes
7010-UWYNA,Male,0,Yes,Yes,35,No,No phone service,Fiber optic,No,No,Yes,Yes,Yes,Yes,Month-to-month,Yes,Electronic check,88.16,3101.17,Yes
4032-PFMCH,Female,0,Yes,No,49,No,No phone service,DSL,No,No,Yes,Yes,No,No,Month-to-month,No,Electronic check,65.51,3155.99,No
4531-DTDKZ,Female,0,Yes,No,61,Yes,No,No,No internet service,No internet service,No internet service,No internet service,No internet service,No internet service,Month-to-month,Yes,Mailed check,31.41,1958.46,No
3672-TNGFN,Male,0,Yes,No,36,Yes,No,DSL,No,No,No,No,No,No,Two year,Yes,Mailed check,57.06,2067.41,No
8202-CLTYT,Female,0,No,No,59,Yes,No,DSL,No,Yes,Yes,No,No,No,Two year,No,Bank transfer (automatic),66.59,3857.31,No
4584-FKKEF,Female,0,Yes,No,28,Yes,Yes,DSL,Yes,Yes,No,Yes,No,Yes,One year,Yes,Mailed check,50.73,1442.6,No
1998-AZAZE,Female,0,No,Yes,60,Yes,No,No,No internet service,No internet service,No internet service,No internet service,No internet service,No internet service,One year,Yes,Credit card (automatic),18.0,962.0,No
8624-AVIDP,Female,0,No,No,1,No,No phone service,No,No internet service,No internet service,No internet service,No internet service,No internet service,No internet service,Two year,Yes,Credit card (automatic),27.66,0.0,No
3805-CLJZP,Female,0,No,Yes,3,Yes,Yes,No,No internet service,No internet service,No internet service,No internet service,No internet service,No internet service,Two year,No,Bank transfer (automatic),26.43,102.56,No
5454-NOLZN,Female,1,No,No,37,Yes,Yes,No,No internet service,No internet service,No internet service,No internet service,No internet service,No internet service,Month-to-month,No,Credit card (automatic),21.9,802.2,No
9207-PTYKU,Male,0,No,No,1,Yes,Yes,No,No internet service,No internet service,No internet service,No internet service,No internet service,No internet service,Month-to-month,No,Electronic check,31.92,0.0,Yes
5714-KDGUI,Female,0,No,Yes,50,Yes,No,No,No internet service,No internet service,No internet service,No internet service,No internet service,No internet service,Month-to-month,Yes,Bank transfer (automatic),29.61,1416.59,No
2365-VCXDK,Female,0,Yes,No,64,Yes,No,Fiber optic,No,Yes,Yes,No,No,Yes,Month-to-month,Yes,Bank transfer (automatic),106.4,6712.71,No
9180-KFSDS,Female,0,No,Yes,52,Yes,Yes,Fiber optic,No,No,Yes,No,Yes,No,Two year,Yes,Mailed check,92.46,4767.96,No
5372-UDERO,Female,1,Yes,Yes,10,Yes,No,DSL,No,No,Yes,No,Yes,Yes,One year,No,Mailed check,45.73,392.84,No
9259-SMAFL,Male,0,Yes,No,3,Yes,Yes,No,No internet service,No internet service,No internet service,No internet service,No internet service,No internet service,Month-to-month,No,Electronic check,18.0,69.75,No
8221-UAWXQ,Female,1,No,Yes,46,Yes,No,DSL,Yes,No,No,No,No,No,Month-to-month,Yes,Electronic check,54.59,2439.16,No
3609-TAXNO,Female,0,Yes,Yes,55,Yes,No,Fiber optic,No,Yes,No,No,No,Yes,Two year,Yes,Electronic check,109.36,5966.85,No
2555-LWKDA,Male,0,Yes,No,16,Yes,No,DSL,Yes,Yes,Yes,Yes,Yes,Yes,Month-to-month,Yes,Electronic check,61.12,1011.6,Yes
6253-QRJUD,Male,0,Yes,No,68,Yes,Yes,Fiber optic,No,No,Yes,No,Yes,No,One year,No,Mailed check,103.48,7120.66,No
3304-DVCGT,Female,0,Yes,No,67,Yes,No,No,No internet service,No internet service,No internet service,No internet service,No internet service,No internet service,Two year,Yes,Electronic check,21.54,1387.11,No
6848-FLDDW,Male,0,No,No,3,Yes,Yes,Fiber optic,No,Yes,No,Yes,Yes,No,Month-to-month,No,Electronic check,86.21,286.6,Yes
8683-PLYBF,Female,1,Yes,Yes,0,Yes,Yes,No,No internet service,No internet service,No internet service,No internet service,No internet service,No internet service,Month-to-month,Yes,Mailed check,28.87, ,No
9096-LKRBN,Male,1,No,No,33,Yes,No,DSL,Yes,Yes,No,Yes,Yes,Yes,Month-to-month,Yes,Credit card (automatic),59.6,1927.05,No
1488-XIBSB,Male,0,No,No,57,Yes,Yes,Fiber optic,Yes,Yes,Yes,No,No,No,Month-to-month,Yes,Electronic check,91.53,5195.29,No
8384-SHYEU,Female,1,Yes,Yes,63,Yes,No,No,No internet service,No internet service,No internet service,No internet service,No internet service,No internet service,One year,No,Credit card (automatic),33.63,2124.17,No
8499-PQOKJ,Female,1,Yes,No,36,Yes,No,Fiber optic,No,No,No,No,Yes,No,Month-to-month,No,Electronic check,72.5,2619.84,No
2272-OHMLQ,Female,0,Yes,No,30,No,No phone service,Fiber optic,No,Yes,Yes,Yes,No,No,Month-to-month,Yes,Electronic check,103.28,3111.62,No
1122-EWCBU,Female,0,No,Yes,4,Yes,No,Fiber optic,Yes,Yes,Yes,Yes,No,No,One year,Yes,Bank transfer (automatic),83.71,355.47,Yes
6362-KLUQA,Female,0,Yes,Yes,45,Yes,Yes,Fiber optic,No,No,No,No,No,No,One year,Yes,Credit card (automatic),71.64,3316.84,No
8190-LUHTJ,Female,0,Yes,No,47,Yes,Yes,Fiber optic,No,Yes,No,Yes,No,No,Two year,No,Electronic check,96.2,4514.55,No
5217-JGHGP,Female,0,No,No,2,Yes,Yes,DSL,No,Yes,Yes,No,No,Yes,One year,Yes,Credit card (automatic),44.65,138.16,Yes
4959-XYZSN,Female,1,No,Yes,23,Yes,Yes,DSL,Yes,No,No,Yes,No,No,One year,Yes,Mailed check,47.67,965.22,No
8303-ZUGGF,Female,0,Yes,No,29,Yes,No,Fiber optic,No,Yes,No,Yes,No,Yes,Month-to-month,No,Mailed check,64.31,1833.84,No
7663-JKAUE,Male,0,No,Yes,70,Yes,Yes,DSL,Yes,Yes,Yes,Yes,No,Yes,Month-to-month,Yes,Electronic check,58.8,4012.17,No
9812-OTVKB,Male,0,No,No,12,Yes,Yes,No,No internet service,No internet service,No internet service,No internet service,No internet service,No internet service,Two year,Yes,Mailed check,22.57,412.34,No
1420-AQTSU,Female,0,No,Yes,1,Yes,No,Fiber optic,No,Yes,No,No,No,Yes,Month-to-month,No,Credit card (automatic),95.11,170.14,No
8692-RKJPD,Female,0,Yes,No,40,Yes,Yes,No,No internet service,No internet service,No internet service,No internet service,No internet service,No internet service,Month-to-month,Yes,Credit card (automatic),23.43,880.79,No
8939-MRVWH,Female,0,Yes,No,1,Yes,Yes,Fiber optic,Yes,No,No,No,Yes,No,Month-to-month,Yes,Bank transfer (automatic),98.91,59.01,Yes
8365-ZXXFA,Male,0,Yes,No,3,Yes,No,No,No internet service,No internet service,No internet service,No internet service,No internet service,No internet service,Two year,No,Electronic check,32.67,27.83,No
5962-WURLO,Female,0,Yes,Yes,33,Yes,No,DSL,Yes,No,No,Yes,No,Yes,Two year,No,Bank transfer (automatic),61.62,2033.48,No
5992-CLZZY,Male,0,Yes,No,39,Yes,No,Fiber optic,Yes,No,No,No,Yes,No,Month-to-month,No,Electronic check,89.19,3483.43,Yes
4343-TGRXD,Female,0,No,No,7,Yes,Yes,DSL,Yes,Yes,No,Yes,No,No,Two year,No,Credit card (automatic),57.27,347.66,No
2455-KVAZC,Female,0,No,Yes,36,Yes,No,DSL,No,No,No,No,No,Yes,Two year,No,Mailed check,46.73,1698.28,No
3066-DLKKC,Female,0,No,No,24,Yes,No,DSL,No,No,No,Yes,Yes,No,Month-to-month,No,Bank transfer (automatic),75.44,1759.21,No
9093-YXGCZ,Female,0,No,No,2,Yes,Yes,Fiber optic,No,Yes,No,No,Yes,No,Two year,Yes,Mailed check,66.65,109.74,No
8926-ULEFV,Male,0,Yes,No,55,Yes,Yes,Fiber optic,Yes,Yes,Yes,No,No,Yes,Month-to-month,No,Bank transfer (automatic),68.41,3787.32,Yes
3770-VPSXB,Male,0,Yes,No,32,Yes,No,DSL,No,No,Yes,Yes,Yes,Yes,Two year,Yes,Mailed check,50.56,1567.83,No
9217-SSVTT,Female,0,No,No,55,Yes,No,No,No internet service,No internet service,No internet service,No internet service,No internet service,No internet service,Two year,No,Electronic check,32.07,1665.53,No
9264-HAXHP,Female,1,Yes,No,3,Yes,Yes,No,No internet service,No internet service,No internet service,No internet service,No internet service,No internet service,Two year,Yes,Electronic check,21.29,65.47,No
6979-SOKTI,Female,1,Yes,No,41,Yes,No,No,No internet service,No internet service,No internet service,No internet service,No internet service,No internet service,One year,Yes,Electronic check,30.49,1237.75,No
4308-VSMNV,Male,0,No,Yes,0,Yes,Yes,Fiber optic,Yes,No,Yes,Yes,No,Yes,Month-to-month,Yes,Mailed check,100.68, ,No
8667-WUHRA,Male,0,Yes,No,6,Yes,No,Fiber optic,No,No,No,No,Yes,Yes,Month-to-month,Yes,Bank transfer (automatic),86.11,582.93,Yes
8426-EMLCB,Male,0,Yes,Yes,57,Yes,No,Fiber optic,Yes,No,No,No,No,No,One year,Yes,Mailed check,74.76,4287.38,No
1260-EIGPK,Male,1,No,No,29,No,No phone service,Fiber optic,No,No,No,Yes,No,No,One year,Yes,Credit card (automatic),94.65,2687.22,No
9350-GOVLF,Male,0,No,Yes,42,No,No phone service,DSL,No,No,No,Yes,No,Yes,One year,Yes,Credit card (automatic),66.83,2788.49,Yes
2792-PIMQC,Female,0,No,No,8,Yes,Yes,No,No internet service,No internet service,No internet service,No internet service,No internet service,No internet service,Two year,No,Bank transfer (automatic),24.74,125.71,No
8422-PIPNP,Female,0,Yes,No,50,Yes,No,Fiber optic,No,No,No,No,No,Yes,Two year,No,Mailed check,94.72,4742.43,No
1880-JMVXS,Male,0,No,No,8,Yes,No,Fiber optic,Yes,No,No,No,Yes,No,One year,Yes,Mailed check,87.06,633.69,No
6554-EUXIN,Male,0,No,Yes,27,No,No phone service,DSL,No,No,No,Yes,No,No,One year,No,Electronic check,50.68,1439.6,Yes
9437-VWJHV,Male,0,Yes,No,68,No,No phone service,Fiber optic,No,Yes,No,No,No,Yes,Two year,Yes,Electronic check,83.45,5681.98,No
7480-DVHVP,Female,0,No,No,42,Yes,No,DSL,Yes,Yes,No,No,No,Yes,Month-to-month,Yes,Credit card (automatic),50.87,2145.99,No
6103-TFQFY,Male,0,No,No,7,Yes,No,No,No internet service,No internet service,No internet service,No internet service,No internet service,No internet service,Month-to-month,No,Electronic check,18.0,110.7,No
9237-IGQQA,Female,0,No,No,31,Yes,No,Fiber optic,Yes,Yes,Yes,No,No,No,One year,Yes,Bank transfer (automatic),68.13,2043.27,No
6958-TPMRA,Female,0,Yes,Yes,0,Yes,No,Fiber optic,No,No,No,No,No,No,Two year,Yes,Bank transfer (automatic),107.01, ,Yes
5192-TUUBB,Male,0,No,No,5,Yes,No,Fiber optic,No,No,Yes,No,No,No,Two year,No,Electronic check,96.57,343.1,Yes
4819-VOBDK,Female,1,Yes,No,11,Yes,Yes,No,No internet service,No internet service,No internet service,No internet service,No internet service,No internet service,Two year,Yes,Electronic check,31.57,336.4,No
1606-LTKUM,Female,0,Yes,No,14,Yes,No,DSL,No,No,Yes,Yes,Yes,No,One year,Yes,Electronic check,55.82,848.45,No
3191-HCZVW,Male,1,Yes,Yes,35,Yes,No,Fiber optic,No,No,Yes,No,Yes,Yes,Month-to-month,Yes,Bank transfer (automatic),95.99,3392.44,No
6510-JOAWA,Male,0,Yes,Yes,1,Yes,No,Fiber optic,Yes,Yes,Yes,Yes,Yes,No,One year,No,Electronic check,80.09,120.0,No
3212-PEMJN,Female,1,Yes,Yes,44,Yes,Yes,No,No internet service,No internet service,No internet service,No internet service,No internet service,No internet service,Two year,Yes,Bank transfer (automatic),30.59,1380.09,No
7713-SPTET,Female,0,No,No,24,Yes,Yes,Fiber optic,No,No,No,No,Yes,No,Two year,Yes,Electronic check,91.67,2193.03,No
5284-GDLGL,Female,0,No,No,29,Yes,Yes,DSL,No,No,No,No,No,No,Two year,No,Electronic check,69.33,1999.27,No
4089-DOXPW,Female,0,Yes,No,19,Yes,No,DSL,No,No,No,No,No,Yes,One year,Yes,Bank transfer (automatic),66.25,1264.08,No
2808-LJKXZ,Male,1,No,Yes,2,Yes,No,No,No internet service,No internet service,No internet service,No internet service,No internet service,No internet service,Two year,Yes,Electronic check,18.0,0.0,No
7664-XEAEK,Female,1,No,Yes,56,Yes,No,DSL,Yes,Yes,No,No,No,No,Two year,Yes,Mailed check,59.46,3234.57,No
9067-LFIMN,Male,0,Yes,No,0,Yes,No,DSL,No,Yes,No,Yes,Yes,No,Two year,Yes,Bank transfer (automatic),73.37, ,No
6988-GLCAN,Male,0,No,Yes,0,Yes,Yes,No,No internet service,No internet service,No internet service,No internet service,No internet service,No internet service,Month-to-month,Yes,Electronic check,24.03, ,No
2212-FJAZT,Female,0,No,No,41,Yes,No,No,No internet service,No internet service,No internet service,No internet service,No internet service,No internet service,Month-to-month,Yes,Credit card (automatic),26.14,1039.81,No
6581-XMVJX,Female,0,No,No,0,Yes,No,Fiber optic,Yes,No,Yes,No,No,No,Month-to-month,Yes,Mailed check,85.57, ,Yes
5597-WDNZL,Female,0,No,No,69,Yes,Yes,DSL,Yes,No,No,No,No,Yes,Month-to-month,Yes,Electronic check,67.16,4632.84,No
9068-RYMJB,Male,0,No,Yes,0,Yes,No,Fiber optic,No,No,No,Yes,No,No,Month-to-month,No,Mailed check,103.77, ,Yes
8378-HVSED,Male,0,No,Yes,70,Yes,No,DSL,No,No,Yes,No,Yes,No,Two year,Yes,Electronic check,69.57,4882.98,No
3752-GRQQO,Female,0,Yes,No,8,Yes,No,DSL,Yes,No,No,No,No,No,One year,No,Electronic check,50.07,355.99,No
2198-CZOFO,Female,1,Yes,Yes,38,Yes,No,Fiber optic,No,Yes,No,No,Yes,No,Month-to-month,No,Credit card (automatic),57.62,2332.57,No
2257-XUWWA,Female,0,No,No,1,Yes,Yes,No,No internet service,No internet service,No internet service,No internet service,No internet service,No internet service,Two year,Yes,Mailed check,18.7,18.82,No
9695-QZVJR,Female,0,Yes,No,58,Yes,Yes,DSL,Yes,Yes,No,Yes,Yes,No,Month-to-month,No,Mailed check,76.34,4533.08,No
8028-SQXUJ,Male,0,Yes,No,2,Yes,Yes,Fiber optic,No,No,No,No,No,No,Two year,Yes,Mailed check,95.59,304.35,Yes
2922-ZOPWS,Male,0,Yes,Yes,31,No,No phone service,DSL,Yes,No,No,Yes,Yes,Yes,One year,Yes,Electronic check,57.7,1767.49,No
4018-ACWQM,Male,0,No,No,1,Yes,No,DSL,No,Yes,No,No,No,No,Two year,No,Credit card (automatic),72.86,159.19,No
1254-LGRYF,Male,0,No,No,0,Yes,No,DSL,No,No,No,No,No,No,One year,No,Mailed check,64.73, ,No
3021-HCPQB,Male,0,Yes,Yes,1,Yes,Yes,DSL,No,No,Yes,No,No,No,Two year,Yes,Electronic check,65.73,0.0,No
7987-UXXHW,Female,0,Yes,No,3,Yes,No,DSL,No,Yes,No,No,Yes,No,Two year,Yes,Bank transfer (automatic),61.2,172.47,No
2838-ECTKB,Male,0,Yes,No,0,Yes,No,DSL,No,No,No,Yes,No,No,Month-to-month,Yes,Bank transfer (automatic),77.07, ,Yes
3279-ZHFSQ,Male,0,Yes,Yes,62,Yes,Yes,DSL,No,Yes,Yes,Yes,No,No,Month-to-month,Yes,Electronic check,72.4,4479.98,No
4554-WHQNF,Female,0,No,No,71,Yes,No,Fiber optic,No,Yes,No,No,No,Yes,Month-to-month,Yes,Credit card (automatic),85.05,6075.64,No
5665-YTNPK,Male,0,Yes,Yes,29,Yes,No,DSL,No,No,Yes,Yes,Yes,No,Month-to-month,No,Bank transfer (automatic),78.57,2272.64,Yes
5953-MUFUU,Male,0,No,Yes,6,Yes,No,DSL,No,No,Yes,No,Yes,Yes,One year,Yes,Mailed check,74.49,464.18,Yes
5623-HGRMS,Female,0,Yes,Yes,50,Yes,Yes,Fiber optic,No,No,Yes,No,No,No,Two year,Yes,Mailed check,82.65,4183.98,No
1200-HOJOQ,Male,0,Yes,No,53,No,No phone service,Fiber optic,Yes,Yes,Yes,No,No,No,One year,No,Bank transfer (automatic),118.19,6305.14,No
6886-OCXOA,Female,0,No,No,4,Yes,Yes,Fiber optic,No,No,No,No,Yes,No,Month-to-month,No,Credit card (automatic),74.6,289.61,Yes
3825-KTYHZ,Female,0,Yes,No,29,Yes,No,No,No internet service,No internet service,No internet service,No internet service,No internet service,No internet service,Month-to-month,Yes,Credit card (automatic),18.0,596.99,No
1293-KWKBD,Male,0,Yes,No,24,Yes,Yes,DSL,Yes,Yes,No,No,No,No,Two year,No,Electronic check,53.54,1294.54,No
8802-OZNGG,Female,0,Yes,Yes,10,Yes,Yes,Fiber optic,No,No,No,No,No,Yes,Two year,No,Credit card (automatic),89.59,935.36,No
9721-ORFVZ,Female,0,No,No,42,No,No phone service,Fiber optic,No,Yes,No,Yes,No,Yes,Month-to-month,No,Electronic check,87.39,3649.7,Yes
9566-ODRLH,Female,0,Yes,No,48,Yes,No,DSL,No,No,No,Yes,No,Yes,Month-to-month,Yes,Electronic check,58.84,2800.72,No
5799-YJBPG,Female,0,No,No,26,Yes,Yes,DSL,Yes,Yes,No,Yes,No,No,One year,Yes,Electronic check,62.65,1641.4,No
1666-CNISA,Female,0,No,No,7,Yes,Yes,DSL,No,No,No,No,No,No,One year,No,Credit card (automatic),51.66,292.97,No
2368-RIVEJ,Female,0,No,No,71,No,No phone service,Fiber optic,No,No,Yes,Yes,No,Yes,One year,Yes,Bank transfer (automatic),100.38,7100.95,No
4729-AUYXL,Female,0,No,No,50,Yes,No,DSL,No,No,No,No,No,No,Two year,No,Electronic check,74.86,3728.42,No
7321-LREVC,Male,0,No,No,28,Yes,No,No,No internet service,No internet service,No internet service,No internet service,No internet service,No internet service,Month-to-month,No,Electronic check,37.22,985.91,No
2389-MDAQU,Female,0,No,No,38,Yes,No,DSL,No,No,No,No,No,No,One year,No,Mailed check,72.87,2777.78,No
5118-RANEJ,Female,0,Yes,Yes,1,Yes,No,Fiber optic,No,Yes,No,Yes,Yes,Yes,Two year,Yes,Mailed check,107.42,73.29,No
5589-BJNRP,Female,0,No,No,1,Yes,No,Fiber optic,Yes,Yes,No,No,Yes,Yes,One year,No,Bank transfer (automatic),81.55,146.03,No
2663-AMAVU,Male,0,No,No,62,Yes,Yes,No,No internet service,No internet service,No internet service,No internet service,No internet service,No internet service,Month-to-month,Yes,Electronic check,20.09,1267.99,No
9601-FEFGO,Male,0,Yes,No,50,Yes,Yes,DSL,Yes,Yes,No,No,Yes,Yes,Month-to-month,Yes,Credit card (automatic),44.83,2176.1,Yes
3777-WJYNA,Female,0,No,No,9,Yes,Yes,Fiber optic,No,No,No,Yes,No,No,Two year,Yes,Credit card (automatic),68.61,684.64,No
7546-FLYCQ,Female,0,Yes,No,42,Yes,No,Fiber optic,No,Yes,No,No,No,Yes,Month-to-month,Yes,Bank transfer (automatic),78.04,3314.7,No
2131-ZOCIH,Male,0,No,Yes,65,Yes,No,DSL,Yes,Yes,No,No,No,Yes,Two year,No,Electronic check,75.42,4857.0,No
2904-APHNZ,Male,1,Yes,Yes,7,Yes,Yes,Fiber optic,No,No,Yes,Yes,No,No,Month-to-month,Yes,Mailed check,92.76,704.46,Yes
4028-UUSTH,Male,0,Yes,No,1,Yes,No,DSL,No,No,Yes,No,No,No,Two year,No,Credit card (automatic),70.83,93.96,Yes
8601-WLTST,Female,0,Yes,No,67,Yes,Yes,No,No internet service,No internet service,No internet service,No internet service,No internet service,No internet service,One year,Yes,Bank transfer (automatic),18.0,1283.45,No
5798-NEHDX,Male,0,Yes,No,46,Yes,No,No,No internet service,No internet service,No internet service,No internet service,No internet service,No internet service,Month-to-month,Yes,Bank transfer (automatic),22.2,958.48,No
3220-KNVWY,Female,0,Yes,No,24,Yes,Yes,DSL,Yes,No,Yes,No,No,No,One year,No,Mailed check,68.24,1709.58,Yes
2937-WGCIO,Male,0,Yes,No,6,Yes,No,Fiber optic,No,No,No,No,No,Yes,Two year,Yes,Electronic check,97.67,527.39,No
2173-KGOCP,Male,0,No,Yes,9,Yes,No,DSL,Yes,No,Yes,Yes,No,No,Month-to-month,No,Bank transfer (automatic),60.43,520.1,Yes
4758-ZCOHA,Male,1,Yes,Yes,9,Yes,Yes,No,No internet service,No internet service,No internet service,No internet service,No internet service,No internet service,One year,Yes,Bank transfer (automatic),32.43,254.34,No
8576-LEAUI,Female,0,No,Yes,43,Yes,No,DSL,No,Yes,Yes,Yes,Yes,Yes,One year,Yes,Mailed check,59.08,2548.96,No
3561-DZQPX,Male,0,No,No,13,Yes,No,Fiber optic,No,Yes,No,Yes,Yes,Yes,Month-to-month,Yes,Credit card (automatic),110.68,1431.9,Yes
1544-QENWW,Female,0,Yes,Yes,29,Yes,No,No,No internet service,No internet service,No internet service,No internet service,No internet service,No internet service,Two year,Yes,Credit card (automatic),29.96,891.95,No
6638-BIHCT,Female,0,Yes,No,7,Yes,Yes,DSL,No,Yes,No,Yes,No,No,One year,No,Electronic check,53.51,418.96,Yes
7682-BQFNX,Male,0,Yes,No,25,Yes,Yes,No,No internet service,No internet service,No internet service,No internet service,No internet service,No internet service,Two year,Yes,Electronic check,20.55,499.79,No
5634-FWVXQ,Female,0,Yes,No,31,Yes,Yes,Fiber optic,Yes,Yes,No,Yes,No,Yes,Month-to-month,No,Credit card (automatic),94.0,2935.45,No
7362-RYECF,Male,0,No,Yes,8,Yes,No,Fiber optic,No,No,Yes,No,No,Yes,One year,No,Bank transfer (automatic),77.07,544.75,No
7141-LWXWW,Male,0,No,No,71,Yes,No,DSL,No,No,No,No,No,Yes,Month-to-month,Yes,Bank transfer (automatic),63.4,4474.65,No
7837-GCVHT,Male,0,No,No,44,Yes,Yes,Fiber optic,No,Yes,No,No,Yes,Yes,Month-to-month,Yes,Bank transfer (automatic),78.88,3440.49,No
2712-PBTMQ,Male,0,Yes,No,34,Yes,No,Fiber optic,No,No,Yes,No,No,No,One year,No,Credit card (automatic),95.09,3163.1,No
2072-KUWVW,Female,0,No,No,12,Yes,Yes,Fiber optic,No,No,No,No,Yes,No,Month-to-month,Yes,Mailed check,86.19,1027.88,No
5639-SKQXU,Female,0,Yes,No,42,Yes,No,Fiber optic,No,Yes,No,Yes,Yes,Yes,One year,No,Bank transfer (automatic),101.24,4332.7,No
4070-HOJEP,Female,1,No,No,70,Yes,No,Fiber optic,No,Yes,Yes,No,No,No,Two year,No,Electronic check,102.83,7186.98,No
4743-UEYGI,Female,0,No,No,2,Yes,No,Fiber optic,No,No,Yes,Yes,Yes,No,One year,Yes,Electronic check,82.93,89.51,No
3146-QAPRG,Female,0,Yes,Yes,41,Yes,No,Fiber optic,No,No,No,Yes,No,No,One year,Yes,Mailed check,114.32,4618.68,No
8288-NTPWS,Male,1,No,No,42,No,No phone service,Fiber optic,No,Yes,No,No,Yes,No,Two year,No,Electronic check,59.12,2530.21,No
1731-VJWSH,Male,0,No,No,10,Yes,No,No,No internet service,No internet service,No internet service,No internet service,No internet service,No internet service,Month-to-month,No,Electronic check,29.18,351.01,No
1685-YXJKP,Male,1,No,No,49,Yes,No,Fiber optic,No,Yes,No,No,Yes,Yes,One year,Yes,Electronic check,92.76,4587.38,No
7668-OUYCR,Female,0,Yes,No,44,Yes,No,DSL,Yes,No,Yes,No,No,No,Two year,Yes,Mailed check,61.76,2735.06,No
5963-VJGAT,Female,0,No,No,59,No,No phone service,No,No internet service,No internet service,No internet service,No internet service,No internet service,No internet service,One year,Yes,Mailed check,18.0,1035.37,No
6977-HNRZO,Male,0,Yes,No,34,Yes,No,No,No internet service,No internet service,No internet service,No internet service,No internet service,No internet service,Month-to-month,Yes,Bank transfer (automatic),24.5,787.49,No
1938-TKHGA,Female,0,Yes,No,4,No,No phone service,No,No internet service,No internet service,No internet service,No internet service,No internet service,No internet service,One year,Yes,Bank transfer (automatic),18.0,45.07,Yes
2599-YECKS,Female,0,No,Yes,4,Yes,No,DSL,Yes,Yes,No,Yes,Yes,Yes,Two year,Yes,Bank transfer (automatic),38.84,124.72,No
3550-TDOIJ,Female,0,Yes,No,59,Yes,No,Fiber optic,No,No,No,No,No,Yes,Month-to-month,Yes,Electronic check,88.64,5241.92,No
2306-AXCNG,Female,0,Yes,No,48,Yes,No,DSL,No,No,No,No,Yes,No,Month-to-month,Yes,Credit card (automatic),75.89,3758.83,No
8529-BJMCF,Female,0,No,Yes,62,Yes,Yes,No,No internet service,No internet service,No internet service,No internet service,No internet service,No internet service,Two year,Yes,Bank transfer (automatic),34.08,2021.7,No
4154-JNQJB,Female,0,Yes,No,64,Yes,No,Fiber optic,No,No,No,No,Yes,No,Month-to-month,No,Bank transfer (automatic),78.54,5080.47,No
9450-RVAER,Female,0,No,Yes,19,Yes,No,DSL,Yes,Yes,Yes,Yes,No,Yes,Month-to-month,Yes,Credit card (automatic),62.77,1247.22,No
1810-PZLGZ,Male,0,No,Yes,42,Yes,No,DSL,Yes,No,Yes,Yes,Yes,No,One year,No,Electronic check,52.75,2181.57,No
3778-RGLUV,Female,1,Yes,No,0,Yes,Yes,No,No internet service,No internet service,No internet service,No internet service,No internet service,No internet service,Month-to-month,Yes,Mailed check,30.67, ,Yes
1127-MNNJR,Male,0,No,No,58,Yes,Yes,Fiber optic,No,No,No,Yes,No,No,Month-to-month,No,Electronic check,63.91,3588.32,No
9110-KIASE,Female,0,No,No,54,Yes,No,Fiber optic,No,Yes,No,No,No,Yes,Two year,No,Electronic check,71.0,3858.8,No
1593-MQJUS,Male,0,No,No,51,Yes,No,DSL,No,No,No,No,No,Yes,Month-to-month,Yes,Electronic check,58.46,2989.5,No
2482-CIULX,Male,0,No,No,0,Yes,No,DSL,No,Yes,No,No,Yes,Yes,Two year,Yes,Electronic check,50.59, ,No
8418-MUSAX,Male,0,No,No,51,Yes,Yes,Fiber optic,No,No,Yes,Yes,No,No,Month-to-month,Yes,Bank transfer (automatic),66.37,3319.07,Yes
1737-UFFIC,Male,1,No,Yes,8,Yes,Yes,DSL,Yes,No,Yes,Yes,Yes,No,Two year,No,Electronic check,54.39,418.36,Yes
9103-RSCUN,Male,0,Yes,Yes,6,Yes,No,DSL,No,No,No,No,No,Yes,One year,No,Credit card (automatic),60.8,367.02,No
7274-YJXFA,Male,0,Yes,Yes,45,Yes,No,Fiber optic,No,No,No,No,No,No,One year,Yes,Electronic check,93.53,4157.16,No
3894-VRNMZ,Male,1,No,No,5,Yes,Yes,DSL,Yes,Yes,Yes,Yes,No,No,Month-to-month,Yes,Bank transfer (automatic),66.67,286.71,No
4744-FCLCX,Male,0,No,Yes,15,Yes,Yes,No,No internet service,No internet service,No internet service,No internet service,No internet service,No internet service,Two year,Yes,Electronic check,21.63,353.47,No
3228-UOIOC,Female,0,No,No,70,Yes,No,Fiber optic,No,No,Yes,Yes,Yes,Yes,Month-to-month,Yes,Bank transfer (automatic),86.06,6103.07,No
6916-KBTZC,Female,0,Yes,No,19,Yes,Yes,DSL,Yes,Yes,No,No,Yes,No,Month-to-month,No,Mailed check,52.34,1030.89,No
8709-SGNLF,Female,0,No,No,56,Yes,Yes,DSL,Yes,No,Yes,No,Yes,No,Two year,Yes,Electronic check,59.75,3314.68,No
5891-EPQJC,Male,0,Yes,No,51,Yes,No,Fiber optic,No,No,No,Yes,No,Yes,Two year,No,Mailed check,84.09,4319.64,No
9642-YYIFH,Male,0,Yes,No,2,Yes,No,Fiber optic,No,Yes,No,No,No,No,One year,Yes,Electronic check,80.0,204.8,No
4897-HWGFQ,Female,0,No,No,27,Yes,Yes,Fiber optic,No,Yes,Yes,No,No,No,Month-to-month,Yes,Bank transfer (automatic),66.78,1905.17,Yes
2906-HEWNJ,Male,0,Yes,Yes,6,Yes,No,Fiber optic,No,Yes,Yes,No,Yes,No,Two year,No,Electronic check,86.41,501.01,Yes
7661-EDYJE,Male,0,No,No,66,Yes,No,Fiber optic,Yes,No,No,Yes,No,No,Month-to-month,Yes,Credit card (automatic),91.37,6045.64,No
7160-NFUSG,Female,0,Yes,Yes,32,Yes,No,Fiber optic,No,No,No,No,No,Yes,Two year,No,Electronic check,108.36,3414.99,No
7049-JCKPD,Female,1,No,Yes,0,Yes,Yes,DSL,No,No,No,No,Yes,No,Month-to-month,Yes,Electronic check,57.68, ,Yes
9085-JNKIY,Male,0,No,Yes,49,No,No phone service,DSL,Yes,No,No,No,No,No,One year,No,Credit card (automatic),66.89,3230.43,No
1539-IZAWR,Female,1,Yes,No,62,Yes,Yes,DSL,No,No,No,Yes,Yes,Yes,Two year,Yes,Electronic check,45.76,2818.04,No
6118-VVGZP,Male,0,No,Yes,68,Yes,No,Fiber optic,No,No,No,No,No,No,Month-to-month,Yes,Electronic check,91.04,6201.99,No
5602-XUWLV,Female,0,No,No,16,Yes,No,DSL,Yes,Yes,Yes,No,Yes,No,Month-to-month,Yes,Mailed check,67.96,999.7,No
9134-EVOPQ,Male,0,Yes,No,9,Yes,Yes,DSL,No,No,Yes,No,No,No,Two year,Yes,Credit card (automatic),55.36,523.31,No
8394-JVLPY,Male,0,No,No,3,Yes,Yes,DSL,No,Yes,Yes,Yes,Yes,No,Two year,Yes,Mailed check,70.0,169.2,No
6970-URDBN,Female,0,No,No,56,Yes,No,No,No internet service,No internet service,No internet service,No internet service,No internet service,No internet service,Month-to-month,No,Credit card (automatic),30.81,1798.01,No
7469-MLXOS,Male,1,Yes,No,5,Yes,Yes,DSL,No,No,No,No,No,No,Month-to-month,Yes,Electronic check,62.2,313.56,No
1817-QLPGE,Female,0,No,No,37,Yes,No,Fiber optic,No,No,No,Yes,No,No,Two year,Yes,Electronic check,91.14,3444.01,No
2762-IALWQ,Male,0,Yes,Yes,50,Yes,No,No,No internet service,No internet service,No internet service,No internet service,No internet service,No internet service,Month-to-month,Yes,Bank transfer (automatic),39.14,1941.34,No
8707-RJZIT,Female,0,Yes,Yes,3,Yes,No,No,No internet service,No internet service,No internet service,No internet service,No internet service,No internet service,Month-to-month,Yes,Credit card (automatic),18.0,106.99,No
7101-DJKPF,Female,1,Yes,No,58,Yes,No,No,No internet service,No internet service,No internet service,No internet service,No internet service,No internet service,Month-to-month,No,Bank transfer (automatic),24.56,1450.32,No
2108-VBEPM,Male,0,No,No,3,Yes,No,Fiber optic,Yes,No,Yes,No,Yes,No,Month-to-month,Yes,Mailed check,103.44,263.83,No
5309-QZRGA,Female,0,No,No,68,Yes,No,DSL,Yes,No,No,Yes,Yes,Yes,Month-to-month,Yes,Electronic check,51.36,3642.08,No
6893-IFTNN,Male,0,Yes,Yes,2,Yes,No,Fiber optic,No,Yes,No,No,No,No,One year,No,Mailed check,82.43,171.2,No
3971-DEFWC,Male,1,Yes,No,54,Yes,Yes,Fiber optic,Yes,Yes,No,No,Yes,No,Two year,No,Electronic check,63.08,3333.26,No
8255-VWWCR,Male,0,Yes,No,15,Yes,No,Fiber optic,No,No,No,No,No,No,One year,No,Electronic check,68.59,1033.7,No
5280-GRMMS,Female,0,No,No,71,Yes,Yes,Fiber optic,No,No,Yes,No,Yes,No,Month-to-month,No,Electronic check,70.81,4983.88,No
9198-TNFRH,Female,0,Yes,Yes,3,Yes,No,DSL,Yes,Yes,Yes,No,No,Yes,Month-to-month,Yes,Electronic check,52.71,117.14,Yes
2758-QWLVZ,Female,0,Yes,No,54,Yes,No,DSL,No,No,Yes,Yes,No,Yes,Two year,Yes,Credit card (automatic),50.32,2622.16,No
8647-NIXOT,Female,0,Yes,No,5,Yes,No,Fiber optic,No,Yes,Yes,No,No,Yes,Two year,No,Credit card (automatic),104.13,458.36,No
9486-KWEFE,Female,0,Yes,No,6,Yes,No,No,No internet service,No internet service,No internet service,No internet service,No internet service,No internet service,Month-to-month,Yes,Electronic check,31.86,125.66,Yes
6646-ADVQP,Male,0,No,Yes,58,Yes,Yes,Fiber optic,No,Yes,No,No,Yes,No,Two year,Yes,Mailed check,91.42,5312.42,No
1921-QUYGT,Female,1,No,No,5,Yes,No,DSL,No,No,Yes,No,Yes,Yes,Month-to-month,No,Electronic check,56.88,299.4,Yes
6171-OAQLB,Female,1,Yes,No,48,No,No phone service,No,No internet service,No internet service,No internet service,No internet service,No internet service,No internet service,Month-to-month,No,Electronic check,23.71,1075.34,No
9833-OIDIF,Male,1,No,No,35,Yes,Yes,Fiber optic,No,Yes,No,No,No,No,Month-to-month,No,Bank transfer (automatic),98.76,3353.93,Yes
8006-REAAZ,Female,1,Yes,No,4,Yes,No,No,No internet service,No internet service,No internet service,No internet service,No internet service,No internet service,One year,No,Credit card (automatic),28.66,124.28,No
2016-SFZTW,Male,0,No,No,3,Yes,Yes,No,No internet service,No internet service,No internet service,No internet service,No internet service,No internet service,Month-to-month,Yes,Credit card (automatic),26.86,57.86,No
3908-SQWFA,Male,1,Yes,Yes,25,Yes,Yes,Fiber optic,Yes,No,No,Yes,No,No,Month-to-month,Yes,Mailed check,103.96,2579.01,Yes
5721-NSHTM,Male,1,Yes,Yes,30,Yes,Yes,No,No internet service,No internet service,No internet service,No internet service,No internet service,No internet service,Month-to-month,Yes,Mailed check,24.51,783.75,No
6608-EXYPW,Male,0,No,No,71,Yes,Yes,Fiber optic,Yes,Yes,No,No,No,No,One year,No,Mailed check,101.52,7252.37,No
5443-IEXFC,Male,0,Yes,No,33,Yes,No,No,No internet service,No internet service,No internet service,No internet service,No internet service,No internet service,Month-to-month,Yes,Mailed check,24.01,833.63,No
4830-FNSAC,Female,0,No,No,59,Yes,No,DSL,No,Yes,No,No,No,No,Month-to-month,Yes,Electronic check,58.23,3481.23,No
8434-XBBFZ,Female,0,Yes,No,47,Yes,Yes,No,No internet service,No internet service,No internet service,No internet service,No internet service,No internet service,Month-to-month,Yes,Electronic check,32.01,1577.38,No
7803-ATJZA,Female,0,Yes,Yes,10,Yes,No,Fiber optic,No,Yes,Yes,Yes,No,No,Two year,No,Mailed check,73.65,744.57,No
2192-UKTJA,Male,0,No,Yes,30,Yes,No,DSL,No,No,No,No,No,No,Month-to-month,Yes,Mailed check,61.42,1907.17,No
5479-PTDPM,Male,0,Yes,No,31,Yes,No,Fiber optic,No,Yes,Yes,Yes,No,No,Month-to-month,Yes,Credit card (automatic),72.67,2252.57,No
1120-GRKHR,Male,0,Yes,No,52,Yes,No,DSL,Yes,Yes,Yes,Yes,Yes,No,Two year,No,Credit card (automatic),62.77,3222.59,No
1744-BRSEM,Female,0,No,Yes,42,Yes,Yes,Fiber optic,Yes,No,No,No,No,No,Two year,Yes,Mailed check,107.11,4544.84,No
3903-IIHYN,Male,1,Yes,No,7,Yes,No,Fiber optic,No,No,No,Yes,No,No,Month-to-month,No,Bank transfer (automatic),83.02,535.47,Yes
1163-NMUOK,Female,0,No,No,0,Yes,Yes,Fiber optic,No,No,No,No,No,Yes,Month-to-month,Yes,Credit card (automatic),80.22, ,Yes
4039-RYIKA,Female,0,Yes,Yes,3,Yes,No,Fiber optic,No,No,Yes,No,Yes,No,Month-to-month,No,Electronic check,104.85,415.53,Yes
4934-WEIVD,Female,0,No,Yes,44,Yes,Yes,Fiber optic,No,Yes,No,No,Yes,No,Month-to-month,Yes,Electronic check,66.06,2950.74,No
6287-YOJYF,Female,1,No,No,6,Yes,No,No,No internet service,No internet service,No internet service,No internet service,No internet service,No internet service,One year,No,Electronic check,27.41,209.89,No
4288-MAKPF,Male,1,Yes,Yes,3,Yes,Yes,No,No internet service,No internet service,No internet service,No internet service,No internet service,No internet service,Month-to-month,Yes,Mailed check,32.95,130.55,Yes
3433-LOWFD,Female,0,No,Yes,57,Yes,No,DSL,No,Yes,No,Yes,No,No,Month-to-month,Yes,Electronic check,63.75,3656.27,No
4574-BXACK,Female,0,No,Yes,0,Yes,No,DSL,No,Yes,Yes,No,No,Yes,Month-to-month,Yes,Mailed check,43.77, ,No
6008-QKLAU,Female,0,No,Yes,65,Yes,No,DSL,No,Yes,Yes,Yes,No,Yes,Month-to-month,No,Bank transfer (automatic),63.9,4220.35,Yes
1115-EZFUV,Female,0,Yes,No,5,Yes,No,Fiber optic,No,No,No,No,No,Yes,Month-to-month,No,Electronic check,104.7,459.03,Yes
2084-IBCGA,Female,0,No,Yes,3,Yes,Yes,DSL,Yes,Yes,Yes,Yes,No,Yes,One year,Yes,Credit card (automatic),76.61,149.34,No
9869-JYCQU,Female,0,No,No,44,Yes,Yes,Fiber optic,No,No,No,No,No,No,Month-to-month,No,Electronic check,83.65,3588.13,No
3160-DGGEB,Male,0,No,No,2,No,No phone service,No,No internet service,No internet service,No internet service,No internet service,No internet service,No internet service,Two year,Yes,Credit card (automatic),24.09,97.07,No
1814-BALGF,Female,0,No,Yes,3,Yes,No,Fiber optic,No,No,Yes,No,Yes,Yes,Two year,Yes,Credit card (automatic),71.56,197.98,No
3498-MWASL,Female,0,No,Yes,11,Yes,No,Fiber optic,Yes,Yes,No,No,No,No,One year,Yes,Bank transfer (automatic),70.76,764.45,No
2623-KSZKG,Male,0,No,No,56,Yes,No,DSL,No,No,Yes,No,No,Yes,Month-to-month,Yes,Electronic check,68.5,3905.18,No
5914-UBIAO,Female,0,No,No,6,No,No phone service,DSL,No,No,No,No,Yes,Yes,Month-to-month,Yes,Bank transfer (automatic),71.8,466.43,Yes
8361-OZLMS,Male,0,No,No,24,Yes,No,DSL,No,Yes,No,No,Yes,No,Month-to-month,Yes,Mailed check,54.79,1387.94,No
8865-GUXMK,Female,0,No,No,52,Yes,No,DSL,No,Yes,Yes,Yes,No,No,Two year,No,Electronic check,60.4,3099.01,No
9427-WMJOA,Male,0,Yes,No,0,Yes,No,Fiber optic,No,Yes,No,No,No,No,One year,Yes,Credit card (automatic),67.69, ,Yes
7195-KWNGG,Male,1,No,Yes,43,Yes,No,No,No internet service,No internet service,No internet service,No internet service,No internet service,No internet service,Two year,Yes,Mailed check,29.64,1317.36,No
1320-QPUMG,Female,0,Yes,Yes,69,Yes,No,No,No internet service,No internet service,No internet service,No internet service,No internet service,No internet service,Month-to-month,Yes,Electronic check,24.2,1731.05,No
9690-CLMLP,Male,0,No,No,7,Yes,Yes,No,No internet service,No internet service,No internet service,No internet service,No internet service,No internet service,Two year,No,Electronic check,28.92,253.17,No
1336-ORVGB,Male,0,No,Yes,32,Yes,No,DSL,Yes,Yes,No,Yes,No,Yes,Two year,Yes,Mailed check,55.21,1878.55,No
9706-XVIVE,Male,0,No,No,50,No,No phone service,Fiber optic,Yes,No,No,No,Yes,No,Two year,Yes,Credit card (automatic),101.35,5073.74,No
8180-LZMTW,Male,1,Yes,Yes,37,Yes,Yes,DSL,No,No,No,Yes,No,No,Month-to-month,Yes,Credit card (automatic),55.63,2040.53,No
7272-FIZCP,Female,0,No,No,64,Yes,No,DSL,No,Yes,No,Yes,No,No,Month-to-month,Yes,Credit card (automatic),71.87,4580.24,No
9660-FHBTZ,Female,0,Yes,No,61,Yes,No,DSL,Yes,No,Yes,Yes,No,No,Month-to-month,Yes,Credit card (automatic),60.79,3722.45,No
9417-MZFMN,Male,0,No,No,2,Yes,No,Fiber optic,No,No,No,No,No,No,Month-to-month,Yes,Bank transfer (automatic),103.88,133.58,Yes
2698-IWTQN,Female,0,No,No,39,Yes,No,Fiber optic,No,No,No,No,Yes,No,Two year,Yes,Electronic check,98.82,3904.79,No
8501-XARGT,Male,1,No,Yes,1,Yes,Yes,No,No internet service,No internet service,No internet service,No internet service,No internet service,No internet service,Month-to-month,No,Credit card (automatic),26.59,86.81,No
8128-FKFTV,Female,0,Yes,Yes,64,Yes,No,DSL,Yes,No,No,Yes,No,No,One year,No,Bank transfer (automatic),66.79,4308.12,No
2479-EYDJP,Male,0,No,No,48,Yes,Yes,Fiber optic,No,No,No,No,No,Yes,Two year,Yes,Mailed check,92.05,4384.55,No
3294-ZDAKB,Male,0,Yes,Yes,4,Yes,No,Fiber optic,Yes,No,Yes,Yes,No,Yes,Two year,No,Electronic check,101.56,440.08,Yes
4342-PKIDM,Male,0,No,No,38,Yes,No,Fiber optic,No,No,Yes,No,No,No,Month-to-month,No,Electronic check,98.19,3728.84,Yes
6692-AJSWP,Female,0,No,No,41,Yes,Yes,Fiber optic,Yes,No,No,No,Yes,Yes,Month-to-month,Yes,Credit card (automatic),95.81,4000.88,No
7934-OAVAV,Male,1,No,No,12,Yes,Yes,DSL,No,No,No,No,No,No,Month-to-month,Yes,Credit card (automatic),62.86,718.6,No
8765-QHQUI,Male,0,Yes,No,59,Yes,No,Fiber optic,No,No,Yes,No,No,Yes,Month-to-month,Yes,Electronic check,71.42,4272.8,No
8788-XSCFA,Female,0,Yes,No,4,Yes,No,DSL,Yes,No,No,No,Yes,No,Two year,No,Electronic check,50.98,183.0,Yes
4669-EZSAA,Female,1,No,No,46,Yes,No,DSL,No,No,Yes,No,No,Yes,Month-to-month,Yes,Electronic check,69.47,3146.86,No
3863-JAHLN,Male,0,No,Yes,10,Yes,No,DSL,Yes,Yes,No,No,No,Yes,Month-to-month,No,Credit card (automatic),70.03,670.77,Yes
2016-CKCOI,Female,0,Yes,No,35,Yes,Yes,Fiber optic,No,No,No,No,No,No,One year,No,Electronic check,102.8,3612.45,No
1164-HQAQI,Female,0,No,Yes,13,Yes,Yes,No,No internet service,No internet service,No internet service,No internet service,No internet service,No internet service,Month-to-month,Yes,Electronic check,27.02,333.92,No
9126-SKAMP,Male,0,Yes,No,31,Yes,Yes,DSL,No,Yes,Yes,Yes,Yes,No,Two year,No,Electronic check,76.08,2396.61,No
5103-GRUQX,Female,0,Yes,Yes,39,Yes,No,Fiber optic,No,Yes,Yes,No,No,Yes,Month-to-month,Yes,Credit card (automatic),97.35,3754.14,Yes
6685-UPKUU,Male,0,No,No,21,Yes,Yes,DSL,Yes,Yes,Yes,Yes,No,No,Two year,Yes,Mailed check,57.52,1148.45,No
1186-YZRLV,Female,0,No,No,31,Yes,No,DSL,No,Yes,Yes,No,No,No,Month-to-month,No,Electronic check,59.57,1855.32,No
8277-ZOETG,Male,1,No,Yes,42,Yes,No,Fiber optic,No,Yes,Yes,No,No,No,Month-to-month,Yes,Bank transfer (automatic),82.65,3489.46,No
8782-UPMYB,Female,0,Yes,No,7,Yes,No,No,No internet service,No internet service,No internet service,No internet service,No internet service,No internet service,Two year,Yes,Electronic check,34.34,183.26,No
8297-CHKIG,Male,0,No,Yes,40,Yes,Yes,DSL,No,No,No,Yes,Yes,Yes,Month-to-month,No,Credit card (automatic),51.56,2017.27,No
4678-HLKWT,Female,1,No,No,11,Yes,Yes,DSL,Yes,No,Yes,No,Yes,Yes,Month-to-month,Yes,Bank transfer (automatic),71.96,875.84,No
4518-VEXRE,Female,0,No,No,50,Yes,No,No,No internet service,No internet service,No internet service,No internet service,No internet service,No internet service,Month-to-month,No,Bank transfer (automatic),31.5,1582.2,No
1339-WWCOF,Male,0,Yes,No,69,Yes,Yes,Fiber optic,No,Yes,No,No,Yes,No,One year,No,Mailed check,75.85,5112.92,No
7175-HMITG,Female,0,No,No,65,Yes,No,DSL,Yes,Yes,Yes,No,No,No,One year,No,Credit card (automatic),73.82,4865.8,No
2136-ICVJN,Female,0,Yes,No,1,Yes,Yes,DSL,No,Yes,Yes,No,No,No,One year,No,Electronic check,56.42,120.8,No
4650-IMWBM,Female,0,No,Yes,1,Yes,No,No,No internet service,No internet service,No internet service,No internet service,No internet service,No internet service,Month-to-month,No,Mailed check,31.64,54.74,No
6805-XRQBB,Male,0,No,No,55,Yes,No,No,No internet service,No internet service,No internet service,No internet service,No internet service,No internet service,Month-to-month,No,Credit card (automatic),28.49,1479.61,No
8503-ZZAWV,Female,0,Yes,No,0,Yes,No,Fiber optic,No,Yes,No,Yes,No,No,Month-to-month,No,Mailed check,92.66, ,No
3462-WELJR,Male,0,Yes,No,37,No,No phone service,DSL,No,Yes,Yes,No,Yes,Yes,Month-to-month,No,Electronic check,65.82,2473.93,Yes
2245-CMBTK,Male,0,No,No,53,Yes,Yes,Fiber optic,No,No,Yes,Yes,Yes,Yes,One year,Yes,Mailed check,77.89,4105.9,No
8595-QHRLQ,Female,0,No,No,44,Yes,Yes,Fiber optic,Yes,No,Yes,No,No,Yes,Two year,Yes,Credit card (automatic),99.02,4364.4,No
8235-DGIYL,Female,0,Yes,Yes,3,Yes,No,DSL,No,No,No,No,Yes,Yes,Month-to-month,No,Electronic check,63.78,123.74,Yes
6839-HJFWC,Female,0,Yes,Yes,32,Yes,No,DSL,No,Yes,Yes,Yes,Yes,No,One year,Yes,Bank transfer (automatic),49.79,1605.86,Yes
2755-GMVOQ,Male,0,No,No,24,Yes,Yes,DSL,No,No,No,No,No,Yes,Month-to-month,No,Bank transfer (automatic),41.92,982.78,No
7044-MQWPX,Female,0,Yes,Yes,9,No,No phone service,DSL,Yes,Yes,No,No,No,No,Month-to-month,Yes,Electronic check,46.64,385.66,No
5950-SNVZX,Female,1,No,Yes,67,Yes,No,Fiber optic,No,No,No,Yes,No,No,One year,Yes,Bank transfer (automatic),95.23,6430.82,No
6622-UFAMO,Male,1,No,No,44,Yes,Yes,Fiber optic,No,No,Yes,No,Yes,No,Two year,No,Mailed check,93.5,4075.8,No
9483-NTSWC,Female,0,Yes,No,60,No,No phone service,No,No internet service,No internet service,No internet service,No internet service,No internet service,No internet service,Month-to-month,No,Electronic check,19.84,1125.37,No
7487-REKSE,Male,1,No,No,64,Yes,No,No,No internet service,No internet service,No internet service,No internet service,No internet service,No internet service,Month-to-month,No,Electronic check,26.16,1641.91,Yes
7559-MVXVM,Male,1,No,No,11,Yes,Yes,No,No internet service,No internet service,No internet service,No internet service,No internet service,No internet service,Two year,No,Electronic check,20.85,204.38,No
3372-URTAE,Female,0,No,No,1,Yes,No,DSL,No,No,Yes,Yes,Yes,No,One year,Yes,Electronic check,64.87,25.8,Yes
2661-AWDVF,Female,0,No,Yes,0,Yes,No,Fiber optic,Yes,No,Yes,No,Yes,No,Two year,Yes,Electronic check,81.93, ,No
1845-UYKUA,Male,0,Yes,No,7,No,No phone service,DSL,No,No,No,Yes,No,No,One year,Yes,Credit card (automatic),49.73,321.79,No
8171-NQJGX,Male,0,Yes,No,24,Yes,Yes,Fiber optic,No,Yes,No,No,No,Yes,Two year,Yes,Electronic check,81.67,2003.18,No
8042-MUFVE,Male,0,No,No,70,Yes,Yes,DSL,Yes,No,No,No,No,Yes,Month-to-month,Yes,Electronic check,66.15,4655.99,Yes
8579-NYXWV,Female,0,Yes,No,47,Yes,No,Fiber optic,No,No,No,Yes,No,Yes,Two year,No,Credit card (automatic),101.77,4730.19,No
4029-YFINC,Male,0,Yes,Yes,6,Yes,Yes,DSL,Yes,No,No,Yes,No,Yes,Month-to-month,No,Credit card (automatic),66.53,342.45,Yes
6645-PMFRR,Male,0,Yes,No,68,Yes,No,Fiber optic,No,No,No,No,Yes,Yes,Two year,Yes,Electronic check,78.44,5324.32,No
6304-WKREN,Female,1,No,Yes,4,No,No phone service,Fiber optic,Yes,Yes,No,No,No,No,Month-to-month,Yes,Electronic check,90.4,362.83,Yes
7811-KLPFJ,Male,0,Yes,Yes,5,Yes,No,DSL,No,No,No,No,No,Yes,Month-to-month,Yes,Credit card (automatic),64.45,319.42,Yes
7923-OMCTA,Female,0,No,No,59,Yes,Yes,No,No internet service,No internet service,No internet service,No internet service,No internet service,No internet service,Month-to-month,Yes,Mailed check,24.95,1379.52,No
9272-AKCVJ,Female,0,No,Yes,57,Yes,No,DSL,Yes,No,Yes,Yes,No,No,One year,No,Mailed check,68.09,3890.08,No
1333-TYVAS,Female,0,Yes,Yes,31,Yes,Yes,DSL,No,Yes,No,Yes,No,No,One year,Yes,Mailed check,60.98,1920.73,No
4128-LZSGF,Male,0,No,No,11,Yes,No,Fiber optic,No,Yes,No,Yes,Yes,Yes,Month-to-month,No,Credit card (automatic),70.12,704.03,Yes
7814-FPCME,Male,0,Yes,No,8,Yes,Yes,Fiber optic,No,Yes,No,No,Yes,No,Month-to-month,Yes,Electronic check,99.62,884.54,Yes
4480-IYHPO,Male,0,No,No,70,Yes,Yes,No,No internet service,No internet service,No internet service,No internet service,No internet service,No internet service,Two year,No,Bank transfer (automatic),28.13,2034.06,No
4503-AZXDO,Female,0,No,Yes,44,Yes,Yes,Fiber optic,No,Yes,No,Yes,No,Yes,Month-to-month,Yes,Bank transfer (automatic),73.87,3280.91,No
7858-SZYAS,Female,0,No,No,1,Yes,No,DSL,Yes,Yes,No,Yes,Yes,No,Month-to-month,Yes,Bank transfer (automatic),60.52,30.88,Yes
2188-JVAPI,Male,0,No,No,1,Yes,Yes,Fiber optic,No,No,No,No,No,No,Month-to-month,Yes,Bank transfer (automatic),109.15,78.49,Yes
7017-URIMJ,Male,0,No,No,48,No,No phone service,No,No internet service,No internet service,No internet service,No internet service,No internet service,No internet service,Month-to-month,Yes,Electronic check,28.42,1343.09,No
3953-DRLTJ,Female,0,No,No,0,Yes,Yes,DSL,No,Yes,No,No,Yes,No,Month-to-month,Yes,Electronic check,70.64, ,No
5379-ZJTYU,Male,0,No,No,53,Yes,No,DSL,No,No,Yes,No,No,No,Two year,Yes,Mailed check,59.36,3130.73,No
3849-CTCGH,Male,0,Yes,Yes,25,Yes,Yes,No,No internet service,No internet service,No internet service,No internet service,No internet service,No internet service,Two year,No,Credit card (automatic),27.9,671.76,No
4604-YESWD,Female,0,No,No,63,No,No phone service,No,No internet service,No internet service,No internet service,No internet service,No internet service,No internet service,Month-to-month,Yes,Bank transfer (automatic),18.0,1178.78,No
8477-SLAIH,Male,0,No,No,17,Yes,No,No,No internet service,No internet service,No internet service,No internet service,No internet service,No internet service,Month-to-month,No,Bank transfer (automatic),37.99,720.64,No
3101-KWKRI,Male,0,Yes,No,61,Yes,Yes,DSL,No,Yes,No,Yes,No,No,One year,Yes,Electronic check,79.4,4739.7,No
8644-GJTEY,Male,0,No,No,6,Yes,No,No,No internet service,No internet service,No internet service,No internet service,No internet service,No internet service,Two year,Yes,Mailed check,29.09,131.88,No
1795-TMOJX,Male,0,No,No,14,Yes,No,DSL,Yes,No,No,No,No,No,Two year,Yes,Electronic check,57.5,702.1,No
5390-BICHR,Female,0,No,No,4,Yes,No,Fiber optic,No,No,No,No,No,No,One year,No,Mailed check,65.36,232.5,Yes
8893-OAZAC,Female,0,Yes,Yes,17,Yes,Yes,DSL,No,No,No,No,No,Yes,Two year,No,Mailed check,49.66,866.11,No
4576-BYMHC,Female,0,No,Yes,58,Yes,Yes,Fiber optic,No,No,Yes,No,Yes,Yes,Month-to-month,Yes,Electronic check,71.81,4173.49,No
1800-MWENU,Male,0,No,No,0,No,No phone service,No,No internet service,No internet service,No internet service,No internet service,No internet service,No internet service,Month-to-month,No,Electronic check,25.44, ,Yes
5309-MNDFX,Female,0,Yes,No,64,Yes,Yes,DSL,Yes,Yes,No,No,No,No,Month-to-month,No,Bank transfer (automatic),72.2,4640.18,No
3369-HYREN,Male,0,No,No,35,Yes,No,DSL,Yes,No,Yes,No,Yes,Yes,Two year,No,Mailed check,68.01,2383.57,No
4384-LCDNN,Female,0,No,No,55,Yes,No,Fiber optic,No,Yes,No,Yes,Yes,No,Two year,Yes,Bank transfer (automatic),93.85,5139.43,No
9628-CWHGT,Male,0,Yes,Yes,37,Yes,No,No,No internet service,No internet service,No internet service,No internet service,No internet service,No internet service,Two year,No,Electronic check,33.47,1283.17,No
4305-FFPIS,Female,0,No,No,3,Yes,No,Fiber optic,No,No,Yes,No,No,Yes,Month-to-month,Yes,Bank transfer (automatic),108.99,347.56,Yes
6290-TSHFO,Male,1,Yes,No,42,Yes,No,Fiber optic,Yes,No,Yes,Yes,No,Yes,Month-to-month,No,Credit card (automatic),64.66,2758.21,No
1385-BZOOC,Male,0,No,No,7,Yes,No,No,No internet service,No internet service,No internet service,No internet service,No internet service,No internet service,Two year,No,Electronic check,23.91,218.83,No
8809-AAPAU,Male,0,No,No,69,Yes,Yes,Fiber optic,No,Yes,No,No,No,No,One year,Yes,Electronic check,68.06,4648.8,No
4099-YPDJB,Male,0,No,No,38,Yes,Yes,Fiber optic,No,Yes,No,No,No,No,Month-to-month,No,Electronic check,108.87,4156.76,Yes
3458-NQFOD,Male,0,No,No,65,Yes,Yes,Fiber optic,Yes,No,No,No,Yes,Yes,One year,No,Bank transfer (automatic),92.19,5972.81,No
9143-IFUML,Female,0,Yes,No,18,Yes,Yes,DSL,No,No,Yes,Yes,No,No,Two year,No,Mailed check,54.57,1074.37,No
8990-YSKWL,Female,0,Yes,Yes,3,Yes,No,DSL,No,No,Yes,No,No,No,Two year,No,Credit card (automatic),52.2,177.8,No
8931-JQTBB,Male,0,No,Yes,49,Yes,No,DSL,No,No,No,Yes,No,No,Month-to-month,No,Electronic check,64.81,3253.1,Yes
8259-LBTCD,Female,0,Yes,No,40,Yes,Yes,Fiber optic,No,Yes,No,No,No,No,Month-to-month,Yes,Mailed check,78.72,3075.05,No
2696-FINEB,Female,0,Yes,No,34,Yes,Yes,DSL,Yes,No,Yes,Yes,No,No,Two year,Yes,Electronic check,72.36,2465.1,No
1824-OBKHE,Female,0,Yes,No,21,Yes,No,DSL,No,No,No,Yes,Yes,Yes,Month-to-month,No,Electronic check,46.32,925.55,Yes
4903-YJXEY,Female,0,No,No,23,Yes,No,Fiber optic,Yes,No,Yes,Yes,Yes,Yes,Month-to-month,No,Credit card (automatic),89.73,2095.35,No
9174-CAKZN,Female,0,No,No,35,Yes,Yes,No,No internet service,No internet service,No internet service,No internet service,No internet service,No internet service,Two year,No,Credit card (automatic),33.38,1157.26,No
1207-NRCDQ,Female,0,Yes,No,23,Yes,No,DSL,No,Yes,Yes,Yes,Yes,No,Two year,Yes,Mailed check,66.0,1484.2,No
5356-STUQJ,Female,0,Yes,Yes,66,Yes,No,No,No internet service,No internet service,No internet service,No internet service,No internet service,No internet service,Month-to-month,No,Mailed check,26.61,1844.34,No
1479-KNYLO,Female,0,Yes,No,0,Yes,Yes,DSL,Yes,Yes,Yes,No,No,Yes,Two year,Yes,Bank transfer (automatic),70.7, ,No
8691-OQVGR,Male,1,Yes,Yes,32,Yes,No,Fiber optic,Yes,Yes,No,Yes,Yes,Yes,Month-to-month,No,Electronic check,96.82,3119.21,No
8830-VMQMK,Male,0,Yes,No,4,Yes,No,No,No internet service,No internet service,No internet service,No internet service,No internet service,No internet service,Month-to-month,No,Mailed check,18.0,120.42,No
1752-KZMGV,Male,0,No,No,0,Yes,No,DSL,No,No,No,No,No,Yes,Month-to-month,Yes,Mailed check,62.98, ,No
2933-AQUWM,Female,0,No,No,1,No,No phone service,Fiber optic,No,No,No,No,No,Yes,One year,No,Bank transfer (automatic),100.96,134.35,Yes
4413-FDKXS,Male,0,Yes,No,28,Yes,Yes,Fiber optic,No,No,Yes,No,No,Yes,Month-to-month,No,Mailed check,104.51,2872.58,No
1035-LDJJT,Female,0,No,No,31,Yes,No,Fiber optic,No,No,Yes,No,No,No,Two year,Yes,Bank transfer (automatic),95.88,2985.06,No
6562-MXJTK,Female,0,No,No,68,Yes,No,DSL,No,Yes,Yes,Yes,No,No,One year,No,Electronic check,65.75,4480.91,No
2529-IRWAQ,Female,0,Yes,Yes,38,Yes,No,Fiber optic,Yes,No,No,No,Yes,Yes,Month-to-month,No,Bank transfer (automatic),104.09,3961.31,No
8794-FFVAK,Male,0,Yes,Yes,21,Yes,Yes,DSL,Yes,Yes,Yes,No,Yes,Yes,Two year,Yes,Electronic check,57.11,1177.72,No
1055-SZFJL,Female,1,No,Yes,35,Yes,No,Fiber optic,No,No,No,No,No,No,Month-to-month,No,Mailed check,59.17,2123.48,No
6767-GEAPE,Female,0,Yes,Yes,7,Yes,No,DSL,No,No,Yes,No,No,No,One year,Yes,Credit card (automatic),62.46,417.69,No
8193-GADFZ,Male,0,No,Yes,17,Yes,No,Fiber optic,No,No,Yes,No,No,Yes,One year,No,Electronic check,73.93,1261.88,No
9899-IYLWT,Female,0,No,No,32,Yes,No,No,No internet service,No internet service,No internet service,No internet service,No internet service,No internet service,One year,Yes,Mailed check,31.38,932.96,No
3041-SQIXE,Male,0,No,No,25,Yes,No,DSL,Yes,No,Yes,No,No,No,One year,Yes,Mailed check,48.77,1228.62,No
5471-UBSPP,Female,1,Yes,Yes,65,Yes,No,Fiber optic,No,No,Yes,No,Yes,No,Month-to-month,No,Credit card (automatic),77.55,5084.6,No
7161-CHXYF,Female,0,Yes,No,2,Yes,No,No,No internet service,No internet service,No internet service,No internet service,No internet service,No internet service,One year,Yes,Electronic check,32.41,58.19,No
4361-IVDVR,Male,1,No,No,28,Yes,No,Fiber optic,No,No,Yes,No,No,Yes,Month-to-month,No,Electronic check,71.35,2057.48,Yes
5301-TKFLD,Male,0,Yes,No,26,Yes,Yes,No,No internet service,No internet service,No internet service,No internet service,No internet service,No internet service,Month-to-month,Yes,Bank transfer (automatic),18.17,387.43,No
7756-HCZFV,Male,0,Yes,No,67,Yes,Yes,DSL,No,No,Yes,Yes,No,Yes,Month-to-month,Yes,Electronic check,69.51,4726.93,No
3848-VWMMY,Male,0,No,No,49,Yes,Yes,DSL,Yes,No,No,Yes,No,Yes,Two year,No,Electronic check,66.15,3246.87,No
7579-HKTXK,Female,0,Yes,No,0,Yes,Yes,DSL,No,No,Yes,No,No,Yes,One year,Yes,Mailed check,60.57, ,No
2850-IHKHQ,Male,1,No,No,1,Yes,No,No,No internet service,No internet service,No internet service,No internet service,No internet service,No internet service,Month-to-month,No,Electronic check,26.15,85.59,No
2270-XIVFN,Male,0,No,No,49,Yes,No,Fiber optic,Yes,No,No,No,No,Yes,Month-to-month,No,Credit card (automatic),96.24,4801.82,Yes
3259-ASQUU,Female,0,No,Yes,3,Yes,No,DSL,Yes,No,Yes,Yes,No,No,Two year,Yes,Credit card (automatic),47.44,142.57,No
3768-HAQJX,Female,0,Yes,No,67,Yes,No,Fiber optic,No,Yes,No,No,Yes,Yes,Two year,No,Bank transfer (automatic),92.27,6171.95,No
4342-EVNDB,Female,0,No,Yes,55,Yes,Yes,DSL,Yes,No,Yes,No,Yes,No,Month-to-month,Yes,Electronic check,65.1,3483.56,Yes
8745-VNUXT,Female,0,No,No,64,Yes,Yes,No,No internet service,No internet service,No internet service,No internet service,No internet service,No internet service,One year,Yes,Mailed check,31.07,2016.01,No
3089-KUURU,Male,0,Yes,Yes,25,Yes,Yes,Fiber optic,Yes,No,Yes,Yes,Yes,Yes,Month-to-month,No,Credit card (automatic),101.87,2639.45,No
4746-DBFQE,Female,0,No,No,8,Yes,No,DSL,No,No,Yes,No,No,Yes,Month-to-month,No,Mailed check,59.36,438.19,No
9744-KBFON,Male,1,Yes,Yes,8,Yes,Yes,DSL,Yes,No,No,Yes,Yes,No,Two year,Yes,Bank transfer (automatic),43.91,252.94,No
6420-YTXBK,Female,0,Yes,No,4,Yes,Yes,Fiber optic,No,No,Yes,No,Yes,No,Month-to-month,Yes,Bank transfer (automatic),83.01,392.53,Yes
8380-NQYDG,Female,0,No,No,0,Yes,Yes,DSL,No,Yes,Yes,Yes,Yes,Yes,Month-to-month,Yes,Electronic check,52.98, ,Yes
9506-TGCPT,Female,0,Yes,No,4,Yes,No,No,No internet service,No internet service,No internet service,No internet service,No internet service,No internet service,Two year,No,Electronic check,18.0,0.52,No
5145-FZGDM,Female,1,Yes,No,12,Yes,No,No,No internet service,No internet service,No internet service,No internet service,No internet service,No internet service,Two year,No,Bank transfer (automatic),23.63,325.27,No
9642-OSBKP,Female,1,No,No,20,No,No phone service,Fiber optic,No,No,Yes,Yes,No,Yes,Two year,No,Bank transfer (automatic),90.83,1836.63,No
5991-CWCPU,Male,0,Yes,No,0,Yes,Yes,Fiber optic,No,Yes,No,Yes,No,Yes,Month-to-month,No,Mailed check,98.35, ,Yes
2297-YSFTV,Female,0,No,No,53,Yes,Yes,DSL,Yes,No,No,Yes,Yes,No,Month-to-month,No,Electronic check,66.45,3540.29,No
7069-OHSEF,Female,0,Yes,No,1,Yes,No,DSL,No,No,No,No,Yes,Yes,Month-to-month,Yes,Credit card (automatic),68.35,27.13,No
7989-HXIWI,Female,0,No,No,4,Yes,Yes,DSL,No,No,Yes,Yes,No,No,One year,Yes,Credit card (automatic),67.17,275.07,No
3745-JBFNG,Male,0,No,No,36,Yes,Yes,Fiber optic,Yes,No,Yes,Yes,No,No,Month-to-month,No,Mailed check,81.31,2892.85,No
6379-JZCXV,Male,0,Yes,No,2,Yes,Yes,DSL,Yes,No,Yes,Yes,No,Yes,Month-to-month,No,Mailed check,59.68,120.96,Yes
6587-KKOIA,Female,0,No,No,46,Yes,No,Fiber optic,Yes,Yes,No,Yes,No,Yes,One year,Yes,Mailed check,80.23,3811.71,No
4001-VDFWV,Male,0,Yes,No,35,Yes,Yes,Fiber optic,No,Yes,Yes,No,No,Yes,One year,Yes,Electronic check,59.29,2030.88,No
1017-AQITS,Male,0,Yes,No,42,Yes,No,No,No internet service,No internet service,No internet service,No internet service,No internet service,No internet service,Month-to-month,No,Electronic check,26.54,1067.91,No
6590-ITLHN,Male,0,Yes,No,13,Yes,No,Fiber optic,No,Yes,No,Yes,Yes,No,One year,Yes,Electronic check,69.05,914.11,No
6938-TVKGE,Female,0,Yes,No,3,Yes,No,Fiber optic,No,Yes,No,Yes,Yes,No,Month-to-month,No,Electronic check,108.42,289.17,Yes
5670-GSAIM,Male,0,Yes,No,54,Yes,Yes,Fiber optic,No,No,No,No,No,No,Month-to-month,No,Electronic check,79.45,4287.65,No
8125-ZIVJP,Male,0,No,No,48,Yes,No,No,No internet service,No internet service,No internet service,No internet service,No internet service,No internet service,Month-to-month,Yes,Bank transfer (automatic),29.62,1454.87,No
5814-OGOEH,Male,0,No,No,51,Yes,No,DSL,Yes,Yes,No,No,No,Yes,Month-to-month,Yes,Mailed check,54.33,2845.68,No
2342-DOSYC,Female,0,No,No,5,Yes,Yes,DSL,No,No,No,No,Yes,Yes,Month-to-month,Yes,Credit card (automatic),58.85,275.27,Yes
5333-AGPZK,Female,0,No,No,24,Yes,Yes,Fiber optic,No,No,No,Yes,Yes,No,Month-to-month,No,Mailed check,62.14,1547.86,No
4159-VUUBL,Male,0,Yes,Yes,51,Yes,No,No,No internet service,No internet service,No internet service,No internet service,No internet service,No internet service,One year,Yes,Credit card (automatic),38.01,2017.86,No
5378-LIICL,Male,0,Yes,Yes,16,Yes,No,DSL,Yes,Yes,No,No,No,No,One year,Yes,Bank transfer (automatic),59.4,953.92,No
9302-AFAZU,Female,0,Yes,No,62,Yes,No,No,No internet service,No internet service,No internet service,No internet service,No internet service,No internet service,One year,No,Electronic check,19.74,1175.55,No
7493-MHSTQ,Male,0,No,Yes,43,Yes,No,Fiber optic,Yes,Yes,Yes,Yes,Yes,No,Month-to-month,Yes,Electronic check,85.34,3642.04,No
1979-VFAIA,Female,0,No,Yes,5,Yes,No,Fiber optic,No,No,No,No,Yes,Yes,Month-to-month,Yes,Electronic check,79.28,394.93,Yes
8023-GUXYO,Male,0,Yes,No,0,Yes,Yes,Fiber optic,No,No,No,No,No,No,Month-to-month,Yes,Bank transfer (automatic),87.37, ,Yes
7291-QAJHB,Female,0,Yes,Yes,8,Yes,No,Fiber optic,No,Yes,No,No,No,Yes,One year,Yes,Credit card (automatic),85.61,702.81,No
2323-TSACR,Male,1,Yes,No,61,Yes,Yes,No,No internet service,No internet service,No internet service,No internet service,No internet service,No internet service,Month-to-month,No,Credit card (automatic),18.0,1026.04,No
4670-HHYUK,Female,0,No,Yes,2,Yes,Yes,DSL,No,Yes,No,Yes,No,No,Month-to-month,No,Electronic check,69.29,237.62,No
5864-ZOYRZ,Male,0,Yes,Yes,55,Yes,No,Fiber optic,No,No,No,No,No,No,Month-to-month,Yes,Electronic check,56.79,3107.28,No
4661-XKERL,Female,0,No,No,71,Yes,Yes,Fiber optic,No,No,No,No,No,No,Month-to-month,No,Credit card (automatic),77.17,5481.57,No
7778-UJZCX,Female,0,Yes,No,2,Yes,Yes,Fiber optic,Yes,No,No,No,No,Yes,Two year,Yes,Bank transfer (automatic),72.37,167.49,No
9517-HOZEW,Female,0,Yes,No,5,Yes,No,No,No internet service,No internet service,No internet service,No internet service,No internet service,No internet service,Month-to-month,No,Electronic check,18.96,90.4,Yes
8199-THKJF,Male,1,Yes,No,2,Yes,Yes,Fiber optic,No,Yes,No,No,Yes,No,Month-to-month,No,Credit card (automatic),74.16,156.11,Yes
1148-WRLRJ,Male,0,No,No,62,Yes,Yes,DSL,No,No,Yes,Yes,No,Yes,One year,Yes,Bank transfer (automatic),55.03,3420.21,No
2528-SWHTR,Female,0,No,No,40,Yes,Yes,No,No internet service,No internet service,No internet service,No internet service,No internet service,No internet service,One year,Yes,Credit card (automatic),28.2,1160.33,No
5561-YZTTH,Female,0,Yes,No,1,Yes,No,DSL,No,Yes,Yes,No,No,Yes,Two year,Yes,Bank transfer (automatic),69.98,64.85,Yes
2239-LTFJC,Male,0,Yes,Yes,32,Yes,Yes,DSL,No,No,No,Yes,Yes,No,One year,Yes,Electronic check,53.35,1703.09,No
7202-NHCDZ,Male,0,Yes,Yes,11,Yes,No,Fiber optic,Yes,No,No,Yes,Yes,Yes,Two year,Yes,Bank transfer (automatic),70.44,757.12,No
5018-YAXVN,Male,0,Yes,No,29,Yes,Yes,DSL,No,No,Yes,No,Yes,No,Month-to-month,No,Mailed check,50.5,1490.61,No
5329-OYSKZ,Female,0,Yes,No,7,Yes,No,No,No internet service,No internet service,No internet service,No internet service,No internet service,No internet service,Month-to-month,No,Electronic check,26.41,230.96,Yes
7914-YBORU,Female,1,Yes,No,12,Yes,Yes,DSL,No,No,No,No,Yes,No,One year,Yes,Electronic check,66.44,812.15,Yes
1581-JAZVQ,Female,0,No,No,3,Yes,Yes,DSL,No,No,Yes,No,No,Yes,Month-to-month,No,Mailed check,63.33,226.23,No
2080-IRKHS,Female,0,No,No,26,Yes,Yes,Fiber optic,No,Yes,No,No,No,No,Month-to-month,No,Credit card (automatic),84.75,2173.97,No
5982-NEHFB,Male,0,No,No,2,Yes,Yes,DSL,Yes,Yes,No,No,Yes,Yes,Two year,Yes,Electronic check,63.43,184.37,No
7408-WVCUW,Male,0,No,No,19,Yes,No,Fiber optic,No,Yes,No,Yes,No,Yes,Two year,No,Electronic check,98.23,1799.65,No
5130-WDTIB,Male,0,No,No,52,Yes,No,DSL,Yes,Yes,No,Yes,No,Yes,One year,Yes,Credit card (automatic),76.87,4007.02,No
8879-XDZOZ,Female,0,No,Yes,28,Yes,No,Fiber optic,Yes,No,No,No,No,No,Two year,No,Electronic check,111.51,3122.84,No
3318-BVLJO,Male,0,Yes,No,0,Yes,No,Fiber optic,No,No,Yes,No,Yes,No,One year,No,Mailed check,88.35, ,Yes
9487-COWSM,Male,1,Yes,No,19,Yes,Yes,Fiber optic,No,No,No,No,No,Yes,Two year,Yes,Credit card (automatic),96.58,1843.62,No
6792-PYFVD,Male,0,Yes,No,29,Yes,Yes,DSL,Yes,Yes,No,No,Yes,No,Two year,No,Bank transfer (automatic),46.06,1334.15,No
3736-TEZTE,Male,0,No,No,5,Yes,Yes,No,No internet service,No internet service,No internet service,No internet service,No internet service,No internet service,Month-to-month,Yes,Mailed check,26.98,139.34,Yes
7720-ZIUMY,Female,0,Yes,No,7,Yes,No,Fiber optic,No,Yes,No,No,No,Yes,Month-to-month,Yes,Mailed check,78.14,571.2,No
1556-VPOQP,Male,1,Yes,Yes,1,Yes,No,Fiber optic,No,Yes,No,No,Yes,Yes,One year,No,Electronic check,101.43,110.44,No
3021-ZSHFY,Male,0,No,No,44,No,No phone service,DSL,Yes,Yes,No,Yes,No,No,Two year,Yes,Mailed check,69.45,2992.01,No
4950-XYFAJ,Female,0,No,Yes,48,Yes,No,DSL,Yes,Yes,No,Yes,No,No,Month-to-month,No,Mailed check,77.6,3696.72,No
5501-FHSVK,Male,0,No,Yes,54,Yes,Yes,DSL,No,Yes,Yes,No,No,Yes,Month-to-month,Yes,Electronic check,67.01,3667.76,Yes
2787-SQCMD,Male,1,No,No,31,Yes,Yes,DSL,No,Yes,No,No,No,No,Month-to-month,Yes,Electronic check,77.44,2428.96,Yes
3951-YMZFP,Male,0,No,Yes,60,Yes,No,Fiber optic,No,Yes,No,No,No,Yes,One year,Yes,Electronic check,83.13,4981.16,No
4974-FRYVC,Female,0,No,No,1,Yes,Yes,Fiber optic,No,No,Yes,Yes,No,Yes,Month-to-month,Yes,Electronic check,97.55,107.22,Yes
1896-XCRXH,Male,0,Yes,No,57,Yes,No,DSL,No,No,Yes,Yes,No,No,Month-to-month,Yes,Bank transfer (automatic),53.59,2951.33,No
9791-EERXX,Female,0,No,No,24,No,No phone service,DSL,Yes,Yes,No,No,No,Yes,One year,Yes,Credit card (automatic),52.4,1286.08,No
8890-EALSY,Female,0,No,No,46,Yes,Yes,DSL,No,Yes,No,Yes,Yes,No,Month-to-month,Yes,Credit card (automatic),46.09,2164.48,No
3091-GLLND,Female,1,Yes,No,7,Yes,No,Fiber optic,No,Yes,No,No,Yes,Yes,Two year,No,Credit card (automatic),105.92,786.11,No
9178-RHJBG,Male,0,No,No,55,Yes,Yes,DSL,Yes,No,Yes,No,Yes,Yes,Month-to-month,No,Bank transfer (automatic),53.52,3018.2,Yes
3965-PKLVJ,Female,0,No,Yes,62,Yes,No,DSL,Yes,No,No,Yes,Yes,No,One year,Yes,Bank transfer (automatic),46.97,3007.68,No
8291-WHAUX,Male,0,No,No,49,No,No phone service,Fiber optic,No,No,No,No,Yes,No,Month-to-month,Yes,Bank transfer (automatic),104.32,5066.29,No
8595-TPRGV,Male,0,No,No,66,Yes,No,Fiber optic,No,Yes,Yes,No,No,No,Two year,No,Electronic check,77.03,5174.43,No
7218-GFFWP,Female,0,Yes,No,69,Yes,Yes,DSL,No,No,Yes,Yes,No,No,Two year,No,Mailed check,51.07,3541.0,No
4170-XRTZO,Male,0,Yes,No,70,Yes,Yes,Fiber optic,Yes,Yes,Yes,Yes,Yes,Yes,Two year,Yes,Electronic check,94.75,6618.15,No
4961-ZHKBR,Male,0,Yes,No,5,Yes,No,Fiber optic,No,Yes,No,Yes,No,No,Month-to-month,Yes,Credit card (automatic),109.02,635.59,Yes
7142-WRQXR,Male,0,No,No,26,Yes,Yes,Fiber optic,No,No,No,No,Yes,Yes,Month-to-month,No,Bank transfer (automatic),110.36,2991.89,Yes
5277-TIXCH,Male,0,No,No,8,Yes,No,DSL,No,No,Yes,Yes,No,Yes,Month-to-month,Yes,Electronic check,54.53,507.88,Yes
5932-CNUJW,Male,1,No,Yes,36,Yes,Yes,Fiber optic,No,Yes,Yes,No,Yes,Yes,Two year,No,Bank transfer (automatic),106.73,3849.07,No
9655-SUDIQ,Female,0,No,No,0,Yes,No,No,No internet service,No internet service,No internet service,No internet service,No internet service,No internet service,Two year,Yes,Bank transfer (automatic),28.69, ,No
7913-WPDND,Female,0,No,No,25,Yes,No,Fiber optic,No,No,No,No,Yes,No,Month-to-month,No,Credit card (automatic),96.88,2408.82,No
5172-BVXVD,Male,1,Yes,No,61,Yes,No,DSL,Yes,No,Yes,No,No,Yes,Month-to-month,Yes,Electronic check,43.17,2690.99,No
7957-FUDKX,Female,0,Yes,No,1,Yes,Yes,Fiber optic,No,Yes,No,No,Yes,Yes,Two year,Yes,Bank transfer (automatic),94.21,78.92,No
4288-MVHZZ,Male,0,Yes,No,66,Yes,No,Fiber optic,Yes,No,Yes,No,No,Yes,One year,Yes,Electronic check,75.72,5055.0,No
7597-VCWNN,Male,0,No,No,55,Yes,No,No,No internet service,No internet service,No internet service,No internet service,No internet service,No internet service,Two year,No,Mailed check,24.53,1371.84,No
9501-UEPKZ,Male,0,Yes,Yes,32,Yes,Yes,Fiber optic,Yes,No,No,No,No,No,Month-to-month,Yes,Bank transfer (automatic),77.48,2476.46,No
7152-RXHYK,Male,0,No,Yes,1,Yes,Yes,Fiber optic,No,No,Yes,No,No,No,Two year,No,Electronic check,111.58,128.83,No
5847-EYYIS,Male,0,No,No,48,Yes,No,DSL,Yes,Yes,No,Yes,No,No,Month-to-month,Yes,Credit card (automatic),77.02,3726.18,No
2663-XLHHN,Male,1,Yes,No,3,Yes,Yes,Fiber optic,No,Yes,No,No,No,No,Two year,Yes,Credit card (automatic),66.41,210.0,No
7151-HDTPX,Male,0,No,Yes,50,Yes,Yes,DSL,Yes,No,Yes,Yes,No,No,Month-to-month,No,Electronic check,69.42,3516.26,No
4077-FNUNR,Female,0,No,No,50,Yes,No,No,No internet service,No internet service,No internet service,No internet service,No internet service,No internet service,Month-to-month,Yes,Credit card (automatic),24.48,1267.93,No
5391-WNPIS,Male,0,No,Yes,4,Yes,Yes,Fiber optic,No,No,No,No,Yes,Yes,Month-to-month,Yes,Bank transfer (automatic),61.77,302.71,Yes
6524-IZTBL,Male,0,Yes,No,0,Yes,Yes,Fiber optic,Yes,Yes,Yes,Yes,Yes,No,Two year,Yes,Electronic check,95.54, ,No
5850-XSXBZ,Male,0,Yes,No,7,Yes,Yes,Fiber optic,No,No,Yes,Yes,Yes,No,Month-to-month,Yes,Electronic check,64.73,421.36,Yes
2489-BIHLO,Female,1,Yes,No,2,Yes,Yes,DSL,Yes,Yes,No,No,Yes,No,Month-to-month,No,Mailed check,52.22,207.28,No
6378-PJEHO,Male,0,No,No,17,Yes,No,DSL,Yes,No,No,No,No,Yes,Month-to-month,No,Credit card (automatic),44.06,699.23,Yes
6637-WZPQW,Female,0,No,Yes,64,No,No phone service,Fiber optic,No,No,No,No,Yes,No,Month-to-month,Yes,Mailed check,78.23,5042.52,No
1703-FVWYV,Male,0,No,No,1,Yes,Yes,Fiber optic,No,No,Yes,Yes,No,No,Month-to-month,No,Electronic check,77.61,90.54,No
9183-ALVKX,Male,0,No,No,35,Yes,Yes,No,No internet service,No internet service,No internet service,No internet service,No internet service,No internet service,Month-to-month,Yes,Bank transfer (automatic),33.08,1156.2,No
7041-IJSRE,Female,0,Yes,No,38,Yes,No,Fiber optic,No,No,Yes,No,No,No,Month-to-month,No,Mailed check,110.94,4277.06,Yes
2840-TGETF,Male,0,No,Yes,38,Yes,No,DSL,No,No,Yes,No,No,Yes,Month-to-month,Yes,Electronic check,52.69,2020.66,No
6714-DOAEF,Male,0,Yes,Yes,1,Yes,Yes,Fiber optic,No,Yes,No,No,No,No,Month-to-month,No,Electronic check,93.97,74.67,No
2055-KDSRE,Male,0,Yes,Yes,25,Yes,No,Fiber optic,No,No,No,No,No,No,One year,Yes,Bank transfer (automatic),96.18,2350.28,Yes
2360-IQRHU,Female,1,No,No,63,Yes,No,Fiber optic,No,Yes,No,No,No,Yes,Month-to-month,Yes,Mailed check,94.38,5990.18,Yes
7456-XUFRD,Female,0,No,Yes,13,Yes,Yes,Fiber optic,Yes,Yes,No,Yes,No,Yes,Two year,No,Electronic check,98.64,1253.18,Yes
5772-KSUPX,Female,0,No,No,6,Yes,No,Fiber optic,Yes,No,Yes,No,Yes,No,Month-to-month,No,Credit card (automatic),105.01,662.96,No
7357-YHDSC,Female,0,No,No,48,Yes,No,No,No internet service,No internet service,No internet service,No internet service,No internet service,No internet service,Month-to-month,Yes,Bank transfer (automatic),22.77,1077.25,No
3532-WDHYY,Male,0,Yes,No,3,Yes,No,DSL,No,Yes,No,No,No,No,Month-to-month,Yes,Electronic check,66.25,176.72,Yes
8693-LXDUZ,Female,0,Yes,No,0,Yes,Yes,No,No internet service,No internet service,No internet service,No internet service,No internet service,No internet service,Month-to-month,No,Bank transfer (automatic),18.0, ,No
7649-OPPGL,Male,1,Yes,No,0,Yes,Yes,DSL,Yes,Yes,No,Yes,No,Yes,One year,Yes,Mailed check,40.35, ,No
7691-ACCQM,Female,0,No,No,66,No,No phone service,No,No internet service,No internet service,No internet service,No internet service,No internet service,No internet service,Month-to-month,Yes,Electronic check,40.38,2695.93,No
5780-BEYWQ,Male,0,No,No,57,Yes,Yes,DSL,No,No,Yes,Yes,Yes,No,One year,No,Mailed check,58.14,3328.87,No
9845-DXQJH,Male,0,Yes,No,32,Yes,No,Fiber optic,No,No,No,No,Yes,Yes,Month-to-month,No,Bank transfer (automatic),83.06,2697.0,No
9463-SEGZQ,Female,0,Yes,No,6,Yes,No,Fiber optic,No,No,No,No,Yes,Yes,Month-to-month,Yes,Electronic check,64.38,330.61,Yes
9661-TFOTN,Male,0,No,No,50,Yes,Yes,Fiber optic,No,No,No,No,No,No,Two year,Yes,Bank transfer (automatic),93.86,4659.64,No
7828-NJPLU,Female,0,No,No,1,Yes,No,DSL,Yes,No,No,Yes,Yes,Yes,Two year,No,Mailed check,52.42,86.74,No
6979-BBFVK,Male,0,Yes,No,28,Yes,Yes,Fiber optic,No,No,No,No,Yes,No,Month-to-month,Yes,Credit card (automatic),103.47,2867.74,No
4634-EOTON,Female,0,Yes,No,31,Yes,No,DSL,Yes,Yes,No,No,No,Yes,Month-to-month,No,Electronic check,53.64,1687.96,Yes
9166-MRJSI,Female,0,No,Yes,63,Yes,No,DSL,Yes,No,Yes,No,Yes,No,Month-to-month,Yes,Electronic check,56.78,3595.97,No
2658-WIHRU,Male,0,No,Yes,64,Yes,No,Fiber optic,Yes,Yes,Yes,No,Yes,No,Two year,Yes,Electronic check,75.71,4866.07,No
6341-RIXKJ,Female,1,Yes,No,53,Yes,No,Fiber optic,No,No,No,Yes,Yes,Yes,Month-to-month,Yes,Bank transfer (automatic),99.2,5253.17,No
6006-CNLUC,Female,0,Yes,No,5,No,No phone service,DSL,No,Yes,Yes,No,No,Yes,Two year,No,Bank transfer (automatic),82.68,399.4,No
6270-RXSFV,Female,0,No,Yes,2,Yes,Yes,Fiber optic,Yes,Yes,Yes,Yes,Yes,No,Month-to-month,No,Mailed check,71.8,214.72,Yes
1969-UUZVM,Male,0,No,No,43,Yes,Yes,No,No internet service,No internet service,No internet service,No internet service,No internet service,No internet service,Month-to-month,Yes,Bank transfer (automatic),18.0,696.2,No
4749-RILSI,Female,0,Yes,No,23,Yes,No,Fiber optic,No,No,No,No,Yes,Yes,Two year,Yes,Mailed check,74.5,1664.2,No
1729-MLOTJ,Female,0,No,No,22,Yes,No,Fiber optic,Yes,Yes,Yes,No,Yes,Yes,One year,Yes,Electronic check,68.6,1559.77,Yes
8024-REICW,Male,0,No,Yes,0,Yes,No,Fiber optic,Yes,No,Yes,Yes,Yes,Yes,Month-to-month,No,Electronic check,98.04, ,Yes
6762-SOHVA,Male,0,Yes,No,25,Yes,Yes,DSL,No,Yes,No,No,No,Yes,Two year,Yes,Credit card (automatic),45.08,1144.8,Yes
5515-QMOFN,Male,0,Yes,Yes,52,Yes,No,No,No internet service,No internet service,No internet service,No internet service,No internet service,No internet service,Month-to-month,Yes,Electronic check,22.32,1124.86,No
9227-KSFTA,Female,0,No,No,15,Yes,No,DSL,Yes,No,Yes,No,No,No,Month-to-month,No,Credit card (automatic),59.85,775.63,No
7294-RMLPS,Male,0,No,Yes,57,Yes,No,Fiber optic,No,No,No,Yes,Yes,No,Month-to-month,No,Mailed check,97.65,5517.84,No
3250-RJIBE,Female,0,Yes,No,4,Yes,No,Fiber optic,No,No,No,No,Yes,No,Month-to-month,Yes,Credit card (automatic),70.88,318.74,Yes
7468-GLKGX,Female,1,No,Yes,53,Yes,Yes,Fiber optic,No,No,No,No,Yes,No,Two year,Yes,Mailed check,100.41,5278.17,No
1528-XXREU,Male,0,Yes,Yes,8,Yes,No,No,No internet service,No internet service,No internet service,No internet service,No internet service,No internet service,Month-to-month,No,Electronic check,31.4,274.6,No
3663-LXXGU,Male,0,No,No,55,Yes,Yes,Fiber optic,No,Yes,No,Yes,No,Yes,One year,No,Bank transfer (automatic),105.43,5795.65,No
4694-JKHCH,Female,0,Yes,No,61,Yes,Yes,No,No internet service,No internet service,No internet service,No internet service,No internet service,No internet service,One year,No,Bank transfer (automatic),35.26,2125.66,No
6515-EUCCD,Male,0,Yes,Yes,55,Yes,Yes,Fiber optic,No,No,No,Yes,No,No,Month-to-month,No,Electronic check,91.65,5077.56,No
1047-MRCSA,Female,0,Yes,No,62,Yes,No,No,No internet service,No internet service,No internet service,No internet service,No internet service,No internet service,Month-to-month,Yes,Credit card (automatic),27.94,1677.88,No
2800-DLDLG,Female,0,No,Yes,1,Yes,No,DSL,No,No,No,No,Yes,Yes,Month-to-month,Yes,Electronic check,40.59,31.55,Yes
9338-XFLOB,Female,0,No,Yes,6,No,No phone service,No,No internet service,No internet service,No internet service,No internet service,No internet service,No internet service,One year,No,Electronic check,25.52,228.04,No
2500-AYKUJ,Male,0,No,Yes,16,Yes,Yes,Fiber optic,No,No,No,No,No,No,Month-to-month,Yes,Credit card (automatic),97.87,1570.41,Yes
8832-PKZGX,Female,1,Yes,No,52,Yes,Yes,No,No internet service,No internet service,No internet service,No internet service,No internet service,No internet service,Month-to-month,Yes,Credit card (automatic),18.0,969.34,Yes
2818-TMKDE,Female,0,No,No,42,Yes,Yes,Fiber optic,Yes,No,No,Yes,Yes,Yes,Month-to-month,No,Credit card (automatic),91.35,3837.55,No
6394-HZGXD,Male,0,No,Yes,6,Yes,No,Fiber optic,Yes,No,Yes,Yes,Yes,No,Month-to-month,No,Electronic check,100.81,598.18,No
6066-PLBOE,Female,0,No,No,53,Yes,No,Fiber optic,No,No,No,No,Yes,Yes,Month-to-month,Yes,Electronic check,103.6,5537.35,No
9450-IBEYT,Female,0,Yes,Yes,40,Yes,Yes,Fiber optic,No,No,Yes,No,Yes,Yes,Two year,Yes,Credit card (automatic),80.81,3102.59,No
9692-QCSRE,Female,1,No,Yes,10,Yes,No,Fiber optic,No,No,No,No,Yes,No,One year,Yes,Credit card (automatic),93.63,903.93,Yes
6292-BFRKC,Male,0,Yes,No,61,Yes,No,No,No internet service,No internet service,No internet service,No internet service,No internet service,No internet service,Two year,Yes,Bank transfer (automatic),31.34,1918.1,No
9003-ZHOBS,Male,0,Yes,No,62,Yes,Yes,Fiber optic,Yes,No,No,Yes,Yes,No,Month-to-month,No,Mailed check,90.73,5657.96,No
2446-DABJD,Male,0,No,No,54,No,No phone service,Fiber optic,No,Yes,Yes,No,Yes,No,Month-to-month,Yes,Mailed check,84.07,4484.85,Yes
1409-NSTQE,Male,0,Yes,Yes,4,Yes,No,No,No internet service,No internet service,No internet service,No internet service,No internet service,No internet service,Two year,No,Mailed check,32.45,181.63,No
1638-UPEJZ,Male,1,Yes,Yes,65,Yes,No,Fiber optic,Yes,No,No,Yes,No,Yes,Month-to-month,Yes,Mailed check,102.54,6656.95,No
8282-GMIFM,Female,0,No,No,67,Yes,No,Fiber optic,Yes,No,No,Yes,Yes,No,Two year,Yes,Credit card (automatic),77.21,5172.95,No
7296-ARAPO,Male,0,Yes,No,1,Yes,No,Fiber optic,No,No,No,Yes,No,Yes,Month-to-month,No,Bank transfer (automatic),109.64,209.38,Yes
3984-YOHKJ,Female,1,No,No,56,Yes,No,Fiber optic,No,Yes,No,No,No,Yes,Month-to-month,No,Electronic check,98.18,5533.84,No
6892-JAGEU,Male,0,No,Yes,26,Yes,No,No,No internet service,No internet service,No internet service,No internet service,No internet service,No internet service,One year,Yes,Electronic check,27.96,729.8,Yes
8881-GZHJZ,Male,0,No,No,69,Yes,No,DSL,Yes,No,No,No,No,No,Two year,Yes,Bank transfer (automatic),62.94,4369.78,No
4685-ZYIWP,Male,0,Yes,Yes,28,Yes,Yes,DSL,Yes,Yes,No,No,Yes,No,Month-to-month,Yes,Mailed check,74.23,2048.9,No
3056-ULQYR,Male,0,No,No,1,Yes,Yes,DSL,No,Yes,Yes,No,Yes,Yes,Two year,Yes,Bank transfer (automatic),70.24,78.18,No
7769-ZRZWY,Female,0,No,No,54,Yes,No,DSL,No,Yes,Yes,No,No,Yes,Month-to-month,Yes,Electronic check,70.39,3891.33,No
7488-WMMDV,Female,0,Yes,Yes,1,Yes,No,DSL,Yes,No,No,Yes,No,No,Month-to-month,No,Bank transfer (automatic),62.77,163.28,No
6235-OVUUF,Female,0,No,No,60,Yes,No,No,No internet service,No internet service,No internet service,No internet service,No internet service,No internet service,Two year,No,Credit card (automatic),20.69,1155.97,No
9215-HVJGM,Male,0,No,No,10,No,No phone service,DSL,Yes,No,Yes,No,No,Yes,Two year,No,Electronic check,76.89,787.89,No
5842-SAUWU,Female,0,Yes,No,25,Yes,Yes,Fiber optic,No,No,Yes,No,No,Yes,Month-to-month,No,Mailed check,94.42,2301.08,Yes
6047-XVRFJ,Male,0,Yes,No,55,Yes,No,No,No internet service,No internet service,No internet service,No internet service,No internet service,No internet service,Two year,No,Electronic check,20.2,1056.66,No
9550-MJOBO,Female,0,No,No,65,Yes,Yes,No,No internet service,No internet service,No internet service,No internet service,No internet service,No internet service,Month-to-month,Yes,Electronic check,20.62,1394.27,No
5011-TBXVP,Female,0,Yes,Yes,3,Yes,No,Fiber optic,Yes,No,No,No,No,No,One year,Yes,Credit card (automatic),82.56,277.27,No
5750-CUVBY,Male,0,No,No,32,Yes,Yes,DSL,No,Yes,No,No,No,No,Month-to-month,Yes,Mailed check,41.95,1286.6,No
2193-KDKSI,Male,0,Yes,No,1,Yes,Yes,Fiber optic,No,Yes,No,Yes,Yes,No,One year,No,Credit card (automatic),73.71,108.49,No
3543-LZLUI,Male,0,Yes,No,30,Yes,No,No,No internet service,No internet service,No internet service,No internet service,No internet service,No internet service,Month-to-month,Yes,Electronic check,23.8,746.12,No
6316-MKPED,Male,0,No,No,60,Yes,No,No,No internet service,No internet service,No internet service,No internet service,No internet service,No internet service,Month-to-month,No,Mailed check,29.1,1715.39,No
4276-LKAVV,Female,0,No,Yes,54,Yes,No,DSL,Yes,No,No,No,No,No,Month-to-month,No,Bank transfer (automatic),65.99,3650.4,No
8665-YGVZK,Female,0,Yes,Yes,2,Yes,Yes,No,No internet service,No internet service,No internet service,No internet service,No internet service,No internet service,One year,Yes,Electronic check,22.28,52.21,No
1787-CYSTT,Female,0,No,Yes,6,Yes,Yes,DSL,No,No,Yes,Yes,No,No,Month-to-month,No,Electronic check,40.59,232.63,Yes
5658-GCJSX,Male,0,Yes,No,7,Yes,No,No,No internet service,No internet service,No internet service,No internet service,No internet service,No internet service,Month-to-month,Yes,Electronic check,22.48,297.65,Yes
3247-APIIZ,Female,0,Yes,No,62,Yes,No,No,No internet service,No internet service,No internet service,No internet service,No internet service,No internet service,Month-to-month,Yes,Electronic check,26.93,1705.03,No
1837-EINAP,Male,1,No,No,48,Yes,No,DSL,No,No,No,Yes,Yes,No,One year,No,Credit card (automatic),72.18,3448.18,No
7586-XINMQ,Female,0,Yes,No,30,No,No phone service,DSL,Yes,Yes,No,Yes,No,Yes,Month-to-month,No,Credit card (automatic),81.76,2450.98,No
8873-HQTXN,Male,0,No,No,46,Yes,No,Fiber optic,No,No,No,No,Yes,No,One year,No,Credit card (automatic),110.34,5049.21,Yes
8534-SKTKA,Male,0,Yes,No,0,No,No phone service,Fiber optic,No,Yes,Yes,No,Yes,No,Month-to-month,No,Electronic check,77.45, ,Yes
8503-LBKCF,Female,0,Yes,No,3,Yes,No,No,No internet service,No internet service,No internet service,No internet service,No internet service,No internet service,Month-to-month,Yes,Electronic check,30.46,122.22,No
3678-TEXDQ,Male,0,Yes,No,60,Yes,No,Fiber optic,Yes,Yes,No,No,Yes,Yes,Month-to-month,No,Mailed check,82.7,4989.99,No
8316-BVQCX,Male,0,No,No,9,Yes,No,No,No internet service,No internet service,No internet service,No internet service,No internet service,No internet service,Month-to-month,No,Electronic check,32.2,377.99,Yes
9094-HPMFP,Female,1,No,No,24,Yes,No,DSL,Yes,No,No,No,Yes,No,Month-to-month,No,Electronic check,46.29,1082.82,Yes
7482-UZYBT,Male,0,Yes,No,20,Yes,No,No,No internet service,No internet service,No internet service,No internet service,No internet service,No internet service,Month-to-month,No,Mailed check,22.75,515.31,No
1760-NSFLG,Female,0,Yes,No,41,Yes,Yes,Fiber optic,No,No,No,No,No,Yes,Month-to-month,Yes,Bank transfer (automatic),72.23,2907.64,No
9391-MQHEY,Female,0,No,No,7,Yes,No,DSL,Yes,Yes,Yes,Yes,No,No,One year,No,Mailed check,48.65,346.45,No
7889-MEKDQ,Female,0,Yes,No,50,Yes,Yes,DSL,No,No,Yes,No,No,Yes,One year,Yes,Mailed check,46.74,2363.0,No
8225-OOJGS,Female,0,No,No,43,Yes,Yes,DSL,No,Yes,No,Yes,No,No,Month-to-month,Yes,Bank transfer (automatic),52.11,2256.17,No
8282-MUURP,Female,0,No,Yes,64,Yes,Yes,Fiber optic,No,Yes,No,No,No,No,Month-to-month,No,Credit card (automatic),95.98,6144.97,No
3327-BEMAG,Female,0,No,No,14,Yes,Yes,No,No internet service,No internet service,No internet service,No internet service,No internet service,No internet service,Two year,Yes,Credit card (automatic),42.17,553.69,No
4798-GSXGN,Female,0,Yes,No,3,Yes,Yes,No,No internet service,No internet service,No internet service,No internet service,No internet service,No internet service,Month-to-month,Yes,Electronic check,18.0,7.23,Yes
8031-ZCPTM,Female,1,Yes,Yes,28,Yes,No,Fiber optic,No,No,No,No,No,No,Two year,Yes,Bank transfer (automatic),92.18,2540.76,Yes
6527-JHUYF,Male,0,Yes,No,3,Yes,Yes,Fiber optic,No,Yes,No,No,No,Yes,Two year,No,Electronic check,87.72,249.68,No
1751-HPIMF,Male,0,Yes,Yes,1,No,No phone service,No,No internet service,No internet service,No internet service,No internet service,No internet service,No internet service,Month-to-month,No,Electronic check,21.42,34.97,Yes
7545-FIEIV,Female,1,Yes,No,6,Yes,Yes,Fiber optic,No,No,No,No,Yes,Yes,Two year,Yes,Electronic check,73.48,414.87,No
5465-HPVVG,Male,0,No,Yes,54,Yes,Yes,Fiber optic,No,Yes,No,No,Yes,Yes,Month-to-month,Yes,Credit card (automatic),72.82,3934.69,No
4599-YKTFN,Male,1,Yes,Yes,65,Yes,Yes,DSL,No,Yes,Yes,Yes,No,No,Month-to-month,Yes,Electronic check,63.28,4071.5,No
3072-CEBKW,Male,0,Yes,No,36,Yes,No,DSL,No,No,No,No,No,No,One year,Yes,Credit card (automatic),55.78,2044.29,No
4553-BJPOI,Female,0,Yes,Yes,47,Yes,No,DSL,No,Yes,No,No,No,No,Two year,No,Bank transfer (automatic),74.24,3515.37,No
9276-HVDUA,Male,0,Yes,No,3,Yes,Yes,No,No internet service,No internet service,No internet service,No internet service,No internet service,No internet service,One year,Yes,Credit card (automatic),18.0,84.85,No
7330-FSRTC,Female,0,No,No,0,Yes,Yes,Fiber optic,No,Yes,No,No,Yes,Yes,One year,No,Credit card (automatic),86.95, ,No
4085-MCMWE,Female,0,Yes,No,11,Yes,No,No,No internet service,No internet service,No internet service,No internet service,No internet service,No internet service,Month-to-month,Yes,Electronic check,20.36,300.98,Yes
4439-HPHFR,Female,1,No,Yes,58,Yes,No,DSL,Yes,Yes,No,No,No,No,Month-to-month,No,Bank transfer (automatic),50.29,2879.15,No
8739-CWFEE,Male,1,No,Yes,5,No,No phone service,DSL,No,No,No,No,No,No,Month-to-month,No,Credit card (automatic),60.73,323.55,No
4615-BPGUQ,Female,1,Yes,Yes,39,Yes,Yes,DSL,Yes,No,Yes,No,Yes,No,Two year,Yes,Mailed check,58.28,2266.53,No
4620-VNEZZ,Female,0,No,No,2,Yes,No,Fiber optic,No,No,No,No,Yes,Yes,Month-to-month,Yes,Mailed check,100.94,190.78,Yes
3213-FZQMI,Male,0,Yes,No,1,Yes,Yes,No,No internet service,No internet service,No internet service,No internet service,No internet service,No internet service,Two year,No,Electronic check,23.37,96.15,No
5284-TCTEG,Female,0,Yes,Yes,61,No,No phone service,DSL,No,Yes,No,No,No,Yes,Month-to-month,Yes,Electronic check,49.48,3036.38,No
7462-ALXZP,Male,0,No,Yes,19,Yes,No,No,No internet service,No internet service,No internet service,No internet service,No internet service,No internet service,One year,No,Credit card (automatic),33.44,585.73,No
1518-XNCEU,Female,0,No,Yes,24,Yes,Yes,DSL,Yes,Yes,No,No,No,No,Month-to-month,Yes,Electronic check,71.75,1652.4,No
4782-IUSEZ,Male,0,Yes,Yes,15,Yes,No,DSL,No,No,Yes,No,Yes,No,One year,Yes,Electronic check,62.0,921.52,No
8967-NLOXZ,Female,0,No,Yes,59,Yes,No,DSL,Yes,Yes,Yes,No,Yes,No,Two year,No,Mailed check,59.47,3492.01,No
8328-HOOGQ,Female,0,Yes,No,4,Yes,Yes,DSL,No,No,No,Yes,Yes,No,Month-to-month,Yes,Bank transfer (automatic),73.68,277.98,Yes
7318-NTKYI,Male,0,No,Yes,6,Yes,Yes,Fiber optic,No,No,Yes,No,No,No,Month-to-month,Yes,Electronic check,88.41,509.41,Yes
5954-PTRNS,Female,0,No,No,2,Yes,No,No,No internet service,No internet service,No internet service,No internet service,No internet service,No internet service,One year,Yes,Mailed check,43.26,35.45,Yes
5914-TYUYW,Male,0,Yes,Yes,54,Yes,No,No,No internet service,No internet service,No internet service,No internet service,No internet service,No internet service,Month-to-month,Yes,Electronic check,22.93,1240.56,No
3664-XKNOD,Female,1,No,No,51,No,No phone service,DSL,Yes,Yes,Yes,Yes,Yes,Yes,Month-to-month,No,Electronic check,82.87,4306.73,No
1069-CRSEZ,Female,0,No,No,13,Yes,No,Fiber optic,Yes,No,No,No,No,No,One year,Yes,Bank transfer (automatic),71.09,926.0,No
6353-EVNGQ,Male,0,Yes,Yes,44,Yes,Yes,Fiber optic,Yes,No,No,Yes,Yes,Yes,Two year,No,Bank transfer (automatic),94.8,4146.43,No
6652-LPVCV,Male,0,No,No,1,Yes,Yes,DSL,Yes,No,No,Yes,Yes,No,Two year,Yes,Bank transfer (automatic),68.62,58.08,No
8344-ZTUXG,Female,0,No,Yes,62,Yes,Yes,Fiber optic,No,No,No,No,Yes,Yes,Month-to-month,No,Electronic check,73.09,4545.16,No
5509-YGGCF,Male,0,Yes,No,67,Yes,No,DSL,Yes,No,No,Yes,No,No,Month-to-month,Yes,Credit card (automatic),71.78,4877.72,No
3303-PPZQA,Female,1,No,No,39,Yes,Yes,DSL,No,No,No,No,Yes,No,One year,Yes,Mailed check,57.48,2188.9,Yes
1087-AKXUL,Female,0,No,No,3,Yes,No,No,No internet service,No internet service,No internet service,No internet service,No internet service,No internet service,Two year,Yes,Credit card (automatic),34.16,43.57,No
8662-SFXLB,Female,0,No,No,67,Yes,No,Fiber optic,No,No,No,No,No,Yes,Month-to-month,No,Mailed check,93.43,6317.25,No
9330-MMLQU,Male,0,Yes,Yes,7,No,No phone service,Fiber optic,Yes,No,No,No,Yes,Yes,Month-to-month,Yes,Credit card (automatic),79.61,607.26,Yes
4918-SIGDW,Female,0,No,No,8,Yes,Yes,Fiber optic,Yes,No,No,No,No,Yes,Month-to-month,Yes,Electronic check,84.39,643.03,No
6352-PBVYH,Female,1,No,No,41,No,No phone service,Fiber optic,No,Yes,Yes,Yes,Yes,No,Two year,No,Bank transfer (automatic),75.26,3122.64,No
1698-LNLLU,Male,1,No,No,24,Yes,Yes,Fiber optic,No,No,No,No,Yes,Yes,One year,Yes,Credit card (automatic),75.09,1818.55,No
9405-MBVCG,Male,0,Yes,No,70,Yes,Yes,DSL,No,No,Yes,No,Yes,Yes,Month-to-month,No,Bank transfer (automatic),36.71,2561.99,Yes
7717-LWKOF,Male,0,No,Yes,48,Yes,No,No,No internet service,No internet service,No internet service,No internet service,No internet service,No internet service,Month-to-month,Yes,Bank transfer (automatic),29.26,1407.95,No
3164-YWRQR,Male,0,No,No,41,Yes,No,Fiber optic,No,Yes,Yes,No,No,No,Two year,Yes,Electronic check,87.28,3605.29,Yes
5093-XFBSS,Female,0,Yes,No,61,Yes,Yes,Fiber optic,No,No,No,Yes,Yes,No,Two year,Yes,Credit card (automatic),75.0,4697.7,No
5968-HLAHD,Male,1,Yes,Yes,56,Yes,No,Fiber optic,Yes,No,No,No,Yes,Yes,Month-to-month,Yes,Electronic check,88.44,5001.14,No
5422-RPTKM,Female,0,No,No,4,Yes,No,No,No internet service,No internet service,No internet service,No internet service,No internet service,No internet service,Month-to-month,Yes,Electronic check,18.0,105.49,Yes
1192-CHJRT,Male,1,No,No,70,Yes,Yes,DSL,Yes,No,Yes,No,No,Yes,Month-to-month,Yes,Electronic check,69.32,4889.76,No
8207-RASNN,Male,0,No,No,51,Yes,Yes,No,No internet service,No internet service,No internet service,No internet service,No internet service,No internet service,Month-to-month,Yes,Credit card (automatic),29.89,1466.54,No
1162-SGSOO,Male,0,Yes,Yes,5,Yes,No,DSL,Yes,Yes,Yes,Yes,No,No,Two year,Yes,Electronic check,57.12,308.75,Yes
7692-RNDCX,Female,0,No,No,24,Yes,No,DSL,Yes,No,No,Yes,Yes,No,One year,No,Electronic check,74.58,1755.72,No
5021-DJSCR,Female,1,Yes,Yes,2,Yes,No,No,No internet service,No internet service,No internet service,No internet service,No internet service,No internet service,Month-to-month,No,Electronic check,20.73,0.0,Yes
1457-ZKUTY,Male,0,No,No,7,Yes,Yes,DSL,Yes,No,No,No,Yes,No,Two year,Yes,Electronic check,57.33,463.81,No
5868-NVPHC,Female,0,Yes,No,29,Yes,No,Fiber optic,Yes,No,No,Yes,Yes,Yes,Month-to-month,Yes,Electronic check,88.11,2516.08,No
9820-YIUJI,Male,0,Yes,Yes,7,Yes,Yes,Fiber optic,No,No,Yes,No,Yes,Yes,One year,Yes,Credit card (automatic),101.9,628.68,No
7696-KDSMN,Male,0,No,Yes,45,Yes,Yes,Fiber optic,No,No,Yes,Yes,No,Yes,Month-to-month,No,Electronic check,71.68,3201.76,No
8949-WAPGB,Male,0,No,Yes,45,Yes,No,No,No internet service,No internet service,No internet service,No internet service,No internet service,No internet service,Two year,No,Electronic check,32.52,1384.08,No
3051-IQOEZ,Female,0,Yes,No,70,Yes,No,DSL,No,No,Yes,No,Yes,Yes,Month-to-month,Yes,Mailed check,64.26,4599.14,No
6517-JVGLT,Female,0,Yes,No,38,Yes,Yes,DSL,Yes,No,No,No,Yes,Yes,Month-to-month,Yes,Electronic check,46.42,1846.3,Yes
3507-UKSUZ,Female,0,No,Yes,66,Yes,No,DSL,Yes,No,No,Yes,Yes,No,Two year,Yes,Bank transfer (automatic),49.19,3234.38,No
8043-WKIRF,Male,0,No,No,41,No,No phone service,No,No internet service,No internet service,No internet service,No internet service,No internet service,No internet service,Month-to-month,No,Electronic check,25.51,1052.33,No
4328-OBCWR,Male,0,Yes,No,33,Yes,Yes,No,No internet service,No internet service,No internet service,No internet service,No internet service,No internet service,Month-to-month,Yes,Mailed check,18.47,602.82,No
5366-YSFDS,Female,0,No,Yes,0,Yes,Yes,DSL,No,Yes,No,No,Yes,Yes,Two year,No,Electronic check,55.26, ,No
6467-AGKOG,Male,1,Yes,No,69,Yes,No,Fiber optic,No,Yes,No,No,Yes,No,Two year,Yes,Credit card (automatic),90.9,6244.28,No
5603-AGIMK,Female,0,No,No,26,Yes,Yes,Fiber optic,No,No,Yes,No,No,No,Two year,Yes,Bank transfer (automatic),75.21,1950.45,No
8411-SKTGU,Female,0,Yes,No,35,Yes,No,No,No internet service,No internet service,No internet service,No internet service,No internet service,No internet service,Month-to-month,Yes,Bank transfer (automatic),18.0,557.23,No
3631-HGTUL,Male,0,Yes,No,20,Yes,Yes,Fiber optic,Yes,Yes,Yes,No,No,No,Month-to-month,Yes,Electronic check,78.88,1540.62,No
4020-VZYXS,Female,0,No,Yes,55,Yes,No,No,No internet service,No internet service,No internet service,No internet service,No internet service,No internet service,Month-to-month,Yes,Mailed check,18.0,1062.61,No
2111-WABLI,Female,0,Yes,Yes,42,Yes,No,DSL,No,Yes,No,Yes,Yes,No,Two year,Yes,Credit card (automatic),71.27,3084.6,No
3858-QZRMM,Male,0,No,Yes,25,No,No phone service,Fiber optic,No,Yes,No,No,Yes,No,Two year,No,Electronic check,75.18,1877.93,No
7872-SQTQN,Female,0,Yes,Yes,1,Yes,No,Fiber optic,No,No,No,No,Yes,No,Two year,No,Mailed check,61.86,80.64,No
8190-PYPQV,Female,0,Yes,No,66,Yes,No,DSL,No,No,Yes,No,Yes,No,One year,No,Bank transfer (automatic),70.22,4638.62,No
1870-BCMAG,Male,0,No,No,8,Yes,No,Fiber optic,Yes,No,No,No,No,Yes,Month-to-month,No,Credit card (automatic),70.76,482.39,Yes
8310-UXUEC,Female,0,No,No,71,Yes,Yes,No,No internet service,No internet service,No internet service,No internet service,No internet service,No internet service,Month-to-month,Yes,Electronic check,26.35,1853.08,No
2438-FIMKO,Male,1,Yes,No,3,Yes,No,Fiber optic,Yes,No,No,No,No,No,One year,No,Mailed check,89.53,226.78,No
1735-KHXVI,Female,0,No,No,30,No,No phone service,DSL,No,No,Yes,No,Yes,No,Month-to-month,Yes,Credit card (automatic),40.12,1205.59,No
1149-BUOYW,Female,0,Yes,Yes,28,Yes,Yes,Fiber optic,Yes,Yes,Yes,No,Yes,Yes,Month-to-month,Yes,Electronic check,79.13,2201.64,No
5116-ZPKGH,Female,1,No,No,2,Yes,Yes,Fiber optic,No,Yes,Yes,No,No,Yes,Month-to-month,Yes,Mailed check,82.29,80.23,Yes
2920-XWCQQ,Male,0,Yes,Yes,18,Yes,No,DSL,No,No,No,No,No,Yes,Month-to-month,No,Bank transfer (automatic),57.83,1020.87,No
4601-CYXNO,Female,0,No,Yes,54,Yes,No,DSL,No,No,No,Yes,No,No,Month-to-month,Yes,Electronic check,59.34,3102.16,No
6239-XMTDR,Male,1,Yes,No,48,Yes,Yes,DSL,Yes,Yes,No,No,No,No,Month-to-month,Yes,Bank transfer (automatic),64.49,3087.36,No
6663-XTPTU,Male,0,No,No,46,Yes,Yes,No,No internet service,No internet service,No internet service,No internet service,No internet service,No internet service,Two year,Yes,Electronic check,29.86,1353.21,No
8128-NKGXS,Male,1,No,No,48,Yes,Yes,Fiber optic,No,Yes,Yes,No,No,No,Two year,Yes,Bank transfer (automatic),97.92,4653.99,No
4605-JMLZX,Female,0,No,Yes,42,Yes,No,DSL,No,No,No,No,Yes,No,Two year,Yes,Mailed check,38.95,1640.63,No
1832-UCRNZ,Male,0,Yes,No,9,Yes,Yes,Fiber optic,No,Yes,No,Yes,No,No,Month-to-month,Yes,Bank transfer (automatic),69.92,584.48,Yes
6276-NIARO,Male,0,Yes,Yes,19,Yes,No,DSL,Yes,No,Yes,No,Yes,No,Two year,No,Credit card (automatic),67.34,1250.21,No
3760-HXOYM,Female,0,Yes,No,3,Yes,No,No,No internet service,No internet service,No internet service,No internet service,No internet service,No internet service,Two year,Yes,Electronic check,33.43,0.0,No
9792-IXTAD,Male,1,No,No,24,Yes,Yes,Fiber optic,Yes,Yes,No,No,No,No,Month-to-month,No,Bank transfer (automatic),108.56,2671.35,Yes
6765-LIUUB,Male,1,Yes,No,70,Yes,No,Fiber optic,No,No,No,No,Yes,Yes,Month-to-month,Yes,Mailed check,95.98,6747.63,No
4797-NJZRR,Male,0,No,No,19,Yes,Yes,Fiber optic,No,Yes,No,No,Yes,No,One year,No,Mailed check,74.67,1410.52,No
2824-WDBOP,Male,0,Yes,No,60,No,No phone service,DSL,No,No,No,Yes,Yes,Yes,One year,No,Electronic check,44.33,2679.78,No
6007-QMWTA,Female,0,No,No,9,No,No phone service,Fiber optic,Yes,No,Yes,No,No,Yes,Month-to-month,Yes,Mailed check,98.57,975.63,No
5214-YUQGU,Male,0,No,Yes,3,Yes,No,DSL,No,Yes,No,Yes,No,Yes,Month-to-month,Yes,Mailed check,69.82,214.77,No
6183-ZVKOC,Male,1,No,Yes,15,No,No phone service,DSL,Yes,Yes,No,Yes,No,Yes,Month-to-month,Yes,Mailed check,52.56,694.1,No
8140-WVSBY,Female,0,No,No,11,Yes,No,DSL,No,No,Yes,Yes,No,No,One year,No,Bank transfer (automatic),62.52,782.69,No
6271-XINJN,Female,0,No,No,24,Yes,No,DSL,No,No,No,Yes,No,No,Month-to-month,Yes,Mailed check,45.59,1057.82,No
4001-LVMYE,Female,1,No,No,60,Yes,Yes,Fiber optic,No,Yes,Yes,Yes,Yes,Yes,Two year,Yes,Bank transfer (automatic),86.58,5170.52,No
9421-VAKED,Female,0,No,Yes,4,Yes,No,DSL,No,No,Yes,No,No,No,Two year,Yes,Electronic check,63.15,272.31,No
3686-QTZNQ,Female,0,No,Yes,69,Yes,Yes,DSL,No,No,Yes,No,No,Yes,Month-to-month,No,Electronic check,72.1,4915.68,No
5182-LWXXF,Male,0,Yes,No,55,No,No phone service,DSL,No,Yes,Yes,No,No,No,Month-to-month,Yes,Electronic check,55.75,3118.58,No
2919-HPGWI,Female,0,Yes,No,2,Yes,No,DSL,No,No,Yes,No,No,Yes,One year,Yes,Bank transfer (automatic),38.89,77.06,Yes
5462-NWHSY,Female,0,No,No,63,Yes,No,DSL,No,Yes,No,No,Yes,No,Month-to-month,No,Electronic check,59.05,3719.69,No
5960-JPBAB,Male,0,No,Yes,63,Yes,Yes,DSL,Yes,No,Yes,Yes,Yes,Yes,Two year,No,Bank transfer (automatic),69.92,4402.41,No
9310-JCVVT,Male,0,Yes,Yes,10,Yes,Yes,No,No internet service,No internet service,No internet service,No internet service,No internet service,No internet service,Two year,No,Credit card (automatic),24.12,261.07,No
8437-FEZDE,Male,0,Yes,No,4,Yes,No,DSL,No,Yes,No,No,Yes,No,Two year,No,Electronic check,74.37,364.71,No
8248-KVMAJ,Female,0,No,No,43,Yes,No,Fiber optic,No,No,Yes,No,Yes,Yes,Month-to-month,Yes,Bank transfer (automatic),81.5,3449.11,Yes
7920-BRNXL,Female,0,Yes,Yes,1,Yes,No,No,No internet service,No internet service,No internet service,No internet service,No internet service,No internet service,One year,No,Electronic check,22.4,17.01,No
9083-WIIWP,Female,1,No,No,1,Yes,Yes,No,No internet service,No internet service,No internet service,No internet service,No internet service,No internet service,Two year,Yes,Electronic check,26.42,0.0,No
2381-ZFWHP,Male,0,No,No,3,Yes,No,Fiber optic,No,Yes,No,Yes,No,Yes,Month-to-month,No,Bank transfer (automatic),76.06,213.33,Yes
9886-DVUQZ,Male,0,Yes,Yes,0,Yes,Yes,DSL,Yes,Yes,Yes,Yes,Yes,Yes,Two year,No,Bank transfer (automatic),75.26, ,No
4476-HWWZR,Male,1,Yes,No,36,Yes,No,Fiber optic,Yes,Yes,Yes,No,No,No,Two year,Yes,Bank transfer (automatic),113.92,4081.71,No
5450-EGJES,Female,0,Yes,No,71,Yes,Yes,Fiber optic,No,No,No,No,No,No,Two year,No,Mailed check,101.73,7283.75,No
5596-BEKKP,Female,0,Yes,Yes,30,Yes,No,Fiber optic,No,Yes,No,No,Yes,No,Month-to-month,No,Electronic check,85.32,2613.66,No
1090-IBKVY,Female,1,No,No,4,Yes,No,DSL,No,No,No,Yes,No,No,Month-to-month,Yes,Credit card (automatic),48.91,120.46,Yes
6122-ICLMR,Female,0,No,Yes,31,Yes,Yes,No,No internet service,No internet service,No internet service,No internet service,No internet service,No internet service,Month-to-month,Yes,Mailed check,26.92,833.19,No
9871-BWBXS,Female,0,No,No,60,Yes,No,Fiber optic,No,No,Yes,No,No,No,Two year,Yes,Electronic check,94.95,5671.31,No
7405-ZUSCB,Female,0,Yes,No,65,Yes,No,DSL,No,No,No,No,Yes,No,Month-to-month,Yes,Bank transfer (automatic),65.05,4204.27,No
8085-MUHMK,Male,0,No,No,39,Yes,Yes,No,No internet service,No internet service,No internet service,No internet service,No internet service,No internet service,Month-to-month,Yes,Bank transfer (automatic),35.17,1411.98,No
2613-ZDTHU,Male,0,Yes,No,29,Yes,Yes,Fiber optic,No,No,No,No,Yes,No,Month-to-month,No,Bank transfer (automatic),91.53,2606.47,Yes
6808-JGYPE,Male,0,No,No,2,Yes,Yes,No,No internet service,No internet service,No internet service,No internet service,No internet service,No internet service,Month-to-month,No,Mailed check,18.46,53.2,Yes
6607-DNKAB,Male,0,Yes,No,70,No,No phone service,DSL,Yes,No,No,Yes,Yes,No,Month-to-month,Yes,Credit card (automatic),73.91,5171.07,No
1628-SEMLA,Male,0,No,No,60,No,No phone service,DSL,No,Yes,Yes,Yes,Yes,Yes,Month-to-month,No,Credit card (automatic),49.64,3006.25,No
7112-EVCBJ,Male,0,No,Yes,1,No,No phone service,DSL,Yes,Yes,Yes,Yes,No,Yes,Two year,Yes,Credit card (automatic),70.24,136.46,No
3355-JFHIU,Female,0,Yes,No,4,Yes,No,Fiber optic,No,No,No,No,Yes,No,Two year,Yes,Mailed check,69.7,353.86,No
1424-HFVQE,Male,0,No,Yes,44,Yes,Yes,No,No internet service,No internet service,No internet service,No internet service,No internet service,No internet service,One year,No,Electronic check,22.04,1001.46,No
4775-GUPHM,Female,1,Yes,No,58,Yes,No,No,No internet service,No internet service,No internet service,No internet service,No internet service,No internet service,One year,Yes,Mailed check,30.01,1801.41,No
1868-WXAWR,Female,0,Yes,No,32,Yes,Yes,Fiber optic,No,No,No,No,No,Yes,Two year,Yes,Credit card (automatic),91.35,2856.76,Yes
5573-GXMXK,Female,0,No,No,25,Yes,No,Fiber optic,No,No,Yes,No,No,No,One year,Yes,Bank transfer (automatic),112.22,2772.9,Yes
8274-NZBBG,Female,0,No,No,67,Yes,No,DSL,Yes,No,Yes,Yes,No,No,Two year,Yes,Credit card (automatic),65.44,4390.59,No
1647-SGCWT,Male,0,Yes,No,0,Yes,Yes,Fiber optic,No,No,No,No,No,No,One year,Yes,Credit card (automatic),62.66, ,No
5811-MFKMZ,Female,0,Yes,No,57,Yes,No,DSL,Yes,No,Yes,No,Yes,No,Month-to-month,No,Credit card (automatic),62.27,3510.83,No
2323-TQXJN,Male,1,Yes,No,7,Yes,Yes,Fiber optic,No,Yes,No,No,Yes,No,Month-to-month,Yes,Electronic check,77.18,556.87,Yes
4296-ULVSU,Female,0,No,No,49,Yes,No,No,No internet service,No internet service,No internet service,No internet service,No internet service,No internet service,One year,No,Electronic check,35.04,1777.71,No
7276-PZPZU,Male,0,No,Yes,1,Yes,Yes,Fiber optic,No,No,No,Yes,No,Yes,Two year,Yes,Bank transfer (automatic),90.63,118.65,No
1030-LNWZN,Male,0,Yes,No,67,Yes,Yes,Fiber optic,No,No,No,No,No,No,Two year,No,Electronic check,68.46,4564.39,No
7242-IRAZL,Female,0,Yes,Yes,11,Yes,No,DSL,No,No,No,No,Yes,No,Month-to-month,Yes,Mailed check,53.87,621.65,No
6159-CERBY,Female,0,No,Yes,25,Yes,Yes,Fiber optic,No,No,No,No,No,No,Month-to-month,Yes,Credit card (automatic),94.0,2299.5,Yes
4027-XQRNR,Male,0,No,Yes,2,No,No phone service,Fiber optic,Yes,No,No,Yes,No,No,Month-to-month,No,Bank transfer (automatic),72.4,167.84,Yes
2539-AMUAQ,Female,0,Yes,No,10,Yes,Yes,No,No internet service,No internet service,No internet service,No internet service,No internet service,No internet service,Two year,No,Electronic check,23.27,244.9,No
1420-DTXXK,Male,0,No,No,30,Yes,No,Fiber optic,Yes,Yes,No,No,Yes,No,Two year,No,Mailed check,87.27,2501.3,No
4959-JTWAI,Female,0,Yes,No,0,Yes,No,DSL,Yes,No,No,No,Yes,No,Two year,No,Credit card (automatic),66.91, ,No
4582-CCFQI,Male,0,Yes,No,24,Yes,Yes,Fiber optic,No,Yes,Yes,Yes,Yes,No,Month-to-month,No,Bank transfer (automatic),71.05,1682.76,Yes
7577-ASWFK,Male,0,No,No,57,Yes,No,DSL,No,No,No,No,Yes,Yes,Month-to-month,Yes,Mailed check,48.3,2749.22,No
1273-YQWQE,Male,0,No,Yes,8,Yes,No,DSL,No,Yes,Yes,Yes,Yes,Yes,One year,No,Electronic check,76.27,541.62,No
1461-JFDWB,Male,0,Yes,No,4,Yes,No,Fiber optic,No,No,No,Yes,Yes,Yes,Month-to-month,No,Mailed check,82.42,340.97,Yes
2262-ESVHV,Male,1,No,No,11,Yes,No,Fiber optic,No,Yes,No,Yes,No,Yes,Month-to-month,No,Bank transfer (automatic),101.67,1160.03,Yes
6659-XCCOA,Male,1,No,No,20,Yes,Yes,DSL,Yes,Yes,Yes,Yes,Yes,Yes,Two year,No,Electronic check,60.54,1200.77,No
5803-KXEWU,Male,0,No,No,7,Yes,Yes,Fiber optic,Yes,No,No,No,Yes,No,Month-to-month,No,Bank transfer (automatic),82.63,594.78,Yes
3140-KCAWZ,Male,1,No,No,9,Yes,No,DSL,Yes,Yes,No,No,No,Yes,Month-to-month,Yes,Bank transfer (automatic),49.87,441.21,No
5430-OULSN,Female,0,No,No,60,Yes,No,DSL,No,Yes,No,Yes,No,No,Two year,Yes,Credit card (automatic),68.09,4027.38,No
2099-KKBHG,Male,0,No,No,66,Yes,No,DSL,Yes,Yes,Yes,No,Yes,No,Two year,Yes,Mailed check,69.05,4585.81,No
9726-BVHOD,Female,0,Yes,No,12,Yes,No,Fiber optic,No,Yes,No,No,No,No,Month-to-month,No,Credit card (automatic),70.75,826.09,Yes
5508-ZQISB,Female,1,No,Yes,61,Yes,No,Fiber optic,No,Yes,No,Yes,Yes,No,Month-to-month,No,Bank transfer (automatic),104.69,6431.61,No
1556-SSOJQ,Male,0,Yes,Yes,4,Yes,No,Fiber optic,Yes,No,No,No,No,No,Month-to-month,Yes,Mailed check,83.06,353.3,Yes
2443-SWBAA,Female,0,No,No,4,Yes,No,No,No internet service,No internet service,No internet service,No internet service,No internet service,No internet service,Month-to-month,No,Mailed check,28.27,59.02,No
6472-RSMEM,Male,0,Yes,No,55,Yes,Yes,Fiber optic,No,Yes,No,Yes,Yes,No,Two year,No,Electronic check,105.73,5743.24,No
4242-ZGJBL,Male,0,Yes,No,51,Yes,No,Fiber optic,No,No,No,No,Yes,No,One year,No,Credit card (automatic),93.92,4813.01,No
5563-FDXIG,Female,0,No,No,1,Yes,Yes,Fiber optic,No,No,No,Yes,No,Yes,Month-to-month,No,Credit card (automatic),102.13,79.0,No
5219-ZNSSV,Female,0,Yes,No,4,Yes,No,No,No internet service,No internet service,No internet service,No internet service,No internet service,No internet service,Month-to-month,Yes,Electronic check,20.84,63.22,No
7217-EJXMB,Female,0,Yes,No,35,Yes,No,Fiber optic,No,No,No,No,Yes,No,One year,Yes,Electronic check,110.99,3893.39,Yes
7834-RCMSQ,Male,1,Yes,No,0,Yes,No,Fiber optic,No,No,No,Yes,No,Yes,Month-to-month,Yes,Electronic check,92.91, ,Yes
6783-JCFTN,Female,0,No,No,44,Yes,No,Fiber optic,Yes,No,No,Yes,No,No,Month-to-month,Yes,Electronic check,78.16,3359.11,No
9391-TSLNB,Male,0,Yes,No,47,Yes,Yes,No,No internet service,No internet service,No internet service,No internet service,No internet service,No internet service,One year,No,Credit card (automatic),30.88,1530.13,No
4392-IKIHH,Male,0,Yes,No,18,Yes,Yes,Fiber optic,No,Yes,No,No,Yes,No,Month-to-month,No,Electronic check,88.76,1612.99,Yes
2731-PJHJQ,Male,0,No,No,69,Yes,No,No,No internet service,No internet service,No internet service,No internet service,No internet service,No internet service,Month-to-month,No,Electronic check,22.69,1544.41,No
7168-DRJBH,Female,0,No,Yes,38,No,No phone service,DSL,Yes,No,Yes,No,No,No,Two year,Yes,Credit card (automatic),71.02,2591.0,No
6685-UVMQA,Male,0,No,Yes,70,Yes,Yes,Fiber optic,No,No,No,No,No,Yes,Month-to-month,No,Bank transfer (automatic),69.7,4763.05,No
2145-MPJUZ,Female,0,Yes,No,21,Yes,Yes,Fiber optic,No,No,No,No,No,No,Month-to-month,Yes,Electronic check,69.87,1421.91,No
4253-RDZMH,Female,0,No,No,33,Yes,No,Fiber optic,No,No,Yes,Yes,Yes,No,Month-to-month,Yes,Electronic check,90.65,2991.32,No
1586-KLPUJ,Female,0,No,No,4,Yes,Yes,DSL,No,Yes,No,Yes,Yes,No,Month-to-month,No,Electronic check,49.3,229.48,Yes
5247-DFYPC,Female,1,No,No,4,Yes,Yes,No,No internet service,No internet service,No internet service,No internet service,No internet service,No internet service,Two year,Yes,Electronic check,29.9,127.8,No
7244-PMOYL,Female,0,No,No,0,Yes,No,DSL,No,No,Yes,No,No,Yes,Month-to-month,No,Mailed check,39.48, ,Yes
1708-MBAGY,Male,0,Yes,No,3,No,No phone service,Fiber optic,No,Yes,Yes,No,No,Yes,One year,No,Electronic check,89.34,212.04,Yes
6044-DWZFZ,Male,0,No,Yes,10,Yes,No,Fiber optic,No,No,No,Yes,No,Yes,One year,No,Electronic check,92.11,902.15,Yes
2416-SBGOM,Female,0,No,Yes,0,Yes,Yes,Fiber optic,Yes,Yes,Yes,Yes,No,No,Month-to-month,No,Mailed check,90.14, ,Yes
7619-LGDAY,Male,1,Yes,No,54,Yes,Yes,No,No internet service,No internet service,No internet service,No internet service,No internet service,No internet service,Month-to-month,Yes,Bank transfer (automatic),28.55,1527.22,Yes
7381-SHKQO,Male,0,Yes,No,33,No,No phone service,No,No internet service,No internet service,No internet service,No internet service,No internet service,No internet service,Month-to-month,Yes,Mailed check,40.31,1335.66,Yes
4295-LWEDP,Male,0,Yes,Yes,41,Yes,No,Fiber optic,Yes,No,Yes,Yes,No,No,Two year,Yes,Bank transfer (automatic),83.52,3487.48,No
6889-LLLWK,Male,0,No,Yes,43,Yes,Yes,DSL,Yes,Yes,No,No,No,Yes,Month-to-month,No,Electronic check,41.64,1748.16,No
5042-TFFGM,Male,0,Yes,No,12,Yes,Yes,DSL,Yes,No,Yes,No,No,Yes,Two year,No,Credit card (automatic),71.27,859.66,No
1646-ECEYZ,Male,0,No,No,36,Yes,Yes,DSL,No,No,No,No,No,No,Two year,No,Electronic check,45.55,1634.14,No
1182-ZTUJH,Female,0,No,No,59,Yes,No,Fiber optic,No,No,No,No,No,No,One year,Yes,Mailed check,76.03,4465.59,No
5709-KULFX,Male,0,Yes,No,9,Yes,Yes,DSL,Yes,Yes,No,No,No,No,One year,Yes,Mailed check,49.47,526.19,No
4347-VPUYL,Female,0,Yes,Yes,55,Yes,No,Fiber optic,Yes,No,No,No,No,Yes,Month-to-month,Yes,Electronic check,96.25,5276.75,No
4443-EUMFZ,Female,0,Yes,No,67,Yes,No,Fiber optic,No,No,Yes,No,No,Yes,Two year,Yes,Mailed check,80.4,5405.2,No
8225-ZASRE,Male,0,Yes,Yes,62,Yes,No,DSL,Yes,No,No,Yes,No,No,Month-to-month,Yes,Credit card (automatic),59.61,3679.9,No
9493-PBXCK,Female,0,No,Yes,27,Yes,No,No,No internet service,No internet service,No internet service,No internet service,No internet service,No internet service,Month-to-month,Yes,Bank transfer (automatic),18.0,459.71,No
3355-IJKGS,Female,0,No,No,28,Yes,Yes,No,No internet service,No internet service,No internet service,No internet service,No internet service,No internet service,One year,Yes,Bank transfer (automatic),21.68,666.74,No
7953-CRFWN,Female,0,No,No,56,Yes,No,Fiber optic,Yes,Yes,Yes,No,No,Yes,Two year,Yes,Bank transfer (automatic),88.25,4989.25,No
7682-FJGML,Male,0,No,No,58,No,No phone service,DSL,No,Yes,No,Yes,No,No,Month-to-month,Yes,Bank transfer (automatic),51.75,2976.55,No
4123-MXMPD,Male,0,Yes,No,18,Yes,Yes,DSL,No,No,No,Yes,No,No,Two year,Yes,Credit card (automatic),70.21,1198.17,No
2700-UYKNJ,Male,0,No,No,1,Yes,Yes,DSL,No,No,Yes,No,No,Yes,Month-to-month,Yes,Electronic check,73.6,162.29,Yes
9840-SPMXT,Female,0,Yes,Yes,2,Yes,No,Fiber optic,Yes,Yes,No,No,Yes,No,Month-to-month,Yes,Bank transfer (automatic),103.67,181.11,Yes
2236-RHMDY,Female,0,No,No,64,Yes,No,Fiber optic,No,No,No,No,Yes,No,Month-to-month,Yes,Electronic check,91.65,5828.27,Yes
4119-AUNLX,Female,0,Yes,No,3,No,No phone service,No,No internet service,No internet service,No internet service,No internet service,No internet service,No internet service,Month-to-month,Yes,Bank transfer (automatic),26.15,90.21,No
2399-OWQRW,Female,0,Yes,Yes,6,Yes,Yes,Fiber optic,No,No,Yes,No,No,Yes,One year,Yes,Bank transfer (automatic),97.4,520.63,Yes
3959-DEYPK,Female,0,No,No,24,Yes,No,DSL,No,Yes,No,No,Yes,No,Month-to-month,Yes,Mailed check,57.85,1415.03,No
5640-UCSAS,Female,0,No,Yes,65,Yes,No,No,No internet service,No internet service,No internet service,No internet service,No internet service,No internet service,Month-to-month,Yes,Bank transfer (automatic),24.04,1559.3,No
1845-QQHJT,Male,0,Yes,Yes,46,Yes,Yes,No,No internet service,No internet service,No internet service,No internet service,No internet service,No internet service,One year,Yes,Mailed check,30.55,1413.32,No
5915-PHUYZ,Female,0,Yes,Yes,62,Yes,No,Fiber optic,No,Yes,No,Yes,Yes,Yes,Month-to-month,Yes,Bank transfer (automatic),102.61,6277.47,Yes
4462-PBWJG,Male,0,No,Yes,0,Yes,No,No,No internet service,No internet service,No internet service,No internet service,No internet service,No internet service,Month-to-month,Yes,Electronic check,32.37, ,Yes
8421-CARVF,Male,0,No,No,37,Yes,Yes,No,No internet service,No internet service,No internet service,No internet service,No internet service,No internet service,Month-to-month,Yes,Electronic check,21.29,740.8,Yes
6061-SCRQP,Female,0,No,No,37,Yes,No,Fiber optic,No,No,No,No,No,No,Month-to-month,No,Electronic check,92.17,3351.59,No
3246-OIPAK,Female,0,Yes,No,69,Yes,No,No,No internet service,No internet service,No internet service,No internet service,No internet service,No internet service,Month-to-month,Yes,Mailed check,38.22,2566.72,No
2314-QRAKZ,Male,0,Yes,No,44,No,No phone service,Fiber optic,Yes,Yes,No,Yes,No,No,Month-to-month,No,Electronic check,82.87,3638.49,No
9098-NNGZC,Male,0,No,No,25,Yes,No,Fiber optic,Yes,No,No,No,No,Yes,Month-to-month,Yes,Electronic check,90.43,2266.16,Yes
9808-VYJFC,Male,0,No,No,48,Yes,Yes,Fiber optic,No,No,Yes,No,Yes,Yes,Month-to-month,Yes,Credit card (automatic),90.19,4367.4,Yes
2396-WVQXP,Male,0,Yes,No,53,Yes,No,Fiber optic,No,Yes,No,Yes,No,Yes,Month-to-month,Yes,Credit card (automatic),85.99,4524.01,No
6717-RDQGV,Male,0,Yes,No,36,Yes,No,DSL,No,No,Yes,Yes,Yes,No,Month-to-month,Yes,Credit card (automatic),72.25,2654.41,No
2039-MEVHZ,Female,0,Yes,No,59,Yes,Yes,Fiber optic,No,No,No,No,No,No,Month-to-month,Yes,Electronic check,67.36,3968.13,No
6284-VFGMR,Female,0,No,No,11,Yes,Yes,Fiber optic,Yes,No,No,No,Yes,No,Month-to-month,No,Electronic check,82.92,986.11,Yes
9081-XEMIS,Male,0,Yes,Yes,9,Yes,No,Fiber optic,No,Yes,Yes,Yes,Yes,No,One year,No,Credit card (automatic),72.38,638.51,Yes
1805-XJMZO,Male,0,No,No,1,Yes,Yes,Fiber optic,No,Yes,No,No,No,Yes,One year,No,Credit card (automatic),77.3,57.98,No
6788-MZPAV,Male,0,No,Yes,50,Yes,Yes,No,No internet service,No internet service,No internet service,No internet service,No internet service,No internet service,Month-to-month,No,Electronic check,35.63,1848.31,No
3795-YQFIZ,Male,0,Yes,Yes,65,Yes,No,No,No internet service,No internet service,No internet service,No internet service,No internet service,No internet service,One year,No,Mailed check,27.87,1749.53,No
1931-BSAOD,Female,0,Yes,No,0,No,No phone service,No,No internet service,No internet service,No internet service,No internet service,No internet service,No internet service,Month-to-month,Yes,Electronic check,25.27, ,Yes
1398-NGUPG,Female,0,Yes,No,8,Yes,Yes,Fiber optic,No,No,No,Yes,Yes,No,Month-to-month,Yes,Credit card (automatic),92.9,755.28,No
3334-KTLZD,Female,0,Yes,Yes,28,Yes,No,No,No internet service,No internet service,No internet service,No internet service,No internet service,No internet service,One year,No,Credit card (automatic),19.04,536.54,No
5323-BGYNC,Male,0,No,No,5,Yes,No,DSL,Yes,Yes,Yes,Yes,No,No,Month-to-month,No,Mailed check,66.5,294.42,No
7704-WWKMB,Female,0,No,No,11,Yes,No,Fiber optic,No,No,No,No,Yes,Yes,Two year,Yes,Credit card (automatic),106.2,1138.01,Yes
6368-HAMIY,Male,0,Yes,Yes,62,Yes,Yes,DSL,No,Yes,No,Yes,No,No,Month-to-month,No,Electronic check,47.83,2958.24,No
3062-FTUZO,Male,0,No,No,11,Yes,No,DSL,Yes,No,No,Yes,Yes,No,Month-to-month,Yes,Credit card (automatic),73.11,839.69,No
7352-JPRJV,Female,0,Yes,No,61,Yes,No,Fiber optic,No,No,Yes,No,Yes,No,One year,Yes,Electronic check,86.56,5299.61,No
8846-UELIX,Female,0,No,No,40,Yes,Yes,DSL,No,No,No,No,Yes,No,Month-to-month,No,Credit card (automatic),66.63,2528.08,No
1164-SRVQL,Female,0,No,Yes,68,Yes,Yes,No,No internet service,No internet service,No internet service,No internet service,No internet service,No internet service,One year,Yes,Electronic check,30.67,2114.6,No
5141-LNBDN,Female,0,Yes,No,13,Yes,No,No,No internet service,No internet service,No internet service,No internet service,No internet service,No internet service,Month-to-month,Yes,Electronic check,24.28,321.83,No
5419-BWIRG,Female,0,No,No,0,Yes,Yes,DSL,Yes,No,Yes,Yes,No,Yes,One year,Yes,Electronic check,60.72, ,Yes
4533-DPERP,Female,0,No,Yes,2,Yes,No,DSL,Yes,No,Yes,No,No,No,Month-to-month,No,Bank transfer (automatic),54.47,71.28,No
1093-DKPGW,Male,0,Yes,No,25,Yes,No,No,No internet service,No internet service,No internet service,No internet service,No internet service,No internet service,Month-to-month,Yes,Electronic check,26.32,650.81,Yes
4784-AMMBB,Male,1,No,No,11,Yes,Yes,No,No internet service,No internet service,No internet service,No internet service,No internet service,No internet service,Month-to-month,No,Credit card (automatic),28.34,273.96,No
6351-PZRIM,Male,0,Yes,Yes,48,Yes,No,Fiber optic,No,No,No,No,No,No,Month-to-month,Yes,Mailed check,91.96,4467.24,No
5088-DMVXK,Male,1,Yes,No,61,Yes,No,Fiber optic,No,Yes,No,Yes,No,Yes,One year,No,Bank transfer (automatic),76.8,4708.73,No
4847-LHZZS,Male,1,No,No,29,Yes,No,No,No internet service,No internet service,No internet service,No internet service,No internet service,No internet service,One year,Yes,Bank transfer (automatic),23.33,628.83,Yes
8038-NYTPQ,Male,0,Yes,No,52,Yes,No,No,No internet service,No internet service,No internet service,No internet service,No internet service,No internet service,Month-to-month,Yes,Credit card (automatic),18.0,1015.73,No
8030-VXHLW,Female,0,Yes,No,7,Yes,No,DSL,Yes,No,Yes,Yes,No,Yes,One year,Yes,Credit card (automatic),54.1,327.63,No
8100-BLNPP,Female,0,Yes,Yes,8,Yes,Yes,No,No internet service,No internet service,No internet service,No internet service,No internet service,No internet service,One year,No,Bank transfer (automatic),18.0,134.16,No
6898-JTRYZ,Female,1,Yes,No,3,Yes,No,Fiber optic,Yes,Yes,Yes,No,Yes,No,Two year,Yes,Credit card (automatic),71.41,309.99,Yes
7943-ITOBH,Male,0,Yes,No,67,No,No phone service,Fiber optic,Yes,Yes,No,Yes,No,No,Month-to-month,Yes,Mailed check,85.43,5712.24,No
9431-BYILH,Female,0,Yes,Yes,33,Yes,No,Fiber optic,No,No,Yes,No,Yes,Yes,One year,No,Electronic check,80.49,2640.59,No
1272-UJISZ,Male,1,No,No,5,Yes,Yes,No,No internet service,No internet service,No internet service,No internet service,No internet service,No internet service,Two year,Yes,Electronic check,27.61,130.72,No
1322-BOMCR,Male,0,Yes,No,25,Yes,No,DSL,No,No,No,No,No,No,Month-to-month,No,Mailed check,57.84,1404.15,No
2274-BCQQA,Male,1,No,No,18,Yes,Yes,Fiber optic,No,No,Yes,No,No,No,Month-to-month,Yes,Credit card (automatic),63.8,1179.96,Yes
9680-GNTOW,Male,0,No,Yes,48,No,No phone service,DSL,No,No,Yes,Yes,No,No,One year,Yes,Mailed check,57.59,2734.73,No
5283-SOEIX,Male,0,Yes,No,14,Yes,Yes,Fiber optic,No,Yes,No,No,Yes,No,Two year,Yes,Credit card (automatic),91.39,1238.34,Yes
6500-NYRMB,Female,0,No,No,9,Yes,Yes,Fiber optic,No,No,Yes,No,Yes,No,Month-to-month,No,Bank transfer (automatic),76.3,705.73,Yes
5052-NHIID,Female,0,No,No,33,Yes,No,DSL,Yes,Yes,No,No,No,Yes,Two year,Yes,Bank transfer (automatic),45.39,1477.11,No
8764-QQZSM,Female,0,No,No,59,Yes,No,DSL,No,Yes,Yes,Yes,No,No,Month-to-month,No,Electronic check,47.32,2761.54,No
5937-UXSVG,Male,0,No,No,65,Yes,Yes,Fiber optic,No,No,No,No,No,Yes,Month-to-month,Yes,Electronic check,108.36,7001.86,No
4975-JBEAW,Female,0,Yes,No,60,Yes,Yes,DSL,Yes,Yes,No,No,No,Yes,Two year,Yes,Bank transfer (automatic),55.52,3346.5,No
9974-LBTZP,Female,0,Yes,Yes,18,Yes,No,DSL,No,Yes,Yes,No,Yes,No,Month-to-month,No,Electronic check,45.45,829.78,No
5368-QYZWT,Male,0,No,No,1,Yes,Yes,Fiber optic,No,No,Yes,Yes,No,Yes,One year,Yes,Mailed check,105.04,32.73,No
1790-OVCTL,Female,1,No,No,30,Yes,No,Fiber optic,No,Yes,No,No,Yes,Yes,Month-to-month,Yes,Credit card (automatic),71.34,2070.12,Yes
9063-DHFNU,Male,0,No,No,3,Yes,No,Fiber optic,No,Yes,No,No,No,Yes,Month-to-month,Yes,Electronic check,102.77,323.26,Yes
2794-FPOTA,Male,0,No,Yes,64,Yes,No,DSL,No,Yes,No,Yes,Yes,Yes,Month-to-month,Yes,Bank transfer (automatic),56.88,3634.38,No
3813-KQBHN,Male,0,Yes,No,26,Yes,No,Fiber optic,No,No,No,No,No,No,One year,No,Credit card (automatic),109.71,2810.27,No
2233-PDAYF,Female,0,Yes,No,24,Yes,Yes,Fiber optic,Yes,No,No,Yes,No,Yes,Two year,Yes,Credit card (automatic),80.24,2006.72,No
6051-YAGXX,Male,0,No,No,1,Yes,No,Fiber optic,No,No,No,Yes,No,No,Month-to-month,No,Credit card (automatic),75.61,51.55,Yes
1554-CHPNW,Male,0,Yes,Yes,44,Yes,No,No,No internet service,No internet service,No internet service,No internet service,No internet service,No internet service,One year,Yes,Credit card (automatic),32.96,1566.29,No
7139-CMCEF,Male,0,No,No,6,No,No phone service,No,No internet service,No internet service,No internet service,No internet service,No internet service,No internet service,Month-to-month,Yes,Mailed check,30.32,190.96,Yes
3171-JATME,Female,1,No,Yes,69,Yes,No,No,No internet service,No internet service,No internet service,No internet service,No internet service,No internet service,Two year,Yes,Mailed check,25.48,1796.66,No
9282-ELRCG,Male,0,Yes,Yes,6,Yes,No,Fiber optic,No,No,No,No,Yes,No,Month-to-month,Yes,Mailed check,76.66,490.93,Yes
9297-ENUJQ,Male,1,Yes,No,6,Yes,No,DSL,Yes,No,No,Yes,No,No,Month-to-month,Yes,Credit card (automatic),39.65,278.56,Yes
7511-OHNDX,Male,0,No,No,33,No,No phone service,DSL,No,No,No,No,Yes,Yes,Month-to-month,No,Electronic check,49.16,1584.08,Yes
4233-XJKRA,Female,1,No,No,5,Yes,No,Fiber optic,No,Yes,No,Yes,No,No,Month-to-month,Yes,Bank transfer (automatic),92.25,478.26,No
7847-SSEZX,Female,0,No,Yes,61,Yes,No,Fiber optic,No,No,No,No,No,No,Two year,Yes,Electronic check,94.32,5833.7,No
2577-BHOQV,Female,0,Yes,Yes,2,No,No phone service,Fiber optic,No,No,No,No,No,No,Month-to-month,Yes,Bank transfer (automatic),80.97,150.3,Yes
5851-BYFWF,Male,1,Yes,No,1,Yes,Yes,Fiber optic,No,Yes,Yes,Yes,Yes,No,Month-to-month,No,Credit card (automatic),97.63,133.03,Yes
7712-QVRCM,Male,1,Yes,Yes,30,Yes,No,Fiber optic,No,Yes,Yes,Yes,Yes,Yes,Two year,No,Electronic check,103.26,3130.43,No
7462-PZKWG,Female,0,Yes,No,65,Yes,No,DSL,No,No,No,Yes,Yes,Yes,Month-to-month,No,Electronic check,64.75,4274.74,No
8688-UMBUA,Male,0,Yes,Yes,13,Yes,No,No,No internet service,No internet service,No internet service,No internet service,No internet service,No internet service,One year,Yes,Electronic check,34.67,396.87,Yes
9505-WLJBZ,Female,0,No,Yes,33,Yes,No,No,No internet service,No internet service,No internet service,No internet service,No internet service,No internet service,Month-to-month,No,Mailed check,30.27,968.21,No
1089-RMQMN,Female,0,Yes,No,3,Yes,Yes,DSL,No,No,No,No,No,No,Month-to-month,No,Mailed check,76.09,221.58,No
9579-WAMKN,Male,1,No,Yes,25,Yes,Yes,Fiber optic,Yes,No,Yes,No,No,No,Month-to-month,Yes,Electronic check,72.27,1785.35,Yes
3902-ZAUYQ,Female,0,No,No,51,Yes,Yes,No,No internet service,No internet service,No internet service,No internet service,No internet service,No internet service,One year,Yes,Bank transfer (automatic),27.76,1435.2,No
3217-PGUYW,Female,0,No,No,52,Yes,No,Fiber optic,No,Yes,Yes,No,Yes,Yes,Two year,No,Bank transfer (automatic),93.52,4789.52,No
1197-KCQLB,Male,0,No,Yes,44,Yes,Yes,Fiber optic,No,No,No,No,Yes,No,One year,Yes,Credit card (automatic),96.19,4280.87,No
9381-RKQMN,Male,0,Yes,No,63,Yes,No,No,No internet service,No internet service,No internet service,No internet service,No internet service,No internet service,Month-to-month,Yes,Electronic check,28.2,1765.72,No
7421-RXFEJ,Male,0,No,No,68,Yes,No,Fiber optic,Yes,Yes,No,Yes,No,No,Two year,Yes,Bank transfer (automatic),72.19,4940.02,No
3144-SKTJB,Female,0,Yes,No,50,Yes,No,Fiber optic,No,No,Yes,No,No,No,Month-to-month,Yes,Bank transfer (automatic),80.91,4047.06,No
1007-NWWHG,Male,1,Yes,Yes,56,No,No phone service,Fiber optic,No,Yes,No,No,Yes,Yes,Month-to-month,No,Mailed check,89.85,5034.63,No
1032-IVYEF,Male,0,No,No,2,Yes,Yes,Fiber optic,Yes,No,Yes,No,Yes,No,Two year,Yes,Mailed check,66.16,140.03,No
1971-ABIQO,Female,0,Yes,No,71,Yes,Yes,No,No internet service,No internet service,No internet service,No internet service,No internet service,No internet service,Two year,Yes,Bank transfer (automatic),29.57,2099.33,No
6089-YSTQE,Male,0,Yes,Yes,65,Yes,No,DSL,Yes,No,No,Yes,Yes,No,Two year,Yes,Electronic check,71.29,4595.9,No
2317-SLOIH,Male,0,No,Yes,69,Yes,No,Fiber optic,No,No,No,No,No,No,Month-to-month,No,Credit card (automatic),112.25,7761.24,No
5734-BHWCG,Female,1,Yes,Yes,61,No,No phone service,Fiber optic,No,Yes,Yes,No,Yes,Yes,One year,Yes,Bank transfer (automatic),100.77,6052.32,No
1215-KMCXH,Male,0,Yes,Yes,12,Yes,No,DSL,Yes,No,Yes,No,No,Yes,One year,No,Bank transfer (automatic),73.07,901.92,No
5745-YUAFO,Male,0,Yes,Yes,0,Yes,No,No,No internet service,No internet service,No internet service,No internet service,No internet service,No internet service,Month-to-month,No,Electronic check,18.0, ,No
6783-KQUYP,Male,0,Yes,No,3,Yes,No,No,No internet service,No internet service,No internet service,No internet service,No internet service,No internet service,Month-to-month,Yes,Bank transfer (automatic),26.62,72.44,No
8962-CHRLM,Male,0,No,No,28,Yes,Yes,DSL,Yes,Yes,No,No,No,Yes,Two year,No,Electronic check,74.12,2025.03,No
9304-YPVTX,Male,0,No,No,50,Yes,Yes,Fiber optic,No,Yes,Yes,No,No,No,Month-to-month,Yes,Credit card (automatic),115.59,5717.61,No
1936-PXOWV,Female,0,Yes,Yes,2,Yes,Yes,DSL,No,No,No,No,No,No,Month-to-month,No,Electronic check,64.49,211.23,No
4356-CKFAM,Female,0,No,Yes,1,Yes,No,DSL,No,Yes,Yes,No,No,Yes,Two year,No,Credit card (automatic),55.34,0.0,No
1832-XMYOW,Male,0,No,No,3,Yes,Yes,DSL,No,Yes,No,No,No,Yes,One year,Yes,Credit card (automatic),42.17,13.16,No
3231-VFSNL,Female,1,No,No,36,No,No phone service,Fiber optic,No,Yes,No,No,Yes,No,Two year,No,Electronic check,108.5,3931.49,No
3935-RRHEW,Female,0,No,No,9,Yes,No,No,No internet service,No internet service,No internet service,No internet service,No internet service,No internet service,Month-to-month,Yes,Bank transfer (automatic),18.0,134.21,Yes
3638-ARFYA,Female,1,No,Yes,18,Yes,No,Fiber optic,No,No,No,No,No,Yes,Month-to-month,Yes,Credit card (automatic),113.93,2015.82,No
1075-JLLHV,Female,0,No,Yes,36,Yes,Yes,DSL,No,No,Yes,No,Yes,No,Two year,Yes,Credit card (automatic),78.92,2718.42,No
5444-ILEEV,Female,0,No,No,0,Yes,Yes,DSL,Yes,No,No,Yes,No,No,Two year,No,Electronic check,71.14, ,No
5200-KKIMC,Female,1,Yes,No,32,Yes,Yes,DSL,No,No,Yes,Yes,No,No,One year,Yes,Credit card (automatic),64.27,2114.26,No
6846-AQWZH,Male,0,Yes,Yes,40,Yes,No,DSL,No,Yes,No,No,Yes,No,Month-to-month,Yes,Electronic check,40.84,1607.65,No
6994-SMAKF,Female,0,Yes,No,1,Yes,Yes,Fiber optic,No,No,No,No,Yes,Yes,Month-to-month,Yes,Credit card (automatic),62.16,0.0,Yes
3312-FRNGE,Male,0,No,Yes,26,Yes,Yes,No,No internet service,No internet service,No internet service,No internet service,No internet service,No internet service,Month-to-month,Yes,Mailed check,18.85,527.78,No
9750-PGZZR,Male,0,Yes,No,39,Yes,Yes,No,No internet service,No internet service,No internet service,No internet service,No internet service,No internet service,One year,Yes,Bank transfer (automatic),33.33,1281.51,No
9372-IMWSQ,Female,0,No,No,4,Yes,Yes,DSL,No,Yes,No,No,No,No,Month-to-month,Yes,Electronic check,56.6,311.53,Yes
2468-XVCBF,Male,0,Yes,No,7,No,No phone service,DSL,Yes,No,Yes,No,No,Yes,Month-to-month,Yes,Bank transfer (automatic),59.02,441.06,Yes
5369-DTIUV,Male,0,No,No,10,Yes,Yes,Fiber optic,No,Yes,Yes,Yes,Yes,No,Two year,Yes,Mailed check,99.63,1030.18,No
4069-JIBAT,Male,0,Yes,No,2,Yes,Yes,Fiber optic,No,Yes,No,Yes,Yes,No,One year,No,Electronic check,95.8,174.28,Yes
1445-WECKF,Male,0,Yes,No,1,Yes,Yes,DSL,No,No,No,No,Yes,No,Month-to-month,Yes,Mailed check,66.14,61.2,No
2956-YYHGZ,Female,0,Yes,No,28,Yes,Yes,No,No internet service,No internet service,No internet service,No internet service,No internet service,No internet service,Month-to-month,Yes,Electronic check,23.18,602.86,No
5608-JZVEG,Female,1,No,No,4,Yes,No,Fiber optic,No,No,No,No,No,No,Month-to-month,Yes,Electronic check,92.08,350.14,Yes
1021-EWQWJ,Male,0,No,No,48,Yes,No,Fiber optic,No,No,Yes,No,Yes,No,Two year,Yes,Electronic check,91.54,4355.99,No
6600-LRMZL,Male,1,Yes,Yes,60,Yes,Yes,No,No internet service,No internet service,No internet service,No internet service,No internet service,No internet service,Month-to-month,No,Electronic check,19.63,1198.38,No
8624-FRPSL,Male,0,No,No,60,Yes,No,Fiber optic,No,Yes,Yes,No,Yes,Yes,Month-to-month,Yes,Bank transfer (automatic),113.99,6847.16,No
7273-LCGSK,Male,0,No,No,67,Yes,No,Fiber optic,No,Yes,No,Yes,No,No,Month-to-month,Yes,Electronic check,96.01,6378.77,No
6427-TBQDQ,Female,0,No,No,67,Yes,No,No,No internet service,No internet service,No internet service,No internet service,No internet service,No internet service,One year,Yes,Mailed check,26.88,1776.29,No
4869-HVSMI,Female,1,No,No,29,Yes,No,No,No internet service,No internet service,No internet service,No internet service,No internet service,No internet service,Two year,Yes,Electronic check,26.81,731.96,No
9830-GFVFV,Male,0,No,No,3,Yes,Yes,DSL,Yes,Yes,No,Yes,Yes,Yes,One year,Yes,Credit card (automatic),53.43,143.02,No
7324-CKNSU,Male,1,No,No,24,Yes,Yes,DSL,No,No,Yes,No,No,Yes,Two year,No,Electronic check,64.18,1510.32,No
5965-RSEZK,Female,0,No,Yes,1,Yes,No,Fiber optic,No,No,No,Yes,Yes,No,Two year,No,Electronic check,105.59,44.1,Yes
1698-WZFRK,Female,0,No,No,2,Yes,No,DSL,No,No,No,Yes,Yes,No,Two year,Yes,Electronic check,39.05,120.54,No
3209-DDZCF,Male,0,No,Yes,2,No,No phone service,Fiber optic,No,No,Yes,No,Yes,Yes,Month-to-month,Yes,Credit card (automatic),80.09,73.66,Yes
4801-YHGYJ,Male,1,Yes,No,71,No,No phone service,No,No internet service,No internet service,No internet service,No internet service,No internet service,No internet service,Month-to-month,Yes,Electronic check,26.56,1912.91,No
9489-XZUIZ,Male,0,Yes,No,20,Yes,Yes,DSL,No,No,Yes,No,No,No,Two year,No,Mailed check,46.05,982.73,No
5669-UTYRL,Female,1,No,No,68,No,No phone service,DSL,No,No,Yes,Yes,No,Yes,Month-to-month,Yes,Credit card (automatic),48.45,3324.01,No
5569-PEKLK,Male,0,No,No,71,Yes,Yes,Fiber optic,Yes,Yes,No,No,No,No,One year,No,Credit card (automatic),94.46,6759.94,No
3663-YVHRP,Male,0,No,Yes,18,Yes,No,No,No internet service,No internet service,No internet service,No internet service,No internet service,No internet service,Month-to-month,Yes,Electronic check,18.93,308.37,No
7081-KJRNF,Female,0,No,No,1,Yes,Yes,Fiber optic,No,No,No,No,No,No,Month-to-month,Yes,Electronic check,93.94,5.16,Yes
9257-LEVID,Female,0,No,Yes,40,No,No phone service,No,No internet service,No internet service,No internet service,No internet service,No internet service,No internet service,Month-to-month,No,Credit card (automatic),36.06,1522.41,No
1076-IXNYL,Male,0,Yes,Yes,22,Yes,No,Fiber optic,No,No,No,No,No,Yes,Month-to-month,Yes,Credit card (automatic),87.58,1917.15,Yes
1925-JBVGT,Male,0,No,No,0,No,No phone service,DSL,No,Yes,No,No,Yes,No,One year,No,Credit card (automatic),53.6, ,No
5388-ASIBN,Male,0,Yes,No,9,Yes,No,DSL,No,No,No,No,No,No,Month-to-month,No,Electronic check,74.83,673.77,Yes
1419-FHDGL,Female,0,No,Yes,0,Yes,No,Fiber optic,No,No,Yes,No,Yes,No,One year,Yes,Electronic check,101.03, ,Yes
4984-MPTZU,Male,0,No,No,25,Yes,Yes,DSL,No,Yes,Yes,No,No,Yes,Month-to-month,No,Bank transfer (automatic),56.18,1402.22,Yes
6259-FETKD,Female,0,Yes,Yes,5,Yes,No,DSL,No,No,Yes,No,Yes,Yes,Month-to-month,No,Bank transfer (automatic),43.13,233.8,No
8139-JUCFO,Female,0,No,No,4,Yes,No,Fiber optic,Yes,No,Yes,No,No,No,Month-to-month,No,Electronic check,81.54,298.9,No
1987-FUXXJ,Female,0,No,Yes,60,Yes,No,Fiber optic,No,Yes,Yes,No,No,No,Month-to-month,Yes,Mailed check,67.54,4095.29,No
3030-CUNWN,Female,0,Yes,Yes,40,Yes,Yes,No,No internet service,No internet service,No internet service,No internet service,No internet service,No internet service,Two year,No,Bank transfer (automatic),30.75,1159.9,No
3365-OPNVU,Male,0,No,No,5,No,No phone service,No,No internet service,No internet service,No internet service,No internet service,No internet service,No internet service,Two year,No,Bank transfer (automatic),31.86,219.2,No
1095-XFMKK,Male,0,No,No,18,Yes,No,Fiber optic,Yes,No,No,No,Yes,Yes,One year,No,Electronic check,93.54,1605.41,No
8208-ZBCWY,Female,0,No,No,3,Yes,No,DSL,No,No,Yes,No,No,No,One year,No,Electronic check,57.34,115.04,No
7766-DZSUD,Male,0,Yes,No,43,No,No phone service,Fiber optic,Yes,No,No,No,Yes,No,Two year,Yes,Electronic check,111.48,4796.43,No
2883-DQGNV,Male,0,Yes,No,2,No,No phone service,DSL,Yes,Yes,No,No,No,No,One year,No,Bank transfer (automatic),56.37,48.4,No
2814-LEQSE,Male,0,No,No,46,Yes,No,Fiber optic,Yes,No,No,No,Yes,No,Month-to-month,Yes,Bank transfer (automatic),89.02,4102.17,No
7695-MDWKX,Male,0,Yes,No,1,Yes,No,Fiber optic,No,Yes,Yes,No,No,Yes,Two year,No,Electronic check,88.47,0.0,No
7696-EWIYG,Male,0,Yes,No,27,Yes,No,Fiber optic,No,Yes,No,No,Yes,No,Month-to-month,Yes,Credit card (automatic),77.77,2116.83,No
7786-HMZBE,Female,0,No,No,10,Yes,No,DSL,Yes,No,No,No,No,No,Month-to-month,Yes,Bank transfer (automatic),64.0,609.67,Yes
5621-YVSNJ,Female,0,No,Yes,3,Yes,No,No,No internet service,No internet service,No internet service,No internet service,No internet service,No internet service,Two year,Yes,Bank transfer (automatic),25.42,92.05,No
2326-IPJZF,Female,0,No,Yes,55,Yes,No,DSL,Yes,No,Yes,No,No,No,Two year,Yes,Mailed check,72.06,4102.2,No
8867-ISNUP,Female,0,No,No,36,Yes,Yes,Fiber optic,Yes,Yes,Yes,Yes,Yes,No,Month-to-month,No,Electronic check,78.96,2830.97,Yes
8744-VKRGX,Male,1,Yes,No,64,Yes,Yes,Fiber optic,No,No,No,No,No,No,Month-to-month,No,Electronic check,101.38,6506.26,No
2844-ACGQB,Female,0,Yes,No,1,Yes,Yes,Fiber optic,No,No,Yes,No,Yes,No,Two year,No,Electronic check,81.64,172.46,No
4494-IWEPQ,Female,0,No,No,44,Yes,No,DSL,No,No,No,No,No,Yes,One year,Yes,Electronic check,62.33,2710.35,Yes
8394-CXVBO,Male,0,Yes,No,70,Yes,No,No,No internet service,No internet service,No internet service,No internet service,No internet service,No internet service,One year,Yes,Electronic check,26.57,1898.85,No
4031-STMTO,Female,0,Yes,No,1,Yes,Yes,Fiber optic,Yes,Yes,No,Yes,No,Yes,Month-to-month,Yes,Electronic check,62.28,110.24,Yes
3712-UUKGR,Male,0,No,No,8,Yes,No,Fiber optic,No,No,No,No,No,Yes,Month-to-month,Yes,Electronic check,92.53,763.24,No
2739-PJAFO,Male,0,Yes,Yes,59,Yes,No,Fiber optic,No,No,Yes,Yes,Yes,No,Month-to-month,No,Bank transfer (automatic),81.55,4734.12,No
8711-PTZQE,Male,0,No,No,40,Yes,Yes,DSL,No,Yes,Yes,No,Yes,Yes,Month-to-month,Yes,Credit card (automatic),72.2,2952.32,No
4583-YGWOX,Male,0,No,Yes,27,Yes,No,Fiber optic,Yes,No,Yes,No,Yes,No,Two year,No,Bank transfer (automatic),108.05,2940.88,No
3226-ELHHJ,Male,0,No,Yes,0,Yes,No,No,No internet service,No internet service,No internet service,No internet service,No internet service,No internet service,Month-to-month,Yes,Electronic check,23.62, ,No
7994-WIBMF,Female,0,Yes,No,67,Yes,Yes,Fiber optic,No,Yes,No,No,No,No,Month-to-month,Yes,Credit card (automatic),80.19,5376.45,No
7060-ECBNP,Female,0,Yes,Yes,31,Yes,No,Fiber optic,No,Yes,Yes,No,No,No,Two year,No,Mailed check,85.22,2650.9,No
7097-MCOGD,Male,0,No,No,64,Yes,No,Fiber optic,No,Yes,Yes,No,No,No,One year,No,Mailed check,67.71,4238.23,No
5976-TAQCX,Female,0,No,No,9,Yes,Yes,No,No internet service,No internet service,No internet service,No internet service,No internet service,No internet service,One year,No,Credit card (automatic),33.62,311.25,No
8372-JDKOW,Male,0,Yes,No,9,Yes,No,No,No internet service,No internet service,No internet service,No internet service,No internet service,No internet service,Two year,Yes,Bank transfer (automatic),29.07,301.84,No
7300-BDYEB,Female,0,Yes,Yes,61,Yes,No,No,No internet service,No internet service,No internet service,No internet service,No internet service,No internet service,Month-to-month,Yes,Mailed check,34.45,2093.0,No
6546-KCISZ,Male,0,No,No,26,Yes,No,Fiber optic,No,No,No,No,No,No,Month-to-month,No,Mailed check,67.83,1722.42,Yes
6872-KGUAY,Male,0,Yes,No,48,Yes,Yes,Fiber optic,Yes,No,Yes,No,Yes,No,Month-to-month,No,Electronic check,84.65,3995.08,No
3829-BKILF,Male,0,Yes,No,0,Yes,No,No,No internet service,No internet service,No internet service,No internet service,No internet service,No internet service,Month-to-month,No,Mailed check,21.96, ,Yes
2199-UYKOM,Female,0,Yes,No,61,Yes,Yes,Fiber optic,No,Yes,Yes,Yes,Yes,No,Month-to-month,Yes,Credit card (automatic),101.18,6200.94,No
7307-WZRWP,Female,0,Yes,No,0,Yes,Yes,No,No internet service,No internet service,No internet service,No internet service,No internet service,No internet service,Two year,No,Electronic check,24.24, ,No
2950-XSBVG,Female,0,Yes,No,54,Yes,Yes,No,No internet service,No internet service,No internet service,No internet service,No internet service,No internet service,Two year,Yes,Electronic check,31.84,1677.93,No
3423-VKFHE,Female,1,Yes,No,34,Yes,No,DSL,Yes,Yes,No,Yes,No,No,One year,Yes,Credit card (automatic),56.09,1920.95,No
1081-AOXWN,Male,0,No,No,35,Yes,No,Fiber optic,No,No,No,No,Yes,Yes,Two year,Yes,Electronic check,71.55,2512.95,No
9417-JBJNR,Male,0,No,No,1,Yes,Yes,No,No internet service,No internet service,No internet service,No internet service,No internet service,No internet service,Month-to-month,No,Mailed check,23.84,10.33,No
1052-CWHMI,Male,0,Yes,No,3,Yes,Yes,DSL,No,Yes,No,Yes,Yes,Yes,Month-to-month,Yes,Credit card (automatic),66.75,253.52,Yes
4456-WYVVN,Male,0,Yes,No,48,Yes,No,DSL,No,Yes,No,No,No,Yes,Month-to-month,No,Credit card (automatic),60.38,2924.54,No
1048-CWMJX,Male,0,No,Yes,39,Yes,No,DSL,No,No,No,No,No,Yes,Month-to-month,No,Bank transfer (automatic),55.19,2068.08,No
5071-NTPWS,Male,0,Yes,No,61,Yes,Yes,No,No internet service,No internet service,No internet service,No internet service,No internet service,No internet service,Month-to-month,Yes,Bank transfer (automatic),26.63,1581.24,No
1605-ACZVU,Male,1,Yes,No,67,Yes,No,Fiber optic,No,No,No,No,No,No,Two year,No,Credit card (automatic),82.04,5459.22,No
5036-LYDOR,Female,0,No,No,1,Yes,Yes,DSL,No,Yes,Yes,No,Yes,Yes,Month-to-month,No,Credit card (automatic),70.66,41.49,No
1529-LNMKN,Male,1,No,No,33,Yes,Yes,DSL,No,No,Yes,Yes,No,Yes,Month-to-month,No,Credit card (automatic),83.53,2794.11,No
2969-TFCNZ,Female,0,No,No,11,Yes,No,Fiber optic,No,Yes,No,No,Yes,Yes,One year,Yes,Electronic check,105.28,1212.01,No
3256-ECFPS,Female,0,Yes,No,1,Yes,No,Fiber optic,No,No,No,No,No,No,Two year,Yes,Credit card (automatic),74.19,90.57,No
6159-URRSZ,Male,0,Yes,Yes,2,Yes,Yes,DSL,Yes,No,No,Yes,No,No,Two year,Yes,Bank transfer (automatic),54.91,165.6,No
7492-KPHPP,Male,0,Yes,No,35,Yes,No,Fiber optic,Yes,No,Yes,Yes,Yes,Yes,Two year,No,Electronic check,104.45,3584.4,No
5974-UTIXW,Female,0,No,Yes,8,Yes,No,Fiber optic,No,Yes,Yes,No,No,No,Month-to-month,No,Electronic check,92.56,714.53,No
3908-DQISS,Female,0,Yes,No,40,Yes,No,Fiber optic,No,Yes,No,No,No,Yes,Two year,Yes,Electronic check,106.49,4168.04,No
2052-KHKNQ,Male,0,Yes,No,70,Yes,Yes,Fiber optic,Yes,Yes,No,No,No,No,Month-to-month,Yes,Mailed check,89.23,6279.73,No
9492-HWXHZ,Male,0,Yes,No,70,Yes,No,Fiber optic,No,Yes,No,No,Yes,Yes,Month-to-month,Yes,Electronic check,109.66,7675.59,No
8410-LNLWU,Female,0,No,No,69,Yes,No,Fiber optic,No,No,No,No,No,No,Month-to-month,Yes,Electronic check,87.02,6005.44,No
6908-QPKVV,Female,0,Yes,Yes,3,Yes,No,DSL,Yes,No,No,No,No,No,Two year,No,Credit card (automatic),76.7,205.73,No
5033-CVKRW,Male,0,Yes,Yes,59,Yes,No,Fiber optic,No,Yes,No,Yes,Yes,No,Month-to-month,No,Mailed check,84.12,4974.53,No
3757-KYPXA,Male,0,No,No,24,Yes,No,No,No internet service,No internet service,No internet service,No internet service,No internet service,No internet service,Month-to-month,Yes,Credit card (automatic),19.94,492.8,No
6901-VXBDM,Female,0,No,Yes,35,Yes,Yes,DSL,Yes,Yes,Yes,No,Yes,No,Month-to-month,Yes,Credit card (automatic),71.48,2512.79,Yes
8189-REDPW,Male,0,No,No,5,Yes,Yes,No,No internet service,No internet service,No internet service,No internet service,No internet service,No internet service,Two year,Yes,Electronic check,25.76,138.93,Yes
6531-LYOVH,Female,1,No,No,30,Yes,No,Fiber optic,No,No,No,Yes,No,No,Month-to-month,No,Credit card (automatic),116.36,3574.96,No
8502-CWGZH,Male,0,Yes,No,42,Yes,Yes,Fiber optic,No,No,No,Yes,Yes,Yes,Month-to-month,No,Electronic check,100.36,4266.5,No
8616-LSHNG,Female,0,No,No,43,Yes,Yes,DSL,Yes,No,Yes,Yes,No,Yes,Month-to-month,Yes,Mailed check,76.8,3314.17,Yes
2958-BENLM,Male,0,Yes,No,71,Yes,Yes,Fiber optic,No,Yes,No,No,No,Yes,One year,No,Bank transfer (automatic),106.0,7555.96,No
2704-DAIWP,Male,0,No,No,12,Yes,Yes,DSL,No,No,No,No,Yes,Yes,One year,No,Mailed check,50.35,625.13,No
2031-DJOLX,Female,0,Yes,No,8,Yes,Yes,Fiber optic,No,No,Yes,No,No,No,Month-to-month,No,Credit card (automatic),104.26,883.36,Yes
7965-CBMDO,Male,0,No,Yes,11,Yes,Yes,DSL,No,No,Yes,No,No,Yes,Month-to-month,No,Credit card (automatic),47.65,555.58,No
4279-PGFTF,Female,0,No,No,56,Yes,Yes,DSL,No,Yes,No,No,Yes,No,Month-to-month,Yes,Mailed check,64.69,3625.25,No
5773-SDGFB,Male,0,Yes,No,30,Yes,No,DSL,No,No,No,Yes,Yes,Yes,Month-to-month,Yes,Electronic check,48.73,1458.96,Yes
2653-EWKKY,Female,0,Yes,No,7,No,No phone service,No,No internet service,No internet service,No internet service,No internet service,No internet service,No internet service,One year,Yes,Credit card (automatic),31.42,226.81,No
1570-RQMWA,Female,0,No,No,0,Yes,No,No,No internet service,No internet service,No internet service,No internet service,No internet service,No internet service,Month-to-month,No,Mailed check,23.21, ,No
8148-GGJNB,Female,0,Yes,No,67,Yes,No,Fiber optic,No,Yes,No,Yes,Yes,Yes,Month-to-month,Yes,Electronic check,97.2,6515.6,Yes
9663-HZGMX,Male,0,No,No,69,Yes,Yes,DSL,No,Yes,Yes,No,Yes,Yes,Two year,No,Bank transfer (automatic),62.02,4218.91,No
5156-GUVJD,Female,0,Yes,No,36,Yes,Yes,No,No internet service,No internet service,No internet service,No internet service,No internet service,No internet service,Month-to-month,Yes,Credit card (automatic),33.29,1141.87,No
1816-NQFKO,Female,0,No,No,1,Yes,Yes,DSL,No,No,No,No,Yes,No,Month-to-month,No,Bank transfer (automatic),50.77,51.67,Yes
2687-FMRTJ,Female,0,No,No,57,Yes,No,DSL,No,No,No,No,No,No,Month-to-month,No,Bank transfer (automatic),53.75,3013.95,No
1977-JOXPK,Male,0,Yes,No,10,Yes,No,DSL,No,No,No,No,No,No,One year,No,Mailed check,65.32,754.6,No
8977-NTFYZ,Male,0,No,No,59,Yes,Yes,DSL,No,Yes,No,No,No,No,Month-to-month,Yes,Electronic check,61.67,3659.05,No
1308-JRLGT,Male,0,No,No,64,Yes,No,No,No internet service,No internet service,No internet service,No internet service,No internet service,No internet service,Month-to-month,Yes,Mailed check,19.63,1334.23,No
8332-MGJQB,Female,0,No,Yes,4,Yes,No,Fiber optic,No,No,Yes,No,No,No,Month-to-month,Yes,Electronic check,86.28,408.73,Yes
4766-BLZUX,Female,1,No,No,66,Yes,Yes,DSL,No,No,Yes,No,No,No,One year,No,Electronic check,48.0,3010.86,No
5400-IVBJX,Male,0,No,No,1,Yes,No,Fiber optic,No,No,No,No,No,No,Month-to-month,Yes,Bank transfer (automatic),86.03,85.07,Yes
4270-CGCKR,Female,1,Yes,No,70,Yes,Yes,Fiber optic,No,No,Yes,Yes,Yes,No,One year,Yes,Electronic check,95.42,6753.74,No
3235-TBSNP,Female,1,Yes,No,13,Yes,Yes,DSL,No,Yes,No,No,No,No,One year,No,Electronic check,54.41,718.83,No
3025-WARWO,Male,0,Yes,No,10,Yes,No,DSL,Yes,Yes,No,No,No,Yes,Two year,Yes,Mailed check,72.35,692.6,No
7907-XMNSW,Male,0,No,Yes,13,Yes,Yes,DSL,No,Yes,No,No,Yes,No,Month-to-month,No,Mailed check,67.63,809.04,No
8093-KJMVE,Female,0,No,No,11,Yes,No,Fiber optic,No,No,No,No,Yes,Yes,One year,No,Electronic check,82.97,875.33,No
8493-JULYE,Female,1,Yes,No,27,Yes,No,DSL,Yes,Yes,No,No,No,No,Two year,Yes,Electronic check,45.29,1166.31,No
1168-VKNXO,Male,0,No,No,59,Yes,Yes,Fiber optic,No,Yes,No,No,No,Yes,One year,No,Credit card (automatic),100.56,5798.56,No
8881-CZVWI,Female,0,Yes,No,69,Yes,No,DSL,Yes,No,Yes,No,No,No,Month-to-month,Yes,Electronic check,61.51,4227.62,No
6912-PFTER,Female,0,No,No,9,Yes,No,Fiber optic,No,Yes,No,Yes,No,No,Two year,No,Electronic check,99.64,905.52,Yes
3136-QPFXE,Female,1,No,No,56,Yes,No,DSL,Yes,Yes,No,No,Yes,No,Two year,Yes,Bank transfer (automatic),69.41,3924.71,No
1102-UUKKJ,Female,0,No,No,30,Yes,No,Fiber optic,Yes,Yes,Yes,No,No,Yes,One year,Yes,Electronic check,57.75,1753.92,No
7655-VWFQY,Female,0,No,No,71,Yes,Yes,Fiber optic,Yes,No,No,Yes,Yes,No,Two year,No,Bank transfer (automatic),93.41,6663.97,No
8664-QNEBK,Female,0,No,Yes,41,Yes,No,No,No internet service,No internet service,No internet service,No internet service,No internet service,No internet service,Month-to-month,Yes,Electronic check,23.38,883.52,No
6581-ZAIUL,Male,0,Yes,No,54,Yes,Yes,Fiber optic,No,Yes,No,No,No,No,Month-to-month,Yes,Electronic check,77.68,4163.69,No
6560-NLQHH,Female,1,No,No,37,Yes,No,Fiber optic,Yes,No,Yes,No,No,No,One year,Yes,Credit card (automatic),69.63,2493.9,No
5892-WSNXG,Male,0,Yes,No,0,Yes,Yes,DSL,Yes,Yes,Yes,Yes,No,No,Two year,No,Electronic check,71.72, ,No
7728-SPNON,Female,0,No,No,0,Yes,No,DSL,No,Yes,No,No,No,No,Month-to-month,Yes,Credit card (automatic),47.5, ,No
3234-AGSIE,Male,0,No,Yes,4,No,No phone service,DSL,No,Yes,Yes,No,Yes,Yes,Month-to-month,Yes,Bank transfer (automatic),70.27,291.4,Yes
5734-NCOTZ,Female,0,Yes,No,25,Yes,Yes,DSL,No,No,Yes,Yes,No,No,One year,Yes,Mailed check,55.32,1430.36,No
9109-RIVPL,Male,0,Yes,No,52,Yes,Yes,Fiber optic,No,Yes,No,Yes,No,No,Two year,No,Bank transfer (automatic),81.8,4251.27,No
1643-CYZXV,Male,0,Yes,No,11,Yes,No,No,No internet service,No internet service,No internet service,No internet service,No internet service,No internet service,Two year,Yes,Bank transfer (automatic),40.58,514.67,No
9996-OLZPF,Male,0,No,No,2,Yes,Yes,Fiber optic,No,No,No,No,Yes,No,Month-to-month,No,Electronic check,81.92,142.81,Yes
8383-ZQCPE,Female,0,Yes,No,21,Yes,Yes,No,No internet service,No internet service,No internet service,No internet service,No internet service,No internet service,Month-to-month,Yes,Bank transfer (automatic),32.54,672.2,No
5207-ASOMJ,Female,1,No,Yes,69,Yes,No,Fiber optic,No,No,No,Yes,No,No,Month-to-month,Yes,Credit card (automatic),91.64,6345.72,No
5685-BNYZI,Male,0,Yes,Yes,2,Yes,Yes,Fiber optic,No,No,Yes,No,Yes,Yes,Month-to-month,No,Electronic check,77.18,166.12,Yes
6882-HKGNN,Female,0,No,No,6,Yes,No,Fiber optic,No,No,No,No,Yes,Yes,Month-to-month,Yes,Electronic check,104.95,635.81,Yes
5057-BVJKL,Female,0,No,No,46,Yes,Yes,DSL,No,No,No,Yes,No,No,One year,Yes,Electronic check,77.58,3527.96,No
3439-FPBGR,Male,0,Yes,Yes,1,Yes,No,Fiber optic,No,No,No,No,Yes,Yes,Month-to-month,No,Credit card (automatic),80.56,58.06,Yes
2028-HDAMI,Female,1,No,Yes,40,Yes,Yes,No,No internet service,No internet service,No internet service,No internet service,No internet service,No internet service,Two year,Yes,Mailed check,34.49,1427.17,No
1045-BYHJY,Male,0,Yes,No,1,Yes,Yes,DSL,Yes,No,Yes,No,No,Yes,Month-to-month,No,Electronic check,55.47,31.64,No
7532-TUXBO,Male,0,No,Yes,42,Yes,No,Fiber optic,No,No,No,No,Yes,No,Month-to-month,Yes,Electronic check,103.78,4392.16,No
1876-KWRAQ,Female,0,Yes,No,48,Yes,Yes,DSL,No,No,Yes,No,No,No,Two year,No,Mailed check,51.46,2426.13,No
3801-UCYVZ,Male,0,No,No,14,No,No phone service,Fiber optic,No,No,No,No,No,No,Month-to-month,Yes,Bank transfer (automatic),88.4,1262.69,Yes
5139-QKHHH,Female,0,Yes,Yes,6,Yes,No,DSL,Yes,No,No,No,No,No,One year,Yes,Electronic check,44.63,304.69,Yes
5898-CVDLR,Female,0,No,Yes,55,Yes,No,Fiber optic,No,Yes,Yes,Yes,Yes,Yes,Two year,Yes,Credit card (automatic),114.05,6298.64,No
3496-ZSQKG,Female,0,Yes,No,39,No,No phone service,DSL,No,Yes,Yes,No,Yes,Yes,Month-to-month,Yes,Mailed check,58.81,2288.14,No
6190-BPUBH,Female,0,No,Yes,4,Yes,Yes,DSL,No,Yes,Yes,Yes,No,Yes,Two year,No,Electronic check,58.25,222.44,No
9271-BCOCG,Female,0,Yes,No,69,Yes,No,Fiber optic,No,Yes,No,No,Yes,Yes,One year,No,Bank transfer (automatic),101.06,7071.96,No
8556-FQCJH,Female,0,Yes,Yes,61,Yes,Yes,DSL,No,No,No,No,Yes,Yes,One year,Yes,Bank transfer (automatic),61.36,3799.85,No
5133-ALUMM,Male,0,No,No,69,Yes,Yes,Fiber optic,No,No,Yes,No,No,Yes,Month-to-month,Yes,Bank transfer (automatic),109.76,7575.96,Yes
3112-POSVA,Male,0,Yes,No,43,Yes,Yes,DSL,No,Yes,No,No,Yes,No,Month-to-month,No,Credit card (automatic),51.35,2160.24,No
4737-MHWYB,Female,0,No,No,6,Yes,Yes,No,No internet service,No internet service,No internet service,No internet service,No internet service,No internet service,Month-to-month,No,Bank transfer (automatic),19.26,168.54,No
4669-WKWLL,Male,1,No,Yes,55,Yes,Yes,Fiber optic,Yes,No,Yes,No,Yes,No,Two year,Yes,Credit card (automatic),89.0,4857.0,No
1266-OAFIJ,Male,1,Yes,No,23,No,No phone service,DSL,Yes,Yes,Yes,No,No,Yes,Month-to-month,No,Electronic check,39.17,892.39,No
6521-VAHIT,Male,0,No,No,26,No,No phone service,DSL,No,Yes,Yes,No,No,Yes,One year,Yes,Credit card (automatic),53.42,1343.94,No
2535-YFUMA,Female,0,Yes,Yes,1,Yes,No,No,No internet service,No internet service,No internet service,No internet service,No internet service,No internet service,Month-to-month,Yes,Mailed check,29.16,0.0,Yes
2022-YPITX,Male,0,No,No,34,Yes,No,DSL,Yes,No,No,No,Yes,No,Two year,No,Mailed check,55.94,1897.5,No
6184-HKNVL,Male,0,No,No,60,Yes,No,Fiber optic,No,No,Yes,No,No,No,Month-to-month,No,Credit card (automatic),83.1,5020.38,Yes
4980-WBQGU,Male,0,Yes,Yes,62,Yes,No,No,No internet service,No internet service,No internet service,No internet service,No internet service,No internet service,One year,Yes,Electronic check,18.0,1113.93,No
6828-UPOQO,Male,0,Yes,No,23,Yes,No,DSL,No,Yes,Yes,No,No,Yes,Month-to-month,Yes,Credit card (automatic),51.08,1286.01,No
1635-IUATW,Female,0,No,No,19,Yes,Yes,No,No internet service,No internet service,No internet service,No internet service,No internet service,No internet service,Month-to-month,Yes,Credit card (automatic),21.64,400.47,No
6056-HEZWK,Male,1,No,Yes,61,Yes,No,Fiber optic,No,No,No,Yes,No,No,Month-to-month,Yes,Electronic check,75.83,4660.71,Yes
6297-YCNDO,Female,0,Yes,Yes,7,Yes,No,DSL,No,No,No,No,No,Yes,Two year,Yes,Credit card (automatic),57.61,321.98,Yes
3770-MCEWP,Female,0,Yes,No,67,Yes,No,No,No internet service,No internet service,No internet service,No internet service,No internet service,No internet service,Month-to-month,Yes,Mailed check,33.84,2246.68,No
2211-FIBYJ,Male,0,Yes,No,43,No,No phone service,Fiber optic,Yes,No,No,No,No,No,One year,Yes,Electronic check,85.01,3594.86,No
7206-ZBMSC,Female,1,No,Yes,59,Yes,No,DSL,No,Yes,Yes,No,No,Yes,Two year,Yes,Bank transfer (automatic),61.78,3665.81,No
9579-SOKOG,Female,0,No,No,5,Yes,No,Fiber optic,No,Yes,No,No,No,No,Month-to-month,Yes,Credit card (automatic),74.85,390.89,No
7170-SBPBU,Female,1,Yes,No,16,Yes,Yes,Fiber optic,No,Yes,Yes,No,Yes,Yes,Two year,Yes,Mailed check,89.9,1496.69,No
9787-VMDJL,Male,1,No,Yes,0,Yes,No,Fiber optic,No,Yes,Yes,No,No,No,Month-to-month,No,Credit card (automatic),115.45, ,Yes
5570-UDQIT,Male,0,No,No,48,Yes,Yes,Fiber optic,Yes,Yes,No,Yes,Yes,No,Month-to-month,Yes,Electronic check,107.04,5171.76,Yes
9896-FFWID,Female,0,No,No,3,Yes,Yes,DSL,No,No,No,No,Yes,Yes,One year,Yes,Credit card (automatic),49.46,136.2,Yes
1856-SMZOR,Female,0,Yes,No,50,Yes,Yes,DSL,No,Yes,No,No,No,No,Month-to-month,Yes,Electronic check,63.7,3230.01,No
3354-YPGBI,Female,0,Yes,No,28,Yes,Yes,DSL,No,No,No,No,Yes,No,One year,Yes,Credit card (automatic),72.6,2051.43,Yes
9346-CNJZA,Female,0,Yes,Yes,68,Yes,Yes,No,No internet service,No internet service,No internet service,No internet service,No internet service,No internet service,Month-to-month,Yes,Bank transfer (automatic),31.72,2081.73,No
5556-TUFJY,Male,0,No,Yes,44,Yes,No,DSL,Yes,No,No,No,Yes,No,One year,No,Electronic check,67.6,3002.43,No
5956-KOGZH,Female,0,Yes,Yes,45,Yes,No,No,No internet service,No internet service,No internet service,No internet service,No internet service,No internet service,Month-to-month,No,Mailed check,26.86,1223.88,No
7985-IMHDG,Male,0,Yes,No,0,Yes,No,DSL,No,Yes,No,Yes,Yes,No,One year,No,Electronic check,71.14, ,No
2208-AMSQC,Female,0,No,No,61,Yes,No,Fiber optic,No,No,Yes,No,No,Yes,One year,Yes,Credit card (automatic),112.7,6910.66,No
8944-NXKGK,Male,0,No,Yes,28,Yes,No,Fiber optic,No,Yes,No,No,No,Yes,Month-to-month,Yes,Bank transfer (automatic),97.21,2672.68,No
7468-SUHLU,Male,0,Yes,No,58,Yes,No,DSL,Yes,Yes,Yes,Yes,No,No,Month-to-month,Yes,Electronic check,74.7,4348.58,No
6235-LOZPA,Female,0,Yes,No,1,Yes,No,DSL,No,No,Yes,No,No,No,Month-to-month,No,Bank transfer (automatic),54.57,74.2,Yes
2066-EXEGW,Female,0,Yes,No,45,Yes,No,DSL,No,Yes,No,No,Yes,No,Month-to-month,No,Electronic check,58.06,2697.33,No
2006-EEDLC,Female,0,Yes,No,6,Yes,No,Fiber optic,No,No,No,Yes,No,No,Month-to-month,No,Mailed check,74.74,417.75,Yes
3771-CDLYB,Male,0,Yes,No,36,Yes,No,Fiber optic,No,No,No,Yes,Yes,No,Two year,Yes,Electronic check,74.63,2573.96,Yes
2115-JMWGS,Male,0,Yes,No,7,Yes,Yes,DSL,Yes,No,Yes,No,No,No,Month-to-month,No,Credit card (automatic),65.74,454.66,No
2033-DDSNL,Female,0,Yes,No,30,Yes,No,DSL,Yes,Yes,Yes,No,No,No,Two year,No,Electronic check,54.76,1548.27,No
8577-XRGSU,Male,0,No,No,7,Yes,No,No,No internet service,No internet service,No internet service,No internet service,No internet service,No internet service,Month-to-month,No,Credit card (automatic),19.17,57.01,Yes
8169-VQZAY,Male,1,No,No,10,Yes,Yes,Fiber optic,Yes,Yes,Yes,No,No,Yes,Month-to-month,No,Credit card (automatic),83.1,833.54,No
1142-KPWCC,Female,0,Yes,Yes,65,Yes,No,No,No internet service,No internet service,No internet service,No internet service,No internet service,No internet service,Month-to-month,Yes,Bank transfer (automatic),30.42,2013.8,No
5846-SEGJD,Male,0,No,No,46,Yes,Yes,DSL,No,No,No,No,No,No,One year,No,Electronic check,63.4,2985.26,No
1168-AUTXK,Female,0,Yes,No,3,Yes,No,DSL,No,No,Yes,Yes,No,No,One year,Yes,Mailed check,57.34,207.18,Yes
2161-TLCVJ,Male,0,No,Yes,52,Yes,No,Fiber optic,Yes,Yes,Yes,Yes,Yes,No,Month-to-month,Yes,Credit card (automatic),100.64,5182.61,No
7162-UZZTY,Female,1,No,Yes,63,Yes,No,DSL,Yes,No,Yes,Yes,No,Yes,One year,No,Credit card (automatic),62.56,3942.48,No
1344-JVMTH,Female,1,No,No,38,Yes,No,DSL,No,Yes,Yes,No,Yes,Yes,One year,Yes,Bank transfer (automatic),56.36,2090.33,No
1369-OOCQJ,Female,0,No,Yes,16,Yes,Yes,Fiber optic,Yes,Yes,Yes,No,Yes,Yes,Two year,No,Mailed check,118.75,1885.68,No
5517-VUHSN,Female,0,Yes,No,67,Yes,No,Fiber optic,Yes,Yes,No,Yes,No,Yes,Month-to-month,Yes,Credit card (automatic),108.35,7243.66,No
8400-CKCHK,Male,0,Yes,Yes,8,Yes,No,DSL,Yes,No,Yes,Yes,No,No,One year,Yes,Mailed check,67.55,568.54,No
7947-WFFWU,Female,1,No,Yes,46,Yes,Yes,No,No internet service,No internet service,No internet service,No internet service,No internet service,No internet service,Month-to-month,Yes,Mailed check,35.22,1586.51,No
7463-AZUTQ,Female,0,Yes,No,67,Yes,No,No,No internet service,No internet service,No internet service,No internet service,No internet service,No internet service,One year,Yes,Bank transfer (automatic),26.38,1838.13,No
7650-UMRWV,Female,1,No,Yes,53,Yes,Yes,Fiber optic,Yes,No,No,Yes,No,No,One year,No,Mailed check,71.63,3800.83,No
9156-EMMEZ,Female,0,Yes,Yes,1,Yes,No,Fiber optic,No,Yes,No,No,Yes,No,Month-to-month,No,Credit card (automatic),79.9,49.45,Yes
2423-XQWNZ,Female,0,Yes,No,4,Yes,Yes,Fiber optic,No,No,No,Yes,No,Yes,Month-to-month,Yes,Bank transfer (automatic),109.65,403.93,Yes
1202-HFEZV,Female,0,No,No,45,Yes,No,DSL,Yes,Yes,Yes,No,No,Yes,Two year,Yes,Credit card (automatic),49.42,2161.16,No
9927-WTPQC,Female,0,No,No,56,Yes,Yes,Fiber optic,Yes,No,No,No,No,No,Month-to-month,No,Credit card (automatic),115.69,6451.77,No
6916-KWDSF,Male,0,No,No,44,Yes,No,DSL,No,No,No,No,No,No,One year,Yes,Electronic check,71.27,3214.74,No
9239-CLTFX,Male,0,No,Yes,41,No,No phone service,No,No internet service,No internet service,No internet service,No internet service,No internet service,No internet service,Month-to-month,Yes,Credit card (automatic),26.61,1079.13,No
1372-ANCNZ,Female,0,No,No,11,Yes,Yes,Fiber optic,No,Yes,No,No,Yes,Yes,Two year,No,Mailed check,107.3,1158.88,No
4297-ODDGA,Male,0,Yes,No,53,Yes,No,Fiber optic,No,No,No,No,Yes,No,Two year,No,Credit card (automatic),83.85,4517.64,No
2906-TWOWE,Female,0,No,Yes,5,Yes,Yes,Fiber optic,No,No,No,Yes,No,No,Month-to-month,Yes,Mailed check,93.71,400.34,No
2940-CFTSI,Female,0,Yes,Yes,0,Yes,Yes,No,No internet service,No internet service,No internet service,No internet service,No internet service,No internet service,Month-to-month,No,Bank transfer (automatic),36.23, ,No
9283-ZFYVJ,Male,0,Yes,No,0,Yes,No,DSL,No,No,No,No,Yes,Yes,Month-to-month,Yes,Bank transfer (automatic),49.64, ,No
8397-DXMBA,Female,0,No,Yes,1,Yes,Yes,Fiber optic,No,No,No,No,No,No,One year,Yes,Mailed check,69.07,68.9,No
4543-YFUFD,Female,1,Yes,Yes,5,Yes,No,No,No internet service,No internet service,No internet service,No internet service,No internet service,No internet service,Month-to-month,Yes,Mailed check,34.87,270.11,No
6489-LHMMX,Female,1,Yes,No,5,No,No phone service,Fiber optic,No,No,No,No,No,Yes,Two year,Yes,Electronic check,71.15,396.16,Yes
6874-UEAXU,Male,0,Yes,No,30,Yes,No,DSL,Yes,Yes,No,Yes,No,No,Two year,Yes,Electronic check,67.89,2033.83,No
7960-UAGFR,Female,0,No,No,64,Yes,Yes,No,No internet service,No internet service,No internet service,No internet service,No internet service,No internet service,Month-to-month,Yes,Credit card (automatic),35.9,2251.84,Yes
3341-DCMTX,Male,0,No,Yes,5,Yes,No,No,No internet service,No internet service,No internet service,No internet service,No internet service,No internet service,Month-to-month,No,Mailed check,27.09,99.02,Yes
5755-AXXNE,Female,0,Yes,No,12,Yes,Yes,DSL,No,Yes,No,No,No,Yes,Month-to-month,Yes,Credit card (automatic),61.61,767.6,No
4896-BDCSN,Male,1,No,No,5,Yes,Yes,DSL,No,Yes,Yes,No,No,No,One year,Yes,Bank transfer (automatic),55.54,253.41,No
8136-TRGPB,Female,0,Yes,No,31,Yes,No,DSL,No,Yes,No,Yes,No,No,One year,Yes,Electronic check,65.33,1996.3,No
6614-HHQUP,Female,0,No,No,8,Yes,Yes,No,No internet service,No internet service,No internet service,No internet service,No internet service,No internet service,Two year,No,Mailed check,23.86,138.47,No
4926-JOMIL,Female,0,No,No,47,No,No phone service,No,No internet service,No internet service,No internet service,No internet service,No internet service,No internet service,One year,Yes,Credit card (automatic),29.34,1415.69,No
7274-PJHTA,Male,0,Yes,Yes,6,Yes,No,Fiber optic,Yes,Yes,No,No,Yes,No,Month-to-month,No,Credit card (automatic),111.51,706.19,No
1673-INDHB,Female,1,No,No,36,Yes,No,No,No internet service,No internet service,No internet service,No internet service,No internet service,No internet service,Two year,Yes,Mailed check,22.81,821.85,No
2292-OZHGY,Female,0,No,No,30,Yes,Yes,DSL,Yes,No,No,No,Yes,No,Two year,Yes,Credit card (automatic),40.62,1193.04,No
6775-IJOGW,Male,1,Yes,No,14,Yes,No,Fiber optic,No,No,Yes,No,No,No,Month-to-month,Yes,Credit card (automatic),102.78,1442.02,Yes
7488-YQCQH,Female,0,Yes,No,51,Yes,No,DSL,Yes,Yes,Yes,Yes,No,Yes,One year,Yes,Mailed check,72.95,3711.74,No
5885-RQGEQ,Female,0,No,No,65,Yes,No,No,No internet service,No internet service,No internet service,No internet service,No internet service,No internet service,One year,Yes,Credit card (automatic),36.24,2333.41,No
3565-CNLPQ,Female,1,Yes,No,2,Yes,No,DSL,No,No,No,No,Yes,No,Month-to-month,Yes,Electronic check,50.39,50.93,Yes
6935-BLKAJ,Female,0,Yes,Yes,63,Yes,Yes,No,No internet service,No internet service,No internet service,No internet service,No internet service,No internet service,Two year,Yes,Electronic check,19.73,1229.68,No
9656-BUTCR,Female,0,No,No,6,Yes,No,Fiber optic,Yes,No,No,Yes,Yes,No,Month-to-month,No,Bank transfer (automatic),86.37,537.13,Yes
5699-PIPMM,Female,0,Yes,No,29,Yes,Yes,No,No internet service,No internet service,No internet service,No internet service,No internet service,No internet service,One year,Yes,Bank transfer (automatic),31.33,774.03,No
5621-OBRSC,Female,1,Yes,No,0,Yes,Yes,Fiber optic,No,No,No,Yes,Yes,Yes,Month-to-month,No,Bank transfer (automatic),84.49, ,No
4190-VAOJL,Male,0,Yes,Yes,50,Yes,Yes,Fiber optic,No,No,Yes,Yes,Yes,No,Month-to-month,No,Mailed check,111.12,5583.55,No
3007-HQNUV,Female,0,Yes,No,29,Yes,No,DSL,Yes,No,Yes,No,No,No,Month-to-month,Yes,Electronic check,60.22,1720.4,No
2846-JRQPT,Female,0,No,No,53,Yes,Yes,DSL,Yes,Yes,No,No,Yes,No,Month-to-month,No,Bank transfer (automatic),60.06,3078.0,No
7906-TRYNP,Female,0,No,No,2,Yes,Yes,Fiber optic,No,No,Yes,No,Yes,Yes,Month-to-month,Yes,Electronic check,60.86,65.76,Yes
1694-QPAJZ,Female,0,Yes,No,5,Yes,No,DSL,No,No,No,No,No,Yes,Two year,Yes,Credit card (automatic),77.27,340.39,No
3432-COBCS,Male,0,No,No,71,Yes,No,Fiber optic,No,No,No,No,No,No,One year,No,Credit card (automatic),76.47,5464.61,No
7090-WIMCS,Male,0,Yes,Yes,51,Yes,No,DSL,No,Yes,Yes,No,Yes,No,Month-to-month,No,Mailed check,60.92,3085.51,No
8446-ZBOFO,Female,0,Yes,No,40,Yes,No,Fiber optic,No,Yes,No,No,No,Yes,Two year,No,Credit card (automatic),104.72,4220.2,No
3398-LMKEM,Male,0,No,No,29,Yes,No,DSL,No,No,Yes,No,Yes,Yes,Month-to-month,Yes,Bank transfer (automatic),53.68,1529.67,No
1440-XHPCZ,Male,1,Yes,No,68,Yes,Yes,DSL,No,No,Yes,Yes,Yes,No,Month-to-month,Yes,Credit card (automatic),52.85,3556.55,No
1698-PWZYR,Male,0,No,No,69,Yes,Yes,DSL,Yes,No,No,Yes,No,Yes,One year,Yes,Mailed check,51.48,3616.72,No
8211-EJVZS,Female,0,Yes,No,37,Yes,No,DSL,Yes,No,Yes,No,Yes,Yes,Month-to-month,No,Electronic check,74.71,2761.39,No
4588-ZEHMO,Male,0,No,No,17,Yes,No,Fiber optic,No,No,Yes,No,Yes,No,Month-to-month,Yes,Bank transfer (automatic),73.03,1162.84,Yes
3459-MMJEU,Male,0,No,Yes,55,No,No phone service,DSL,Yes,Yes,Yes,Yes,Yes,No,Month-to-month,No,Bank transfer (automatic),43.54,2474.2,No
6116-INMMP,Male,0,Yes,No,3,Yes,Yes,Fiber optic,No,Yes,No,No,No,No,Two year,No,Credit card (automatic),83.93,279.75,No
1427-GRNMA,Male,0,No,No,50,Yes,No,Fiber optic,No,No,Yes,Yes,No,Yes,One year,No,Mailed check,68.29,3413.67,No
1577-RLVAU,Male,0,Yes,No,10,Yes,No,DSL,Yes,No,No,No,No,No,Two year,No,Bank transfer (automatic),72.9,722.64,No
8586-AAIAN,Female,0,Yes,Yes,35,Yes,No,Fiber optic,Yes,Yes,No,Yes,Yes,No,Month-to-month,Yes,Bank transfer (automatic),108.48,3785.12,Yes
4687-SKRPW,Female,0,Yes,No,53,Yes,No,DSL,No,Yes,No,Yes,No,No,One year,No,Credit card (automatic),67.47,3519.18,No
1442-OAEAS,Male,0,No,Yes,39,Yes,No,DSL,Yes,Yes,Yes,No,Yes,No,Month-to-month,Yes,Electronic check,52.5,2032.16,No
4072-BTZKT,Female,0,No,No,6,Yes,No,Fiber optic,No,No,No,No,No,Yes,One year,Yes,Electronic check,74.6,474.38,No
4351-IYYJX,Male,0,No,No,37,Yes,Yes,Fiber optic,No,Yes,Yes,Yes,Yes,Yes,One year,No,Electronic check,90.6,3226.81,No
5923-ANOVM,Male,0,No,No,0,Yes,No,No,No internet service,No internet service,No internet service,No internet service,No internet service,No internet service,Two year,No,Electronic check,20.21, ,No
2953-IHNFS,Female,0,Yes,Yes,3,Yes,No,No,No internet service,No internet service,No internet service,No internet service,No internet service,No internet service,One year,No,Bank transfer (automatic),44.37,59.68,No
5644-RXOXD,Female,0,No,No,47,Yes,No,DSL,No,No,Yes,No,Yes,Yes,Two year,Yes,Credit card (automatic),59.77,2788.27,No
8196-GVMJW,Female,0,No,No,9,Yes,No,No,No internet service,No internet service,No internet service,No internet service,No internet service,No internet service,Month-to-month,No,Electronic check,18.0,126.96,No
9257-UIMDJ,Male,0,No,No,4,Yes,Yes,DSL,No,Yes,Yes,Yes,No,No,Month-to-month,No,Electronic check,70.75,304.15,No
7496-GBYRS,Male,1,No,No,65,Yes,No,Fiber optic,Yes,No,No,No,Yes,No,Month-to-month,No,Electronic check,68.53,4394.22,No
3149-VPLRX,Male,0,No,Yes,57,Yes,No,Fiber optic,No,No,No,Yes,Yes,Yes,One year,No,Electronic check,100.71,5736.47,Yes
4620-KHYHX,Male,0,Yes,Yes,17,Yes,No,Fiber optic,No,Yes,Yes,No,No,No,One year,Yes,Bank transfer (automatic),65.29,1081.86,No
3271-ABYOC,Female,0,No,Yes,30,Yes,No,No,No internet service,No internet service,No internet service,No internet service,No internet service,No internet service,Two year,Yes,Electronic check,40.61,1195.0,No
5415-RMJXZ,Male,0,No,No,52,Yes,No,No,No internet service,No internet service,No internet service,No internet service,No internet service,No internet service,One year,Yes,Electronic check,29.18,1565.49,No
2740-BCRVN,Female,0,No,Yes,1,Yes,Yes,Fiber optic,No,No,No,No,Yes,No,Month-to-month,No,Credit card (automatic),80.95,121.48,No
6954-BDDRJ,Female,0,Yes,No,30,Yes,Yes,No,No internet service,No internet service,No internet service,No internet service,No internet service,No internet service,Month-to-month,Yes,Credit card (automatic),24.49,788.13,No
1337-GUFVA,Female,0,Yes,No,48,Yes,No,No,No internet service,No internet service,No internet service,No internet service,No internet service,No internet service,Month-to-month,Yes,Bank transfer (automatic),21.51,1008.94,No
2966-UJMFS,Male,0,No,No,4,Yes,No,Fiber optic,No,No,No,Yes,Yes,No,Month-to-month,Yes,Credit card (automatic),100.6,486.04,Yes
5802-XPFTK,Female,0,No,No,8,Yes,No,Fiber optic,No,No,No,Yes,Yes,No,Month-to-month,No,Credit card (automatic),102.41,897.64,Yes
2167-PLUTI,Male,0,No,No,20,Yes,No,Fiber optic,No,No,Yes,No,No,Yes,Two year,Yes,Electronic check,66.07,1258.56,No
9731-PPSXW,Female,0,No,No,41,Yes,Yes,Fiber optic,Yes,No,No,No,Yes,Yes,Two year,Yes,Bank transfer (automatic),104.47,4206.66,No
2586-XNNLY,Male,1,No,No,54,Yes,No,DSL,Yes,Yes,Yes,No,No,Yes,Month-to-month,No,Electronic check,73.83,4060.47,No
2631-FVWEW,Female,0,No,No,1,Yes,No,DSL,Yes,Yes,No,No,No,No,Two year,Yes,Bank transfer (automatic),68.76,40.81,No
4945-UQSAK,Female,0,Yes,Yes,1,Yes,No,Fiber optic,No,Yes,Yes,No,No,No,One year,Yes,Bank transfer (automatic),94.93,76.31,Yes
5400-WEASW,Female,1,Yes,No,55,Yes,No,No,No internet service,No internet service,No internet service,No internet service,No internet service,No internet service,Month-to-month,No,Electronic check,25.54,1387.92,No
7572-UBAGU,Female,0,No,No,12,No,No phone service,DSL,No,Yes,Yes,Yes,No,No,One year,No,Credit card (automatic),53.86,656.96,Yes
3750-NQYCZ,Male,0,Yes,No,4,Yes,Yes,DSL,No,Yes,Yes,No,Yes,Yes,Month-to-month,Yes,Electronic check,57.12,307.22,Yes
1816-DPNAP,Female,0,Yes,Yes,62,No,No phone service,Fiber optic,No,No,Yes,No,No,Yes,Month-to-month,Yes,Electronic check,78.86,4859.69,Yes
5915-QBSJU,Male,0,No,Yes,13,Yes,Yes,DSL,Yes,Yes,Yes,No,Yes,No,Month-to-month,No,Bank transfer (automatic),67.58,857.69,No
9653-SWZIA,Female,1,Yes,Yes,42,Yes,No,No,No internet service,No internet service,No internet service,No internet service,No internet service,No internet service,Month-to-month,Yes,Mailed check,24.6,1023.41,No
7774-RNSCU,Female,1,No,No,6,Yes,No,Fiber optic,No,No,No,Yes,Yes,No,Month-to-month,No,Credit card (automatic),93.71,596.91,Yes
9470-YVKII,Female,0,Yes,Yes,9,Yes,Yes,Fiber optic,No,Yes,No,No,No,Yes,Month-to-month,No,Credit card (automatic),103.58,932.05,Yes
5455-YLOFD,Male,0,No,No,1,Yes,No,No,No internet service,No internet service,No internet service,No internet service,No internet service,No internet service,Month-to-month,Yes,Mailed check,18.0,21.01,No
4455-FONRW,Female,0,Yes,No,31,Yes,Yes,No,No internet service,No internet service,No internet service,No internet service,No internet service,No internet service,Month-to-month,Yes,Credit card (automatic),22.27,660.88,No
9765-KDYQZ,Male,1,No,Yes,51,Yes,No,No,No internet service,No internet service,No internet service,No internet service,No internet service,No internet service,Two year,No,Credit card (automatic),29.91,1527.79,No
9788-AKWDV,Female,0,No,No,21,Yes,No,No,No internet service,No internet service,No internet service,No internet service,No internet service,No internet service,One year,Yes,Bank transfer (automatic),30.73,607.18,No
6328-CQMJG,Male,0,Yes,Yes,27,Yes,Yes,Fiber optic,No,No,No,No,No,Yes,Two year,Yes,Electronic check,78.54,2161.14,No
1287-VIXBO,Male,0,Yes,No,49,No,No phone service,Fiber optic,Yes,No,No,No,Yes,Yes,One year,No,Credit card (automatic),101.16,4883.36,No
4820-FLGRS,Male,0,Yes,Yes,68,Yes,Yes,Fiber optic,Yes,No,Yes,No,No,No,Two year,No,Bank transfer (automatic),93.56,6435.61,No
5362-PJSTA,Male,0,Yes,No,70,Yes,Yes,Fiber optic,No,No,Yes,Yes,Yes,No,One year,Yes,Mailed check,93.36,6538.39,No
6364-TGWEP,Male,1,Yes,No,41,Yes,No,Fiber optic,No,No,No,No,No,No,Month-to-month,Yes,Electronic check,101.58,4145.68,No
9854-VJPQJ,Female,0,Yes,Yes,7,Yes,Yes,No,No internet service,No internet service,No internet service,No internet service,No internet service,No internet service,Two year,No,Mailed check,18.0,209.76,No
4165-WZBGB,Male,0,No,Yes,44,Yes,Yes,DSL,No,No,Yes,No,No,No,Two year,Yes,Electronic check,47.26,2045.81,No
5129-YTGEN,Female,0,Yes,No,39,Yes,No,No,No internet service,No internet service,No internet service,No internet service,No internet service,No internet service,Month-to-month,No,Electronic check,19.74,800.49,No
9713-TMYRC,Male,1,Yes,No,47,Yes,Yes,Fiber optic,Yes,No,No,Yes,No,Yes,Two year,No,Mailed check,100.35,4627.36,No
5054-JIIOO,Female,0,Yes,Yes,53,Yes,Yes,DSL,Yes,No,No,No,No,Yes,Month-to-month,No,Electronic check,52.45,2756.75,No
7220-ESITI,Female,0,Yes,No,61,Yes,Yes,Fiber optic,No,No,No,No,No,Yes,Month-to-month,No,Bank transfer (automatic),72.57,4375.98,No
2884-HWATY,Male,0,No,No,54,Yes,No,Fiber optic,No,No,No,No,Yes,Yes,Month-to-month,No,Bank transfer (automatic),109.95,5912.98,No
5101-NGLHM,Female,0,No,No,66,Yes,No,Fiber optic,No,No,No,Yes,No,No,Two year,No,Electronic check,108.51,7221.84,No
1380-SUAOQ,Female,0,No,No,59,No,No phone service,DSL,Yes,Yes,No,No,Yes,No,Two year,Yes,Mailed check,69.95,4119.0,No
2176-MAAER,Female,1,Yes,No,49,Yes,Yes,DSL,Yes,No,No,Yes,Yes,Yes,Month-to-month,Yes,Mailed check,69.52,3453.6,No
1207-EMRLL,Male,0,Yes,No,30,Yes,Yes,Fiber optic,Yes,No,Yes,Yes,Yes,No,One year,Yes,Electronic check,99.25,3037.69,No
6744-RYBHB,Male,0,Yes,No,4,Yes,No,DSL,Yes,No,No,Yes,No,No,One year,No,Credit card (automatic),60.92,242.73,No
9267-TZAAK,Female,0,No,No,58,Yes,No,DSL,Yes,No,No,No,No,No,Month-to-month,Yes,Credit card (automatic),47.15,2888.18,No
4367-KKNIX,Male,1,Yes,No,40,Yes,Yes,No,No internet service,No internet service,No internet service,No internet service,No internet service,No internet service,Month-to-month,Yes,Electronic check,26.36,1036.4,No
3070-ONFLK,Female,0,No,Yes,15,Yes,No,Fiber optic,No,Yes,No,No,Yes,No,One year,No,Mailed check,94.7,1474.21,No
9686-IREGY,Male,0,No,No,55,Yes,Yes,No,No internet service,No internet service,No internet service,No internet service,No internet service,No internet service,Two year,Yes,Credit card (automatic),18.15,1040.77,No
7540-RCTMN,Female,0,No,Yes,7,No,No phone service,Fiber optic,No,Yes,No,No,Yes,No,Month-to-month,Yes,Bank transfer (automatic),112.44,807.57,Yes
2027-WQXLA,Male,1,No,Yes,4,No,No phone service,Fiber optic,No,Yes,No,No,No,No,Month-to-month,Yes,Mailed check,89.12,370.49,Yes
2040-OSABN,Male,1,No,No,35,Yes,No,No,No internet service,No internet service,No internet service,No internet service,No internet service,No internet service,One year,No,Mailed check,21.59,688.27,No
9179-SBPOY,Female,0,Yes,No,0,Yes,No,Fiber optic,No,Yes,No,No,No,No,One year,Yes,Electronic check,95.58, ,Yes
9679-SHJJP,Female,0,Yes,Yes,39,Yes,Yes,Fiber optic,No,No,No,No,No,No,Two year,Yes,Electronic check,74.44,2803.19,No
5336-RSAFN,Female,0,No,Yes,47,Yes,Yes,DSL,No,No,Yes,Yes,No,Yes,Month-to-month,Yes,Mailed check,60.15,2787.45,No
6521-SLNZJ,Female,0,No,No,4,Yes,Yes,DSL,No,No,No,Yes,No,No,Month-to-month,Yes,Electronic check,70.86,252.59,Yes
8131-HOUZM,Male,0,Yes,No,8,Yes,Yes,DSL,Yes,No,Yes,No,Yes,No,Month-to-month,Yes,Credit card (automatic),54.79,509.64,No
1541-SFAZK,Male,1,Yes,No,12,No,No phone service,DSL,No,Yes,Yes,Yes,Yes,Yes,Month-to-month,Yes,Electronic check,58.7,764.51,Yes
8562-CSDUJ,Male,0,Yes,No,28,Yes,Yes,No,No internet service,No internet service,No internet service,No internet service,No internet service,No internet service,Month-to-month,Yes,Credit card (automatic),40.06,1108.73,No
3884-LCPVO,Male,0,No,No,28,Yes,No,No,No internet service,No internet service,No internet service,No internet service,No internet service,No internet service,Month-to-month,Yes,Electronic check,18.0,476.93,No
1828-DZMEG,Male,0,Yes,Yes,46,Yes,No,DSL,No,Yes,Yes,Yes,Yes,No,One year,Yes,Bank transfer (automatic),51.25,2522.22,No
4871-GTBOL,Female,0,Yes,No,12,No,No phone service,DSL,Yes,No,Yes,Yes,Yes,No,Month-to-month,No,Mailed check,59.06,739.86,No
4626-MATNX,Male,0,Yes,No,44,No,No phone service,Fiber optic,Yes,No,No,No,No,Yes,One year,Yes,Credit card (automatic),72.99,3190.31,No
7351-JZTOK,Male,0,No,No,57,Yes,No,DSL,No,Yes,Yes,No,Yes,No,Month-to-month,Yes,Mailed check,42.46,2390.28,No
9120-VIPGN,Male,0,No,No,66,Yes,No,Fiber optic,No,Yes,No,No,No,No,Month-to-month,Yes,Credit card (automatic),91.32,5966.71,Yes
9399-VPYQJ,Male,0,No,Yes,35,No,No phone service,DSL,Yes,Yes,No,No,Yes,No,Two year,Yes,Credit card (automatic),47.86,1620.1,No
6688-QQBHF,Male,0,No,No,9,Yes,Yes,Fiber optic,No,No,Yes,No,No,No,One year,Yes,Mailed check,90.18,766.32,No
6836-AIHTX,Female,0,Yes,Yes,0,Yes,Yes,No,No internet service,No internet service,No internet service,No internet service,No internet service,No internet service,One year,No,Mailed check,23.23, ,No
9262-UBDHF,Male,0,No,No,54,Yes,No,Fiber optic,No,Yes,No,No,No,No,Two year,Yes,Electronic check,84.74,4644.25,No
5930-YRFJT,Female,0,No,Yes,8,Yes,No,No,No internet service,No internet service,No internet service,No internet service,No internet service,No internet service,Two year,Yes,Electronic check,18.1,186.66,No
2355-FSHKC,Female,0,Yes,No,47,Yes,Yes,Fiber optic,No,Yes,Yes,Yes,No,Yes,Two year,No,Bank transfer (automatic),71.52,3298.75,No
2847-GMKJQ,Female,0,No,No,1,Yes,No,Fiber optic,No,No,No,Yes,Yes,No,Month-to-month,No,Mailed check,94.03,104.41,No
3699-VALQD,Female,0,No,Yes,70,Yes,No,Fiber optic,No,Yes,No,No,No,No,Month-to-month,No,Mailed check,81.64,5723.92,Yes
9641-FREZY,Male,0,Yes,No,69,Yes,Yes,Fiber optic,No,No,No,Yes,No,Yes,Month-to-month,Yes,Credit card (automatic),98.46,6788.31,No
3856-VOOPI,Male,0,Yes,Yes,40,Yes,Yes,No,No internet service,No internet service,No internet service,No internet service,No internet service,No internet service,Month-to-month,No,Credit card (automatic),20.8,799.83,No
1443-AGZFW,Male,0,No,No,34,Yes,No,DSL,Yes,Yes,No,No,No,Yes,Month-to-month,No,Mailed check,43.81,1395.12,No
7965-ZXFGC,Female,1,Yes,No,6,Yes,Yes,Fiber optic,No,Yes,No,No,No,No,Month-to-month,No,Bank transfer (automatic),86.47,514.44,Yes
4040-EQPMM,Female,0,No,Yes,48,Yes,Yes,Fiber optic,No,No,No,No,Yes,No,One year,Yes,Mailed check,86.77,4174.75,No
2471-GTHFL,Male,0,Yes,Yes,68,Yes,No,Fiber optic,Yes,No,No,Yes,No,No,Month-to-month,No,Electronic check,92.44,6228.92,No
8113-DIGOU,Male,0,No,Yes,15,Yes,No,Fiber optic,No,No,No,No,Yes,Yes,Month-to-month,Yes,Electronic check,78.93,1113.45,Yes
8359-GVXVA,Female,0,No,No,1,Yes,Yes,DSL,Yes,No,Yes,No,Yes,Yes,Month-to-month,No,Mailed check,51.95,0.13,Yes
2422-XGQAP,Female,0,No,No,2,Yes,Yes,DSL,No,Yes,No,No,Yes,No,Two year,Yes,Credit card (automatic),67.85,252.27,No
6137-INDKY,Female,0,Yes,Yes,1,Yes,No,Fiber optic,No,Yes,No,Yes,Yes,No,One year,Yes,Credit card (automatic),92.94,135.77,Yes
3936-FANSJ,Female,0,No,Yes,53,Yes,No,Fiber optic,Yes,Yes,No,Yes,Yes,Yes,One year,No,Mailed check,87.25,4646.2,No
6361-GOSBO,Female,0,No,No,24,Yes,No,Fiber optic,Yes,No,No,No,Yes,No,One year,Yes,Electronic check,84.93,2090.44,Yes
8066-ANGMI,Female,0,No,Yes,6,Yes,No,No,No internet service,No internet service,No internet service,No internet service,No internet service,No internet service,Two year,No,Electronic check,25.76,249.65,No
2749-TEUEF,Male,0,No,No,48,Yes,No,DSL,Yes,Yes,Yes,Yes,No,Yes,Month-to-month,Yes,Bank transfer (automatic),43.95,2093.31,No
7822-GXJTQ,Male,0,No,No,29,Yes,Yes,Fiber optic,No,No,No,Yes,Yes,No,Month-to-month,No,Credit card (automatic),82.0,2417.13,No
9737-NEMHF,Female,1,No,Yes,10,Yes,No,Fiber optic,No,Yes,No,No,No,No,Month-to-month,Yes,Electronic check,105.26,1067.46,No
4652-ULYRI,Female,0,Yes,No,39,Yes,No,No,No internet service,No internet service,No internet service,No internet service,No internet service,No internet service,Month-to-month,Yes,Electronic check,31.53,1210.89,No
2384-EAOQL,Male,0,Yes,Yes,62,No,No phone service,Fiber optic,No,No,No,No,Yes,Yes,Month-to-month,No,Mailed check,85.4,5330.29,No
6744-OJVGR,Female,0,No,No,24,No,No phone service,No,No internet service,No internet service,No internet service,No internet service,No internet service,No internet service,One year,No,Electronic check,18.0,393.96,No
9713-NJPHM,Male,0,Yes,No,68,Yes,No,Fiber optic,No,No,No,No,Yes,No,Month-to-month,Yes,Bank transfer (automatic),82.77,5647.73,No
1507-OBITW,Female,0,No,Yes,4,No,No phone service,Fiber optic,No,No,No,No,Yes,No,Month-to-month,Yes,Electronic check,106.65,419.1,Yes
1662-QCBYW,Male,0,Yes,No,59,Yes,No,No,No internet service,No internet service,No internet service,No internet service,No internet service,No internet service,Month-to-month,Yes,Mailed check,18.0,980.0,No
6200-HNNGK,Female,0,Yes,No,39,Yes,Yes,DSL,No,Yes,Yes,No,No,No,Month-to-month,No,Bank transfer (automatic),53.38,2093.73,No
4782-URBNV,Female,0,No,No,16,Yes,No,No,No internet service,No internet service,No internet service,No internet service,No internet service,No internet service,Two year,No,Electronic check,31.68,497.75,No
1800-BQCYK,Male,1,Yes,Yes,60,Yes,Yes,Fiber optic,No,Yes,No,No,Yes,Yes,Month-to-month,Yes,Electronic check,116.68,6960.02,Yes
8558-OANDJ,Male,0,No,No,3,Yes,Yes,No,No internet service,No internet service,No internet service,No internet service,No internet service,No internet service,Two year,Yes,Electronic check,28.35,67.44,No
8850-YXLAJ,Female,0,No,Yes,57,Yes,No,DSL,No,No,No,No,Yes,No,Month-to-month,No,Credit card (automatic),52.88,3046.24,No
4180-BKYUQ,Male,0,Yes,Yes,25,Yes,No,DSL,No,No,Yes,No,Yes,No,Two year,Yes,Credit card (automatic),48.23,1188.78,No
2220-CUYUF,Male,1,Yes,Yes,14,Yes,Yes,DSL,No,Yes,No,No,No,No,Month-to-month,No,Credit card (automatic),58.13,837.72,Yes
9661-BZRNP,Female,0,Yes,No,28,Yes,No,DSL,No,Yes,No,No,Yes,Yes,Month-to-month,Yes,Bank transfer (automatic),75.79,2073.27,No
2904-XNYLZ,Male,1,No,Yes,26,Yes,Yes,DSL,Yes,Yes,No,Yes,No,No,One year,Yes,Mailed check,55.96,1456.51,Yes
1822-OKDEO,Male,1,Yes,Yes,10,Yes,Yes,DSL,Yes,Yes,No,Yes,Yes,No,One year,Yes,Bank transfer (automatic),50.47,567.82,No
2286-CFTHS,Male,0,No,No,50,Yes,No,DSL,Yes,No,Yes,Yes,No,No,Two year,No,Mailed check,74.93,3699.82,No
9152-ZJVDE,Female,0,No,No,8,Yes,Yes,DSL,Yes,Yes,No,Yes,No,No,Month-to-month,No,Electronic check,54.64,477.94,Yes
7804-FUWAT,Male,0,Yes,Yes,29,Yes,No,Fiber optic,No,No,Yes,No,No,Yes,Month-to-month,Yes,Electronic check,109.21,3153.59,Yes
1408-GUGPX,Male,0,No,No,13,Yes,No,Fiber optic,No,Yes,Yes,No,Yes,No,Month-to-month,Yes,Electronic check,98.86,1313.59,Yes
7164-UXDSI,Male,0,Yes,Yes,29,Yes,No,DSL,No,No,No,No,Yes,Yes,Month-to-month,Yes,Mailed check,56.75,1687.72,No
4709-YCBRF,Male,0,No,No,35,Yes,No,Fiber optic,No,No,No,No,No,Yes,One year,Yes,Electronic check,97.3,3393.61,No
5129-RGVVS,Male,0,Yes,No,63,Yes,Yes,Fiber optic,No,No,No,No,No,No,Two year,Yes,Credit card (automatic),107.47,6811.75,No
2185-LWGRY,Male,1,No,No,57,Yes,No,DSL,No,Yes,No,Yes,No,No,One year,Yes,Credit card (automatic),63.67,3538.61,No
3639-HYAHC,Male,1,Yes,No,2,Yes,Yes,DSL,Yes,No,Yes,No,Yes,No,Month-to-month,Yes,Electronic check,66.84,152.44,Yes
6871-BKYSG,Male,0,No,No,28,Yes,No,Fiber optic,Yes,No,Yes,No,Yes,Yes,Month-to-month,Yes,Bank transfer (automatic),70.46,1933.11,No
1915-KHYYG,Female,0,Yes,Yes,19,Yes,No,Fiber optic,No,Yes,No,Yes,No,Yes,Month-to-month,Yes,Electronic check,77.6,1489.61,Yes
5830-EOGWA,Male,0,No,No,53,Yes,No,DSL,Yes,No,No,No,No,No,One year,No,Bank transfer (automatic),66.7,3555.03,No
5157-OBDOR,Male,0,No,No,3,Yes,Yes,Fiber optic,No,Yes,No,No,No,Yes,Two year,Yes,Bank transfer (automatic),96.94,239.48,Yes
5253-ZXJID,Female,0,No,No,52,Yes,No,DSL,No,No,Yes,Yes,No,No,One year,No,Bank transfer (automatic),69.34,3697.49,No
5907-JEHFK,Female,0,No,No,41,Yes,No,Fiber optic,No,Yes,No,Yes,No,No,One year,Yes,Mailed check,87.0,3459.3,Yes
9355-YYGUQ,Female,1,Yes,No,52,Yes,Yes,Fiber optic,No,Yes,Yes,No,No,Yes,Month-to-month,No,Credit card (automatic),87.04,4456.4,No
7289-CKLOE,Male,0,Yes,No,6,Yes,Yes,Fiber optic,Yes,No,No,No,Yes,Yes,One year,No,Electronic check,97.6,629.01,No
2767-DLRKI,Male,0,Yes,No,64,Yes,No,Fiber optic,No,Yes,Yes,No,No,No,Month-to-month,No,Mailed check,106.32,6847.08,Yes
1885-FMFCN,Male,0,No,No,34,Yes,No,No,No internet service,No internet service,No internet service,No internet service,No internet service,No internet service,Month-to-month,No,Bank transfer (automatic),29.74,994.81,No
2550-OFBAL,Male,0,Yes,Yes,29,Yes,No,Fiber optic,No,Yes,Yes,Yes,Yes,No,Two year,No,Mailed check,96.99,2858.13,No
6627-YNKVP,Male,0,Yes,No,15,Yes,No,Fiber optic,Yes,No,Yes,No,No,Yes,Month-to-month,Yes,Electronic check,78.68,1195.36,Yes
1612-VEWVF,Female,0,No,Yes,32,Yes,No,Fiber optic,No,Yes,No,No,Yes,Yes,One year,No,Credit card (automatic),103.43,3235.38,No
9135-BUCGB,Male,0,Yes,Yes,40,Yes,No,DSL,No,No,No,No,Yes,No,Month-to-month,Yes,Credit card (automatic),64.2,2635.67,No
1056-AEXBA,Female,0,No,No,26,Yes,Yes,No,No internet service,No internet service,No internet service,No internet service,No internet service,No internet service,Month-to-month,Yes,Bank transfer (automatic),28.3,727.94,No
2931-JVGKW,Male,0,Yes,No,0,Yes,Yes,Fiber optic,No,No,No,No,Yes,Yes,Two year,No,Mailed check,65.89, ,No
7317-MCGYM,Male,0,Yes,No,6,Yes,No,Fiber optic,Yes,No,No,Yes,Yes,No,Month-to-month,Yes,Electronic check,84.31,456.14,Yes
1504-BNESR,Female,0,No,No,58,Yes,No,No,No internet service,No internet service,No internet service,No internet service,No internet service,No internet service,Month-to-month,No,Electronic check,25.22,1523.95,Yes
9268-LBOKX,Female,0,No,Yes,0,Yes,Yes,Fiber optic,Yes,Yes,No,Yes,Yes,No,One year,No,Mailed check,71.33, ,No
9007-OUAWD,Male,0,No,No,58,Yes,No,DSL,No,No,No,No,No,Yes,One year,Yes,Electronic check,71.58,4203.35,Yes
9076-EQDSA,Female,0,Yes,No,7,Yes,Yes,Fiber optic,No,Yes,Yes,No,Yes,No,Two year,No,Electronic check,108.59,787.64,No
8392-PBGUK,Male,0,Yes,Yes,56,Yes,No,No,No internet service,No internet service,No internet service,No internet service,No internet service,No internet service,Month-to-month,No,Mailed check,23.51,1298.09,No
9189-VPNIJ,Male,0,Yes,Yes,29,Yes,No,No,No internet service,No internet service,No internet service,No internet service,No internet service,No internet service,Two year,Yes,Mailed check,21.96,651.15,No
9254-LVVEN,Female,0,Yes,Yes,7,Yes,Yes,Fiber optic,No,No,No,No,No,No,Month-to-month,No,Bank transfer (automatic),66.35,410.69,No
2061-UTRSC,Male,1,No,No,41,Yes,No,No,No internet service,No internet service,No internet service,No internet service,No internet service,No internet service,Month-to-month,Yes,Credit card (automatic),34.46,1346.56,No
3684-RSPID,Male,1,Yes,Yes,11,Yes,No,Fiber optic,No,No,Yes,No,Yes,Yes,Month-to-month,Yes,Mailed check,85.91,916.19,Yes
3225-RAPJA,Male,0,No,No,6,Yes,Yes,Fiber optic,No,Yes,Yes,Yes,No,No,Month-to-month,No,Bank transfer (automatic),72.28,477.9,Yes
5277-FOKUL,Male,0,No,Yes,36,Yes,Yes,Fiber optic,Yes,Yes,No,No,Yes,No,One year,Yes,Bank transfer (automatic),93.71,3395.68,No
6990-ZUMQK,Male,0,Yes,No,7,Yes,No,DSL,No,No,Yes,No,Yes,No,Two year,No,Credit card (automatic),71.83,441.15,No
1261-GARHU,Male,1,No,Yes,6,Yes,No,DSL,No,No,No,No,No,Yes,Month-to-month,Yes,Bank transfer (automatic),51.05,296.85,Yes
1726-ICJGP,Female,0,Yes,No,67,Yes,No,Fiber optic,No,No,Yes,Yes,Yes,Yes,One year,Yes,Bank transfer (automatic),82.95,5555.64,Yes
9923-ACJBH,Female,0,No,No,1,No,No phone service,DSL,No,No,No,Yes,No,No,Month-to-month,Yes,Mailed check,80.32,16.54,No
1934-WAWFP,Male,0,Yes,No,52,Yes,Yes,Fiber optic,No,Yes,No,No,Yes,No,Two year,Yes,Credit card (automatic),72.81,3714.39,No
3451-UIPTO,Male,1,No,No,62,Yes,Yes,No,No internet service,No internet service,No internet service,No internet service,No internet service,No internet service,Two year,Yes,Credit card (automatic),19.07,1259.14,No
1808-QTPOD,Female,0,Yes,No,67,Yes,No,No,No internet service,No internet service,No internet service,No internet service,No internet service,No internet service,Month-to-month,No,Electronic check,23.74,1604.14,No
5053-FRMIW,Male,0,Yes,Yes,32,Yes,No,DSL,No,No,No,No,Yes,No,Month-to-month,Yes,Electronic check,57.96,1855.34,No
4651-EILXM,Female,0,Yes,No,37,Yes,No,No,No internet service,No internet service,No internet service,No internet service,No internet service,No internet service,Month-to-month,Yes,Credit card (automatic),20.97,731.64,No
7074-HVDBU,Female,0,Yes,Yes,20,Yes,No,Fiber optic,No,No,No,No,No,No,Month-to-month,No,Credit card (automatic),84.43,1618.2,No
8378-ZFPYL,Male,0,No,No,54,Yes,Yes,DSL,Yes,No,No,No,No,Yes,Two year,No,Electronic check,60.36,3168.48,No
1952-JNEAI,Male,0,Yes,No,61,Yes,Yes,Fiber optic,No,Yes,Yes,No,No,No,Two year,Yes,Electronic check,78.53,4881.38,No
5645-SYXTA,Male,1,No,Yes,41,Yes,Yes,DSL,No,Yes,No,No,No,Yes,Month-to-month,No,Bank transfer (automatic),56.81,2271.79,Yes
3123-QZXTG,Male,0,No,Yes,64,Yes,No,Fiber optic,No,No,No,Yes,Yes,Yes,Month-to-month,Yes,Electronic check,89.45,5677.27,No
8039-TMXRW,Male,0,Yes,Yes,55,Yes,No,Fiber optic,No,No,No,No,Yes,Yes,One year,Yes,Bank transfer (automatic),87.04,4674.82,Yes
4678-MHVIG,Female,0,Yes,No,19,Yes,No,Fiber optic,Yes,Yes,No,No,No,No,Two year,No,Bank transfer (automatic),101.85,1960.44,No
1466-FRSQK,Male,0,Yes,No,56,No,No phone service,No,No internet service,No internet service,No internet service,No internet service,No internet service,No internet service,Month-to-month,No,Electronic check,26.17,1513.61,No
1331-RKPOD,Female,0,No,Yes,20,Yes,No,No,No internet service,No internet service,No internet service,No internet service,No internet service,No internet service,Two year,Yes,Credit card (automatic),24.46,520.09,No
9301-BFLEG,Female,0,Yes,No,40,Yes,No,Fiber optic,No,No,Yes,No,No,Yes,Month-to-month,Yes,Electronic check,89.2,3662.77,Yes
6502-ROHLP,Male,0,No,Yes,43,Yes,Yes,Fiber optic,No,No,No,No,No,No,Month-to-month,Yes,Bank transfer (automatic),84.64,3733.88,No
1643-DXMBP,Male,0,Yes,Yes,57,No,No phone service,Fiber optic,No,Yes,No,No,Yes,No,Two year,No,Bank transfer (automatic),61.43,3385.61,No
8234-IAHJA,Male,0,Yes,No,9,Yes,Yes,Fiber optic,No,No,Yes,No,Yes,Yes,Month-to-month,Yes,Bank transfer (automatic),84.8,767.01,Yes
4270-JQZNX,Female,0,Yes,Yes,18,Yes,No,Fiber optic,No,No,No,No,No,No,Month-to-month,No,Electronic check,70.7,1254.39,Yes
4297-PWNZW,Male,0,No,No,3,Yes,No,DSL,Yes,No,No,Yes,No,No,Two year,Yes,Mailed check,60.19,120.11,No
3437-RBMGQ,Female,0,No,No,34,Yes,No,Fiber optic,Yes,No,No,No,No,Yes,One year,No,Bank transfer (automatic),94.97,3213.18,No
3971-WJIUT,Female,0,No,Yes,36,Yes,No,Fiber optic,No,No,Yes,No,No,No,Two year,No,Bank transfer (automatic),68.74,2482.21,No
5178-VTSJC,Female,0,Yes,No,15,Yes,No,No,No internet service,No internet service,No internet service,No internet service,No internet service,No internet service,Month-to-month,Yes,Mailed check,34.19,578.72,No
4995-ZNRUM,Female,0,Yes,Yes,55,No,No phone service,DSL,Yes,Yes,No,No,No,No,Month-to-month,Yes,Bank transfer (automatic),52.09,2819.65,No
3438-KWDEC,Female,1,No,No,45,Yes,Yes,Fiber optic,No,No,No,No,No,No,Month-to-month,No,Credit card (automatic),61.84,2762.19,Yes
7523-KTWDB,Female,0,No,No,42,Yes,No,No,No internet service,No internet service,No internet service,No internet service,No internet service,No internet service,Month-to-month,Yes,Credit card (automatic),33.16,1312.3,No
3840-WLPJW,Female,1,No,No,21,No,No phone service,Fiber optic,No,Yes,Yes,No,No,No,Month-to-month,No,Electronic check,87.53,1786.15,No
2087-VGCEI,Female,1,Yes,No,14,Yes,No,DSL,Yes,No,Yes,No,No,No,Month-to-month,Yes,Electronic check,75.18,1093.54,No
6227-TZTQG,Female,0,No,No,6,Yes,No,No,No internet service,No internet service,No internet service,No internet service,No internet service,No internet service,Month-to-month,Yes,Electronic check,34.18,190.88,No
7901-CGSGU,Female,0,Yes,Yes,7,Yes,Yes,DSL,Yes,Yes,No,No,Yes,Yes,Two year,No,Electronic check,73.96,540.69,No
2149-KRVME,Male,0,No,No,3,Yes,Yes,Fiber optic,No,Yes,No,Yes,No,Yes,Month-to-month,Yes,Electronic check,85.47,224.46,Yes
3370-OWIPW,Female,0,Yes,Yes,60,Yes,No,Fiber optic,No,No,No,Yes,Yes,No,Month-to-month,Yes,Bank transfer (automatic),101.18,6056.23,No
9732-IBXDE,Female,0,No,No,67,Yes,Yes,No,No internet service,No internet service,No internet service,No internet service,No internet service,No internet service,One year,Yes,Credit card (automatic),26.76,1681.58,No
7806-SDNWO,Female,0,Yes,No,10,Yes,No,Fiber optic,Yes,No,Yes,No,Yes,Yes,One year,No,Electronic check,79.59,853.17,Yes
4368-WKNRP,Male,0,No,Yes,36,Yes,Yes,No,No internet service,No internet service,No internet service,No internet service,No internet service,No internet service,Month-to-month,Yes,Mailed check,29.46,1062.34,No
5927-CLHHQ,Female,0,No,No,37,Yes,Yes,Fiber optic,Yes,No,No,Yes,Yes,Yes,Month-to-month,No,Bank transfer (automatic),106.49,3906.57,Yes
9158-OJLHY,Female,0,No,No,1,Yes,No,DSL,No,No,No,Yes,No,Yes,Two year,No,Electronic check,57.1,39.55,No
3652-PYVJI,Female,0,Yes,No,24,Yes,No,DSL,Yes,Yes,No,No,Yes,Yes,Month-to-month,Yes,Electronic check,48.57,1185.03,No
3788-GRBVI,Male,0,Yes,No,15,Yes,No,DSL,Yes,Yes,No,No,No,No,One year,Yes,Electronic check,59.48,956.9,Yes
4604-IZMGS,Female,0,No,No,45,Yes,Yes,Fiber optic,No,Yes,No,No,No,No,One year,Yes,Electronic check,102.3,4583.66,No
1631-EVTUP,Female,0,No,No,61,Yes,Yes,Fiber optic,No,No,No,No,No,No,One year,No,Bank transfer (automatic),95.0,5734.91,No
1101-XSOPN,Female,0,No,Yes,4,Yes,Yes,DSL,No,No,Yes,No,Yes,No,Month-to-month,No,Electronic check,75.23,275.53,Yes
7639-SJRUW,Female,0,Yes,No,5,No,No phone service,No,No internet service,No internet service,No internet service,No internet service,No internet service,No internet service,Two year,Yes,Bank transfer (automatic),27.32,103.89,No
2206-MNNFT,Female,0,Yes,Yes,7,Yes,No,Fiber optic,Yes,No,Yes,Yes,Yes,No,Month-to-month,Yes,Electronic check,99.27,673.05,No
8579-YNWUD,Female,1,Yes,No,1,No,No phone service,DSL,No,No,No,No,No,No,Month-to-month,Yes,Credit card (automatic),48.66,98.91,Yes
1959-TKAXE,Male,0,No,No,59,Yes,Yes,Fiber optic,Yes,No,Yes,Yes,Yes,Yes,Month-to-month,Yes,Electronic check,68.88,4025.21,No
2976-RURNO,Female,0,Yes,No,36,No,No phone service,Fiber optic,Yes,No,Yes,No,No,Yes,Month-to-month,Yes,Mailed check,97.34,3470.37,No
5722-ZPVYX,Male,0,Yes,No,36,Yes,No,DSL,Yes,No,Yes,No,Yes,No,Month-to-month,Yes,Bank transfer (automatic),56.18,1989.15,No
5278-TAQIP,Female,0,No,No,54,Yes,No,No,No internet service,No internet service,No internet service,No internet service,No internet service,No internet service,One year,Yes,Electronic check,18.29,1033.01,No
1710-OIFKG,Female,0,No,Yes,12,Yes,No,DSL,Yes,No,No,No,Yes,No,One year,No,Credit card (automatic),75.28,824.04,No
9041-CJNHP,Male,0,No,Yes,2,Yes,No,DSL,Yes,No,No,Yes,No,No,Month-to-month,Yes,Mailed check,67.55,109.1,Yes
5948-QSRLU,Male,0,Yes,Yes,69,Yes,Yes,Fiber optic,No,No,Yes,No,Yes,Yes,Month-to-month,Yes,Credit card (automatic),75.8,5233.36,No
5432-FNSTS,Male,1,Yes,Yes,32,Yes,No,Fiber optic,No,Yes,Yes,No,No,No,Two year,No,Credit card (automatic),107.89,3513.27,No
8531-VTVQM,Female,1,No,No,49,No,No phone service,Fiber optic,No,No,No,No,No,No,Two year,Yes,Credit card (automatic),86.36,4192.29,No
6285-ZVNKZ,Female,0,Yes,No,54,Yes,Yes,DSL,No,No,Yes,No,Yes,No,Month-to-month,Yes,Electronic check,53.44,2979.91,No
1683-XPNOW,Male,0,No,No,54,Yes,Yes,DSL,No,No,No,Yes,No,Yes,Two year,No,Electronic check,53.58,2885.65,No
1572-GPUNO,Female,0,Yes,No,55,Yes,No,Fiber optic,No,No,Yes,No,No,No,Month-to-month,Yes,Credit card (automatic),67.31,3618.56,No
5458-OUPWD,Male,0,No,No,54,Yes,No,No,No internet service,No internet service,No internet service,No internet service,No internet service,No internet service,Two year,Yes,Credit card (automatic),35.63,1929.96,No
7527-YASBB,Female,1,Yes,Yes,62,Yes,Yes,Fiber optic,No,Yes,No,Yes,No,Yes,Two year,Yes,Electronic check,78.54,4866.64,No
1679-ANQRH,Male,0,No,No,3,Yes,No,DSL,No,No,Yes,Yes,Yes,Yes,Two year,No,Mailed check,50.47,108.45,No
4578-JUXJO,Male,0,No,No,4,Yes,No,No,No internet service,No internet service,No internet service,No internet service,No internet service,No internet service,Two year,No,Credit card (automatic),19.4,103.52,No
3116-MTGOW,Male,1,Yes,Yes,69,Yes,No,No,No internet service,No internet service,No internet service,No internet service,No internet service,No internet service,Month-to-month,Yes,Bank transfer (automatic),33.04,2298.19,No
7779-PSUDE,Female,0,Yes,No,7,Yes,Yes,DSL,Yes,Yes,No,No,No,No,Month-to-month,Yes,Credit card (automatic),70.21,489.98,No
7966-BWQHY,Male,0,No,No,2,Yes,No,DSL,No,Yes,No,Yes,Yes,No,Two year,No,Electronic check,43.58,57.3,No
4822-CLBNH,Female,0,No,No,43,Yes,Yes,DSL,No,No,Yes,No,No,No,One year,Yes,Mailed check,49.65,2065.64,No
9136-UUPRI,Male,0,Yes,No,55,Yes,No,Fiber optic,Yes,Yes,No,No,No,No,Two year,No,Electronic check,85.08,4734.56,No
2288-JEKIZ,Male,1,Yes,No,25,Yes,No,DSL,Yes,No,Yes,No,No,No,Month-to-month,Yes,Credit card (automatic),62.07,1583.03,No
3939-YDPNT,Male,1,No,Yes,3,Yes,No,Fiber optic,No,Yes,No,No,No,No,Two year,Yes,Electronic check,86.0,168.16,No
2264-AVXUA,Male,0,No,No,67,Yes,Yes,Fiber optic,No,Yes,No,Yes,No,No,Month-to-month,Yes,Credit card (automatic),74.39,4954.61,No
5336-TKXAG,Female,0,No,No,56,Yes,Yes,Fiber optic,No,No,Yes,No,Yes,No,Month-to-month,No,Mailed check,106.44,5885.07,No
6060-RQHLF,Male,0,Yes,Yes,12,Yes,Yes,DSL,No,No,No,No,No,No,Month-to-month,Yes,Mailed check,40.83,515.94,No
4730-IJSKY,Female,0,No,Yes,24,Yes,Yes,Fiber optic,Yes,No,No,No,Yes,Yes,Two year,No,Credit card (automatic),110.95,2680.21,No
6628-ANLJR,Male,0,Yes,Yes,42,No,No phone service,Fiber optic,No,No,Yes,No,No,No,Month-to-month,Yes,Electronic check,80.13,3268.19,No
4228-EGARR,Male,0,Yes,No,63,No,No phone service,No,No internet service,No internet service,No internet service,No internet service,No internet service,No internet service,One year,Yes,Bank transfer (automatic),26.45,1688.61,No
2187-ZZKNQ,Male,0,No,No,2,Yes,Yes,DSL,No,Yes,No,Yes,No,Yes,Month-to-month,No,Credit card (automatic),70.53,90.04,No
1262-GVYEW,Male,0,Yes,No,2,Yes,No,Fiber optic,No,Yes,Yes,No,No,No,Two year,No,Electronic check,110.7,218.56,No
2148-OXMTV,Female,0,No,No,16,No,No phone service,Fiber optic,Yes,Yes,No,No,Yes,Yes,Month-to-month,Yes,Electronic check,96.44,1515.6,Yes
8167-TPIFY,Female,1,Yes,No,2,Yes,Yes,Fiber optic,Yes,No,Yes,No,Yes,No,Month-to-month,Yes,Electronic check,80.06,266.25,Yes
9865-JSSEX,Male,0,Yes,Yes,37,Yes,Yes,Fiber optic,Yes,No,Yes,No,Yes,Yes,One year,Yes,Mailed check,68.98,2525.8,No
6798-LCIGT,Female,0,No,No,2,Yes,No,DSL,No,Yes,No,Yes,No,No,One year,Yes,Electronic check,65.71,144.09,No
2780-ZLCCY,Female,0,Yes,No,0,Yes,No,DSL,Yes,No,Yes,No,Yes,No,Month-to-month,No,Electronic check,54.21, ,Yes
6834-ODXCY,Female,0,No,No,41,Yes,Yes,Fiber optic,No,No,No,No,No,No,Month-to-month,Yes,Electronic check,72.21,2953.22,Yes
7200-VIXJM,Female,0,No,Yes,1,Yes,Yes,Fiber optic,No,Yes,No,No,Yes,Yes,Month-to-month,Yes,Mailed check,98.97,152.72,Yes
7730-JHXRA,Female,0,Yes,Yes,56,Yes,No,Fiber optic,Yes,Yes,No,No,Yes,No,One year,Yes,Bank transfer (automatic),65.89,3649.17,No
6189-LXXBX,Female,0,No,Yes,42,Yes,No,DSL,Yes,No,No,No,Yes,Yes,One year,No,Bank transfer (automatic),64.49,2734.69,No
7240-UCXBB,Female,0,No,No,41,Yes,Yes,DSL,No,No,Yes,No,No,Yes,One year,No,Bank transfer (automatic),47.17,2005.92,No
5911-WEYZI,Male,0,No,Yes,3,Yes,No,Fiber optic,Yes,Yes,No,No,No,Yes,Month-to-month,No,Bank transfer (automatic),87.07,227.07,Yes
1515-RUDIQ,Female,0,Yes,No,7,Yes,Yes,Fiber optic,Yes,No,No,No,No,Yes,Month-to-month,Yes,Electronic check,99.34,666.08,Yes
2721-XRZAK,Male,1,No,Yes,63,Yes,Yes,Fiber optic,No,Yes,Yes,No,No,No,Month-to-month,No,Electronic check,114.65,7213.6,No
2001-OQPGD,Female,0,No,No,69,Yes,No,DSL,No,Yes,No,Yes,Yes,Yes,Two year,No,Electronic check,75.61,5143.76,No
3740-OWPIK,Female,0,No,Yes,0,Yes,Yes,Fiber optic,No,No,Yes,No,Yes,No,Month-to-month,No,Credit card (automatic),94.35, ,Yes
8806-JZPVD,Male,0,Yes,Yes,29,Yes,No,Fiber optic,No,No,Yes,No,No,No,One year,Yes,Mailed check,77.57,2255.11,Yes
6177-CLXPV,Female,0,Yes,No,6,Yes,Yes,Fiber optic,No,No,Yes,No,No,No,Month-to-month,No,Mailed check,90.57,550.23,No
8183-NEOUI,Female,0,No,No,3,Yes,Yes,DSL,No,No,Yes,No,No,Yes,Month-to-month,Yes,Credit card (automatic),71.38,251.13,No
9229-BDPGZ,Male,0,No,No,56,No,No phone service,DSL,No,No,No,Yes,No,No,Month-to-month,Yes,Electronic check,82.59,4661.88,No
6283-YWXYF,Female,0,No,No,24,No,No phone service,DSL,No,No,No,No,Yes,No,Month-to-month,Yes,Credit card (automatic),52.16,1283.87,No
5725-NRMVK,Female,0,No,No,24,Yes,No,Fiber optic,Yes,Yes,Yes,Yes,Yes,No,Month-to-month,Yes,Credit card (automatic),74.11,1775.1,No
2912-XWWQH,Female,0,Yes,No,46,Yes,Yes,DSL,Yes,Yes,Yes,No,Yes,No,Month-to-month,Yes,Electronic check,60.82,2791.32,No
8932-RNUYF,Male,0,No,No,29,Yes,No,DSL,Yes,No,No,Yes,No,No,Month-to-month,Yes,Mailed check,48.19,1400.52,No
2283-SAQPL,Male,0,Yes,Yes,53,Yes,No,No,No internet service,No internet service,No internet service,No internet service,No internet service,No internet service,Month-to-month,Yes,Bank transfer (automatic),34.06,1818.47,No
5787-KLQJT,Female,0,Yes,No,42,Yes,No,No,No internet service,No internet service,No internet service,No internet service,No internet service,No internet service,Month-to-month,Yes,Credit card (automatic),21.69,866.41,No
6173-TAITO,Male,0,Yes,Yes,33,Yes,No,No,No internet service,No internet service,No internet service,No internet service,No internet service,No internet service,Two year,Yes,Bank transfer (automatic),31.14,997.16,No
1387-LGQSG,Male,0,No,Yes,42,Yes,Yes,Fiber optic,No,No,No,No,No,Yes,Two year,No,Mailed check,100.0,4156.96,No
8894-MSMDF,Male,0,Yes,Yes,36,Yes,No,Fiber optic,No,Yes,No,No,Yes,Yes,One year,No,Bank transfer (automatic),108.63,3876.64,No
5088-LBNPC,Male,0,Yes,No,34,Yes,No,DSL,No,No,No,No,No,No,Month-to-month,Yes,Mailed check,73.22,2460.51,Yes
5036-JJOHR,Female,0,Yes,Yes,47,Yes,Yes,Fiber optic,No,Yes,No,No,Yes,No,Month-to-month,Yes,Mailed check,68.18,3162.29,No
9809-DTROF,Female,0,Yes,No,63,Yes,Yes,DSL,No,Yes,No,No,Yes,Yes,Two year,Yes,Mailed check,40.87,2648.04,No
3248-ULEMG,Female,0,No,No,15,Yes,Yes,No,No internet service,No internet service,No internet service,No internet service,No internet service,No internet service,Two year,No,Electronic check,24.94,307.23,No
5824-URHII,Female,0,Yes,Yes,37,Yes,No,No,No internet service,No internet service,No internet service,No internet service,No internet service,No internet service,Month-to-month,No,Mailed check,23.64,947.62,No
4420-OGRYO,Male,0,Yes,No,46,Yes,No,Fiber optic,Yes,No,Yes,No,No,No,Month-to-month,Yes,Electronic check,91.7,4270.7,Yes
4300-FRYDG,Male,0,Yes,Yes,64,Yes,Yes,DSL,No,No,Yes,No,No,Yes,One year,Yes,Bank transfer (automatic),70.56,4543.35,No
9238-PAUSS,Male,0,No,Yes,9,Yes,No,Fiber optic,No,No,No,No,No,Yes,Two year,Yes,Mailed check,97.46,929.93,No
9064-ECSCR,Male,0,No,No,64,Yes,No,Fiber optic,No,Yes,No,No,No,No,One year,Yes,Credit card (automatic),72.53,4570.05,No
3498-AEFMK,Male,1,No,No,48,Yes,No,Fiber optic,No,No,Yes,Yes,Yes,No,One year,Yes,Credit card (automatic),81.31,3978.77,No
9457-LDCOB,Male,0,Yes,Yes,65,Yes,Yes,No,No internet service,No internet service,No internet service,No internet service,No internet service,No internet service,Month-to-month,Yes,Mailed check,36.35,2379.94,No
8712-USSCS,Male,0,Yes,No,10,Yes,Yes,DSL,Yes,Yes,No,Yes,No,Yes,Two year,No,Credit card (automatic),53.63,502.28,No
4479-GPBMK,Male,0,Yes,No,3,No,No phone service,DSL,No,No,Yes,No,No,No,Two year,Yes,Bank transfer (automatic),56.47,187.81,No
6140-XHLVY,Female,0,No,No,3,Yes,No,DSL,Yes,No,No,No,No,No,One year,Yes,Bank transfer (automatic),59.33,97.4,No
7905-KFNYE,Female,0,Yes,No,7,Yes,No,DSL,Yes,No,No,Yes,No,Yes,One year,No,Credit card (automatic),64.24,445.29,Yes
7048-HTXUB,Female,0,Yes,No,1,Yes,No,Fiber optic,Yes,No,Yes,Yes,No,Yes,Two year,No,Electronic check,78.34,97.01,No
6483-QUMMV,Female,0,No,No,46,No,No phone service,No,No internet service,No internet service,No internet service,No internet service,No internet service,No internet service,Two year,No,Mailed check,35.0,1635.71,No
5442-PMUEJ,Female,0,No,No,5,Yes,No,DSL,No,No,No,No,No,No,Month-to-month,Yes,Electronic check,61.31,319.29,Yes
3584-KKZOG,Male,1,Yes,No,1,Yes,Yes,Fiber optic,No,Yes,No,No,Yes,Yes,Month-to-month,Yes,Credit card (automatic),70.25,138.24,Yes
3459-BMSAB,Female,0,No,No,57,Yes,No,DSL,No,No,No,No,No,No,Two year,No,Credit card (automatic),49.24,2779.22,No
2849-RKHAD,Male,0,Yes,Yes,2,Yes,No,No,No internet service,No internet service,No internet service,No internet service,No internet service,No internet service,Month-to-month,No,Bank transfer (automatic),19.3,76.25,No
5710-CQSBN,Male,0,No,Yes,41,Yes,Yes,Fiber optic,No,No,No,No,No,Yes,Month-to-month,No,Mailed check,72.64,2989.84,No
2603-JETQQ,Male,0,No,No,6,Yes,Yes,DSL,No,Yes,Yes,Yes,Yes,No,One year,No,Bank transfer (automatic),58.84,370.19,Yes
2715-WMBFL,Male,0,No,Yes,46,Yes,No,DSL,No,No,Yes,Yes,No,Yes,Month-to-month,No,Bank transfer (automatic),47.55,2120.76,Yes
4943-DMMBL,Male,0,Yes,Yes,2,Yes,No,Fiber optic,No,Yes,No,No,No,Yes,Month-to-month,No,Electronic check,63.47,291.96,Yes
6732-BKXKV,Female,0,No,No,66,Yes,No,Fiber optic,No,No,No,No,Yes,Yes,Month-to-month,Yes,Credit card (automatic),96.99,6351.8,No
6544-PIYTI,Female,0,Yes,No,34,Yes,No,DSL,Yes,No,No,Yes,Yes,No,Month-to-month,No,Mailed check,66.5,2312.13,No
3015-BNKES,Female,0,No,Yes,38,Yes,No,DSL,No,Yes,Yes,Yes,Yes,Yes,Month-to-month,Yes,Electronic check,46.85,1787.37,No
9904-WAMRC,Female,0,No,Yes,39,Yes,No,DSL,Yes,No,No,No,No,Yes,Month-to-month,No,Bank transfer (automatic),53.95,2075.95,No
5825-LZOTD,Female,0,No,No,25,Yes,Yes,Fiber optic,Yes,Yes,No,Yes,Yes,No,One year,Yes,Credit card (automatic),72.18,1785.74,No
1866-VVYGB,Male,0,No,No,0,Yes,Yes,DSL,No,Yes,No,Yes,Yes,Yes,One year,Yes,Electronic check,69.71, ,Yes
7202-CMXJH,Female,0,No,No,0,Yes,Yes,Fiber optic,No,No,No,No,No,Yes,Month-to-month,Yes,Electronic check,70.42, ,Yes
4744-FHTRN,Female,0,No,No,5,Yes,Yes,DSL,Yes,Yes,No,No,No,No,One year,Yes,Electronic check,50.03,245.48,No
2084-XATCO,Male,1,Yes,No,71,Yes,No,Fiber optic,Yes,No,No,Yes,No,No,One year,No,Bank transfer (automatic),78.67,5606.73,Yes
3535-RCSPU,Male,0,No,Yes,60,No,No phone service,Fiber optic,Yes,Yes,Yes,No,No,Yes,Month-to-month,Yes,Mailed check,73.4,4293.68,No
7893-OEZFR,Female,0,Yes,No,33,Yes,No,No,No internet service,No internet service,No internet service,No internet service,No internet service,No internet service,One year,No,Bank transfer (automatic),22.18,788.58,No
8048-DQKSJ,Female,0,Yes,No,5,Yes,No,Fiber optic,No,No,No,No,No,Yes,Two year,Yes,Mailed check,87.37,412.0,No
8496-MFXPQ,Male,0,No,Yes,7,Yes,No,No,No internet service,No internet service,No internet service,No internet service,No internet service,No internet service,Two year,Yes,Mailed check,35.74,217.22,Yes
5408-LOYSC,Female,1,Yes,Yes,54,Yes,Yes,No,No internet service,No internet service,No internet service,No internet service,No internet service,No internet service,One year,No,Electronic check,36.6,1977.34,Yes
3941-JPKHF,Male,0,No,No,6,Yes,Yes,Fiber optic,No,Yes,No,Yes,Yes,Yes,Month-to-month,No,Mailed check,71.31,461.76,No
2317-ZFTBS,Male,0,Yes,No,23,Yes,Yes,Fiber optic,No,No,No,No,No,No,Two year,Yes,Electronic check,69.66,1553.86,No
6679-PXPWR,Male,0,Yes,No,46,Yes,No,Fiber optic,Yes,No,Yes,Yes,No,No,Month-to-month,No,Electronic check,81.14,3799.0,No
3472-AGWBC,Male,0,No,No,1,Yes,Yes,No,No internet service,No internet service,No internet service,No internet service,No internet service,No internet service,Month-to-month,No,Credit card (automatic),20.17,93.57,Yes
9867-MOABJ,Female,0,No,No,60,Yes,No,No,No internet service,No internet service,No internet service,No internet service,No internet service,No internet service,One year,No,Bank transfer (automatic),27.25,1648.55,No
1026-EIIXN,Male,0,No,Yes,12,Yes,No,DSL,No,No,No,Yes,Yes,No,Month-to-month,Yes,Electronic check,59.79,753.71,Yes
6915-GQCUJ,Female,1,No,No,64,Yes,No,DSL,Yes,Yes,No,Yes,No,Yes,One year,No,Mailed check,54.66,3497.71,No
9139-XOKBA,Male,0,Yes,No,63,Yes,Yes,Fiber optic,No,Yes,Yes,No,No,Yes,Two year,Yes,Mailed check,82.85,5229.47,No
8563-ZOMQC,Female,1,Yes,Yes,66,Yes,Yes,Fiber optic,No,No,No,No,No,No,One year,No,Bank transfer (automatic),93.84,6211.77,No
4903-GPCIM,Female,1,No,No,30,No,No phone service,No,No internet service,No internet service,No internet service,No internet service,No internet service,No internet service,Two year,Yes,Electronic check,31.11,948.68,Yes
2893-DYMHW,Female,0,No,No,1,Yes,No,No,No internet service,No internet service,No internet service,No internet service,No internet service,No internet service,Month-to-month,Yes,Credit card (automatic),30.49,29.96,No
1800-EFFVL,Female,0,No,No,5,Yes,Yes,DSL,Yes,No,Yes,No,No,No,One year,No,Credit card (automatic),74.91,346.73,No
4691-EOUKO,Female,1,Yes,No,3,Yes,No,Fiber optic,No,No,No,No,No,Yes,Month-to-month,No,Electronic check,79.52,245.81,Yes
7372-ZZZHP,Female,0,Yes,No,51,Yes,Yes,No,No internet service,No internet service,No internet service,No internet service,No internet service,No internet service,One year,No,Bank transfer (automatic),27.51,1522.3,No
6187-RMQWO,Female,0,Yes,No,4,Yes,No,Fiber optic,No,No,No,No,Yes,No,Month-to-month,Yes,Mailed check,85.72,359.69,Yes
5571-JBAOM,Female,0,No,No,56,No,No phone service,DSL,Yes,Yes,No,Yes,Yes,Yes,Month-to-month,Yes,Bank transfer (automatic),68.86,3890.32,No
9426-GPBYY,Male,0,Yes,Yes,6,Yes,No,No,No internet service,No internet service,No internet service,No internet service,No internet service,No internet service,Month-to-month,No,Credit card (automatic),33.85,234.99,No
5150-QHLAN,Male,1,No,No,68,Yes,No,DSL,No,No,No,No,No,No,Two year,No,Mailed check,73.62,4991.94,No
6306-SKQOV,Male,0,Yes,No,8,Yes,Yes,Fiber optic,No,Yes,No,No,Yes,No,One year,No,Electronic check,101.31,805.2,Yes
7174-BQYHE,Male,0,No,No,50,Yes,No,No,No internet service,No internet service,No internet service,No internet service,No internet service,No internet service,One year,No,Credit card (automatic),26.87,1319.31,No
9352-EIDYU,Male,1,Yes,No,59,Yes,No,No,No internet service,No internet service,No internet service,No internet service,No internet service,No internet service,Month-to-month,No,Credit card (automatic),21.83,1313.93,No
5715-DRATP,Male,0,No,No,10,Yes,Yes,Fiber optic,No,No,Yes,No,Yes,No,Month-to-month,No,Bank transfer (automatic),70.15,778.39,Yes
4480-NBBQR,Female,0,No,No,53,Yes,No,DSL,No,Yes,No,No,Yes,No,Two year,Yes,Electronic check,66.6,3450.23,No
8064-MIOYZ,Male,0,Yes,No,44,Yes,Yes,Fiber optic,No,Yes,No,No,No,Yes,Month-to-month,Yes,Mailed check,66.08,2907.91,No
2111-PYIOS,Female,0,Yes,No,2,Yes,No,DSL,No,No,No,No,No,No,Month-to-month,No,Credit card (automatic),61.81,100.25,Yes
2059-VTUAO,Male,0,Yes,No,54,Yes,Yes,Fiber optic,No,No,Yes,No,No,No,Two year,Yes,Bank transfer (automatic),65.27,3538.98,No
5760-LGDXB,Female,0,No,No,24,Yes,Yes,Fiber optic,No,No,No,No,Yes,No,Month-to-month,No,Electronic check,75.44,1746.05,No
2637-LZRXK,Male,0,No,Yes,29,Yes,Yes,Fiber optic,No,No,No,No,No,No,Month-to-month,No,Credit card (automatic),86.0,2507.23,Yes
8906-WWDWU,Male,0,Yes,Yes,28,Yes,Yes,Fiber optic,Yes,No,Yes,Yes,No,No,One year,Yes,Bank transfer (automatic),75.85,2122.36,Yes
4863-GQUCX,Male,0,No,No,52,Yes,No,DSL,Yes,No,No,Yes,No,No,Month-to-month,Yes,Electronic check,57.42,3089.14,No
4123-SOKLT,Female,0,Yes,No,44,Yes,No,Fiber optic,Yes,No,No,Yes,Yes,No,Month-to-month,Yes,Mailed check,108.14,4824.42,No
5047-VHUOU,Male,0,No,No,48,Yes,Yes,No,No internet service,No internet service,No internet service,No internet service,No internet service,No internet service,Month-to-month,Yes,Electronic check,18.0,838.79,No
3453-EHFNM,Female,0,No,Yes,48,Yes,Yes,No,No internet service,No internet service,No internet service,No internet service,No internet service,No internet service,One year,Yes,Mailed check,18.0,880.37,No
6821-YYPBN,Male,0,No,Yes,26,Yes,No,Fiber optic,No,Yes,Yes,No,Yes,Yes,Two year,Yes,Credit card (automatic),91.86,2373.4,No
3571-ORJTA,Female,1,Yes,Yes,62,No,No phone service,No,No internet service,No internet service,No internet service,No internet service,No internet service,No internet service,Two year,No,Mailed check,34.69,2076.81,No
9117-KWULC,Male,0,Yes,No,57,Yes,No,Fiber optic,No,No,Yes,No,Yes,Yes,One year,Yes,Mailed check,93.72,5301.38,No
2660-FJBVZ,Female,0,No,No,57,Yes,No,Fiber optic,No,Yes,No,No,No,Yes,One year,Yes,Credit card (automatic),68.17,3922.06,No
1797-OTFFE,Male,0,Yes,Yes,6,Yes,Yes,Fiber optic,No,No,Yes,No,No,Yes,Month-to-month,No,Credit card (automatic),110.6,620.06,Yes
2148-DCURK,Male,0,No,No,6,Yes,Yes,DSL,Yes,Yes,No,No,No,No,One year,Yes,Bank transfer (automatic),58.94,329.42,No
3096-TKOZJ,Male,1,No,No,4,Yes,Yes,No,No internet service,No internet service,No internet service,No internet service,No internet service,No internet service,Month-to-month,No,Credit card (automatic),32.83,176.77,No
2735-BOEIO,Male,1,No,No,60,Yes,No,Fiber optic,No,Yes,No,No,No,No,Month-to-month,Yes,Bank transfer (automatic),91.12,5397.18,No
9198-IAAPH,Male,0,No,No,4,Yes,Yes,DSL,No,Yes,Yes,Yes,No,No,Two year,Yes,Electronic check,49.52,272.82,Yes
3521-PYWDV,Female,0,No,No,14,Yes,No,DSL,No,Yes,Yes,No,No,Yes,Month-to-month,No,Credit card (automatic),55.58,777.67,No
1961-HSHZI,Male,0,No,No,70,Yes,No,Fiber optic,No,No,No,No,No,No,Month-to-month,Yes,Mailed check,79.55,5598.3,No
5566-ZLAAR,Male,0,Yes,No,64,Yes,Yes,Fiber optic,No,No,Yes,No,Yes,Yes,Month-to-month,Yes,Mailed check,79.54,5092.36,No
3004-UWMXB,Female,0,No,Yes,67,Yes,Yes,Fiber optic,Yes,No,No,No,Yes,Yes,Month-to-month,No,Bank transfer (automatic),91.03,6097.27,No
7357-MYWKV,Male,0,Yes,No,28,Yes,Yes,Fiber optic,No,No,Yes,No,Yes,No,One year,No,Bank transfer (automatic),90.11,2591.69,No
6782-LCNDB,Male,0,No,No,49,Yes,Yes,Fiber optic,Yes,No,Yes,No,No,No,Month-to-month,No,Credit card (automatic),110.98,5416.75,No
8448-CGXLD,Female,0,No,No,36,Yes,No,Fiber optic,No,Yes,Yes,No,Yes,No,Month-to-month,Yes,Bank transfer (automatic),72.07,2634.21,No
7299-NDXCU,Female,0,No,Yes,7,Yes,No,DSL,No,Yes,No,Yes,Yes,No,Month-to-month,Yes,Bank transfer (automatic),56.55,444.39,No
3314-FMLDV,Female,0,Yes,Yes,58,Yes,Yes,DSL,Yes,Yes,No,No,Yes,No,Month-to-month,No,Bank transfer (automatic),76.47,4434.15,No
3756-XXPVX,Male,0,Yes,No,60,Yes,Yes,DSL,No,No,No,No,No,No,Two year,No,Credit card (automatic),64.06,3863.34,No
6417-LJBPW,Female,1,No,Yes,24,Yes,No,Fiber optic,No,Yes,No,No,No,Yes,Month-to-month,No,Mailed check,107.94,2665.4,No
3907-UERHG,Male,1,No,Yes,70,Yes,No,Fiber optic,No,No,Yes,No,No,Yes,One year,Yes,Mailed check,92.77,6527.25,No
6697-AQUMF,Female,0,Yes,No,0,Yes,Yes,No,No internet service,No internet service,No internet service,No internet service,No internet service,No internet service,Month-to-month,No,Mailed check,22.53, ,Yes
6385-AIERR,Female,0,No,No,0,Yes,No,DSL,Yes,Yes,Yes,Yes,Yes,No,One year,No,Credit card (automatic),75.68, ,No
8380-LHNAJ,Female,0,No,Yes,66,Yes,No,Fiber optic,Yes,No,No,No,Yes,Yes,One year,No,Bank transfer (automatic),67.1,4407.54,No
3417-XZAYP,Male,0,No,Yes,1,Yes,Yes,Fiber optic,Yes,No,No,No,Yes,No,Month-to-month,Yes,Mailed check,106.88,140.45,No
2749-YGGNK,Male,0,No,No,4,Yes,No,Fiber optic,No,No,Yes,No,Yes,No,One year,No,Bank transfer (automatic),101.61,429.09,No
5482-SHONX,Female,0,No,No,33,Yes,No,Fiber optic,No,No,No,No,Yes,Yes,Month-to-month,Yes,Bank transfer (automatic),95.42,3162.46,No
1212-PHIOI,Female,0,No,No,6,Yes,Yes,Fiber optic,No,No,No,No,Yes,No,One year,No,Bank transfer (automatic),99.81,525.71,No
4014-NANZZ,Female,0,Yes,No,26,Yes,No,Fiber optic,No,No,No,No,Yes,Yes,Two year,No,Electronic check,68.42,1771.23,Yes
2691-DPQBR,Female,0,No,No,24,Yes,No,DSL,Yes,No,No,No,No,No,Two year,Yes,Electronic check,68.37,1678.28,No
4777-RGIPI,Female,0,No,No,28,Yes,No,DSL,No,No,Yes,Yes,Yes,Yes,Two year,No,Bank transfer (automatic),72.92,2009.43,No
1216-IDTLW,Male,1,No,No,8,Yes,No,Fiber optic,No,No,No,Yes,Yes,No,One year,No,Electronic check,75.28,691.72,No
9933-LPKYN,Male,0,No,No,5,Yes,Yes,Fiber optic,No,Yes,No,Yes,No,Yes,Month-to-month,No,Bank transfer (automatic),69.76,398.19,Yes
9167-VGEHT,Male,1,No,No,30,Yes,Yes,No,No internet service,No internet service,No internet service,No internet service,No internet service,No internet service,Two year,Yes,Bank transfer (automatic),33.62,965.56,No
6056-QPAQM,Male,0,Yes,Yes,3,Yes,No,DSL,No,Yes,No,No,Yes,No,One year,No,Credit card (automatic),59.11,159.96,No
6210-QBUHY,Male,0,Yes,Yes,10,Yes,No,DSL,No,No,Yes,Yes,No,Yes,Month-to-month,No,Mailed check,63.89,595.35,Yes
1844-WBIIR,Female,1,Yes,No,13,Yes,Yes,Fiber optic,No,No,Yes,No,No,No,Month-to-month,Yes,Mailed check,77.54,999.7,Yes
4072-YPMTJ,Female,1,No,Yes,0,Yes,No,Fiber optic,No,No,No,No,Yes,Yes,Month-to-month,No,Mailed check,95.78, ,No
3667-QBBTY,Female,1,No,No,52,Yes,No,DSL,Yes,Yes,Yes,Yes,No,No,Two year,No,Bank transfer (automatic),62.3,3322.56,No
5260-DRBQF,Male,0,Yes,No,39,Yes,Yes,DSL,Yes,Yes,Yes,Yes,Yes,No,Month-to-month,Yes,Bank transfer (automatic),54.68,2104.5,No
8428-WFUCV,Female,0,Yes,Yes,2,Yes,Yes,DSL,No,No,Yes,Yes,Yes,Yes,Two year,No,Electronic check,56.31,159.25,Yes
8670-HWCLN,Female,0,No,No,41,Yes,No,No,No internet service,No internet service,No internet service,No internet service,No internet service,No internet service,Two year,No,Credit card (automatic),24.57,1018.45,No
8236-XTHDS,Female,0,Yes,No,36,Yes,Yes,No,No internet service,No internet service,No internet service,No internet service,No internet service,No internet service,Month-to-month,Yes,Mailed check,20.8,772.0,No
9734-DAJEF,Female,1,Yes,No,10,Yes,Yes,No,No internet service,No internet service,No internet service,No internet service,No internet service,No internet service,Two year,No,Credit card (automatic),26.18,283.08,No
6928-DSJJX,Female,0,Yes,Yes,30,Yes,No,DSL,No,Yes,No,Yes,Yes,No,Two year,Yes,Electronic check,48.66,1418.23,No
7676-NUVRC,Female,0,No,Yes,70,Yes,No,Fiber optic,No,Yes,No,No,Yes,No,Two year,Yes,Bank transfer (automatic),106.78,7499.99,No
4497-ZDJPB,Male,1,No,Yes,2,Yes,No,Fiber optic,No,No,Yes,No,No,No,One year,Yes,Electronic check,65.63,174.14,Yes
3191-UIKVK,Female,1,No,Yes,3,Yes,No,Fiber optic,No,No,Yes,No,Yes,Yes,One year,No,Credit card (automatic),117.62,303.39,Yes
9688-BKOMF,Male,1,Yes,No,6,Yes,Yes,DSL,Yes,No,No,No,No,No,Month-to-month,No,Credit card (automatic),55.41,301.01,Yes
5781-NONTH,Male,0,Yes,No,58,Yes,Yes,DSL,Yes,No,Yes,No,No,Yes,Two year,No,Mailed check,49.28,2847.89,No
6929-BFBVX,Male,0,No,Yes,45,Yes,No,DSL,Yes,Yes,No,No,Yes,Yes,Month-to-month,Yes,Electronic check,65.03,2960.64,No
7124-YZBDV,Female,1,No,No,3,Yes,Yes,Fiber optic,No,No,No,Yes,No,No,Month-to-month,Yes,Bank transfer (automatic),66.96,254.61,Yes
8885-DJXHR,Female,0,Yes,Yes,1,Yes,No,No,No internet service,No internet service,No internet service,No internet service,No internet service,No internet service,Month-to-month,Yes,Credit card (automatic),35.52,28.88,No
4561-EUYPL,Female,0,No,No,1,Yes,No,DSL,Yes,No,No,No,No,No,Two year,No,Electronic check,71.61,151.13,No
9630-IMRGD,Male,1,No,No,62,Yes,No,Fiber optic,No,Yes,No,No,Yes,No,Month-to-month,Yes,Mailed check,103.29,6374.97,No
9515-NPEOI,Male,0,No,No,68,No,No phone service,DSL,No,Yes,Yes,Yes,No,No,One year,Yes,Mailed check,49.91,3307.68,No
7058-UIWVS,Female,0,Yes,No,10,Yes,Yes,DSL,No,No,Yes,No,Yes,Yes,Month-to-month,Yes,Mailed check,53.61,457.14,Yes
6539-QGYAA,Male,0,Yes,No,2,Yes,Yes,Fiber optic,No,No,No,No,No,Yes,Month-to-month,Yes,Electronic check,75.94,109.19,Yes
3344-KXNKN,Female,0,Yes,No,14,Yes,Yes,Fiber optic,No,No,No,No,Yes,Yes,Two year,Yes,Credit card (automatic),106.35,1459.41,No
3722-YNONK,Male,1,No,Yes,59,Yes,No,Fiber optic,Yes,No,Yes,No,No,No,Month-to-month,Yes,Bank transfer (automatic),72.46,4344.62,No
8513-WBMYH,Female,0,No,Yes,37,Yes,Yes,Fiber optic,No,No,Yes,No,Yes,No,Two year,No,Credit card (automatic),95.18,3525.42,No
4217-RGSPE,Female,0,Yes,No,6,Yes,Yes,DSL,No,No,No,Yes,Yes,Yes,Month-to-month,Yes,Mailed check,52.83,311.82,No
1267-BWGLH,Female,0,Yes,Yes,32,Yes,Yes,Fiber optic,Yes,No,No,No,No,No,Month-to-month,Yes,Bank transfer (automatic),76.2,2475.68,No
4707-GOLIW,Male,1,Yes,No,62,Yes,No,Fiber optic,No,No,No,Yes,Yes,Yes,Two year,No,Electronic check,77.2,4696.65,No
5494-HFEYK,Female,1,No,Yes,13,Yes,Yes,No,No internet service,No internet service,No internet service,No internet service,No internet service,No internet service,One year,No,Bank transfer (automatic),25.29,344.73,Yes
7429-ACXOV,Female,0,No,Yes,11,Yes,No,Fiber optic,No,No,No,No,No,Yes,One year,Yes,Bank transfer (automatic),67.22,794.55,No
6818-ZOYVQ,Female,0,Yes,No,48,Yes,Yes,DSL,Yes,Yes,Yes,No,Yes,Yes,Month-to-month,Yes,Electronic check,60.32,2945.5,No
2011-PYEQU,Female,0,No,No,6,Yes,No,No,No internet service,No internet service,No internet service,No internet service,No internet service,No internet service,Two year,No,Electronic check,22.56,107.55,No
8665-KFOOM,Male,0,No,Yes,3,Yes,No,Fiber optic,No,No,Yes,No,No,Yes,Two year,No,Electronic check,99.78,319.04,Yes
2280-VUOIW,Male,0,No,Yes,0,Yes,No,DSL,Yes,Yes,No,No,No,No,Two year,No,Bank transfer (automatic),45.24, ,No
6773-LCVNH,Male,0,No,No,61,Yes,No,No,No internet service,No internet service,No internet service,No internet service,No internet service,No internet service,Month-to-month,Yes,Bank transfer (automatic),27.69,1602.39,No
5789-RGLGB,Male,0,Yes,No,15,Yes,No,Fiber optic,No,Yes,No,No,No,No,Two year,Yes,Electronic check,99.76,1539.27,No
1568-HHMSQ,Female,0,No,No,0,No,No phone service,No,No internet service,No internet service,No internet service,No internet service,No internet service,No internet service,Two year,No,Mailed check,18.27, ,No
7792-GZHQW,Male,0,No,Yes,31,Yes,Yes,Fiber optic,No,Yes,Yes,No,No,No,Two year,Yes,Credit card (automatic),117.39,3577.06,No
6662-AYNBX,Male,0,No,No,27,Yes,No,Fiber optic,No,Yes,Yes,No,Yes,No,Two year,Yes,Bank transfer (automatic),93.89,2558.05,No
6510-ZOXUI,Male,0,No,Yes,5,Yes,No,Fiber optic,No,No,No,No,Yes,Yes,Month-to-month,Yes,Credit card (automatic),100.52,603.3,Yes
8460-EIPOU,Male,0,Yes,Yes,2,Yes,No,Fiber optic,No,Yes,No,Yes,No,Yes,One year,No,Mailed check,102.04,64.77,Yes
9953-LTXYP,Male,0,No,No,61,Yes,Yes,DSL,Yes,No,Yes,Yes,Yes,No,Month-to-month,No,Bank transfer (automatic),50.28,3151.85,No
3157-CGQVH,Female,0,No,Yes,6,Yes,No,Fiber optic,No,No,No,No,No,No,Two year,No,Mailed check,73.75,377.58,No
7222-DFUYA,Male,1,Yes,No,71,Yes,No,DSL,Yes,No,No,No,Yes,No,Two year,No,Mailed check,58.47,4203.04,No
4733-PXAZU,Female,0,No,No,4,Yes,Yes,DSL,No,No,No,No,Yes,No,Month-to-month,No,Electronic check,48.31,119.28,Yes
6817-HBXKR,Male,1,Yes,No,71,Yes,Yes,No,No internet service,No internet service,No internet service,No internet service,No internet service,No internet service,Month-to-month,No,Credit card (automatic),18.2,1302.71,No
8873-JKYSG,Male,0,No,No,0,Yes,Yes,DSL,No,Yes,No,No,No,No,Month-to-month,Yes,Mailed check,53.46, ,Yes
7139-VHUKM,Female,0,Yes,Yes,0,Yes,No,No,No internet service,No internet service,No internet service,No internet service,No internet service,No internet service,Month-to-month,Yes,Credit card (automatic),19.55, ,Yes
1125-TTGZN,Male,0,Yes,No,1,Yes,Yes,DSL,No,Yes,No,Yes,No,No,Month-to-month,No,Electronic check,50.71,102.78,Yes
9042-TLGIG,Male,0,No,No,0,Yes,Yes,Fiber optic,Yes,No,No,No,No,No,Month-to-month,Yes,Mailed check,73.7, ,Yes
9742-XFQBP,Female,1,No,No,66,Yes,No,Fiber optic,No,No,Yes,No,Yes,No,Month-to-month,Yes,Bank transfer (automatic),104.52,6868.87,No
9745-PJMKB,Female,0,No,Yes,60,Yes,Yes,No,No internet service,No internet service,No internet service,No internet service,No internet service,No internet service,Month-to-month,Yes,Credit card (automatic),18.0,1158.79,No
2208-AQRXZ,Female,0,No,No,32,Yes,No,DSL,No,No,No,No,No,Yes,One year,Yes,Electronic check,68.61,2181.57,No
8779-CHPNB,Male,0,Yes,No,30,Yes,Yes,No,No internet service,No internet service,No internet service,No internet service,No internet service,No internet service,Month-to-month,No,Bank transfer (automatic),28.16,939.55,No
4937-AEBVI,Female,0,No,No,0,Yes,No,No,No internet service,No internet service,No internet service,No internet service,No internet service,No internet service,Two year,Yes,Bank transfer (automatic),29.4, ,No
4099-BZPRL,Female,1,No,No,51,Yes,Yes,DSL,Yes,No,No,No,Yes,No,Two year,Yes,Bank transfer (automatic),56.38,2832.83,No
6557-JYRTN,Female,0,Yes,Yes,1,Yes,Yes,DSL,Yes,Yes,No,No,No,No,Month-to-month,No,Electronic check,49.67,127.6,Yes
4488-BIBQD,Male,0,No,No,34,Yes,No,DSL,Yes,No,Yes,No,No,No,Month-to-month,No,Bank transfer (automatic),60.76,1982.5,No
7126-VKUYY,Male,1,Yes,Yes,35,Yes,Yes,DSL,No,No,Yes,No,Yes,No,Two year,No,Bank transfer (automatic),79.76,2786.37,No
9774-TIJBB,Male,1,Yes,Yes,1,Yes,Yes,DSL,No,No,No,No,Yes,No,One year,No,Credit card (automatic),63.0,93.39,Yes
4916-BSRLB,Male,0,No,No,25,Yes,Yes,Fiber optic,No,No,Yes,No,No,No,Month-to-month,No,Electronic check,77.31,1981.22,Yes
2499-AQSRC,Female,0,No,Yes,45,Yes,No,DSL,Yes,No,Yes,No,No,Yes,Month-to-month,No,Credit card (automatic),63.28,2828.73,No
7303-ZIVML,Male,0,No,No,3,Yes,No,Fiber optic,No,Yes,Yes,No,No,No,Month-to-month,Yes,Mailed check,98.23,298.26,No
3609-PISBQ,Male,0,No,Yes,66,Yes,Yes,Fiber optic,No,Yes,Yes,Yes,Yes,No,Month-to-month,No,Bank transfer (automatic),77.95,5213.47,No
1130-NPPNZ,Male,0,Yes,No,10,Yes,No,Fiber optic,No,No,No,No,No,Yes,Two year,Yes,Credit card (automatic),99.07,1049.74,No
7927-QXEOF,Male,1,No,No,4,Yes,Yes,No,No internet service,No internet service,No internet service,No internet service,No internet service,No internet service,Two year,Yes,Electronic check,23.9,46.86,No
3097-ZTOHU,Male,0,Yes,No,19,Yes,No,Fiber optic,No,No,No,No,No,Yes,Two year,No,Mailed check,77.8,1448.42,No
3237-NNXHE,Male,1,Yes,No,1,Yes,No,DSL,No,No,No,No,No,No,Month-to-month,No,Credit card (automatic),58.56,21.52,Yes
5206-VBZRE,Male,0,Yes,No,5,Yes,Yes,DSL,Yes,No,No,Yes,No,No,One year,Yes,Credit card (automatic),63.4,301.5,Yes
2600-QUHAN,Female,0,Yes,No,37,Yes,No,Fiber optic,No,Yes,No,Yes,No,Yes,Two year,Yes,Credit card (automatic),69.02,2555.53,No
6075-AUHPX,Male,1,Yes,No,10,Yes,No,Fiber optic,No,No,No,No,No,No,One year,No,Credit card (automatic),67.57,627.79,No
7075-OPOLF,Female,0,No,No,66,Yes,No,Fiber optic,No,Yes,Yes,No,No,No,Month-to-month,Yes,Electronic check,82.9,5531.67,No
4346-KIZBQ,Male,0,No,Yes,5,Yes,No,No,No internet service,No internet service,No internet service,No internet service,No internet service,No internet service,Two year,Yes,Electronic check,25.32,123.26,No
3752-TLXMM,Male,0,No,Yes,6,No,No phone service,Fiber optic,No,Yes,No,Yes,Yes,Yes,Month-to-month,No,Credit card (automatic),77.95,525.51,Yes
4841-WOADN,Male,0,Yes,No,35,Yes,No,Fiber optic,No,No,Yes,No,No,Yes,One year,Yes,Credit card (automatic),86.84,3041.07,No
6465-NCBMP,Male,0,No,No,45,Yes,Yes,DSL,Yes,Yes,No,Yes,No,No,Month-to-month,No,Electronic check,72.39,3185.54,No
2395-CISGG,Male,0,Yes,No,50,Yes,No,No,No internet service,No internet service,No internet service,No internet service,No internet service,No internet service,Month-to-month,Yes,Credit card (automatic),24.81,1181.99,No
2513-TAGNX,Male,1,No,No,30,Yes,No,Fiber optic,No,No,Yes,No,No,Yes,Two year,No,Electronic check,79.21,2343.89,No
1156-PBVJU,Female,1,No,No,28,Yes,No,DSL,No,No,Yes,No,No,Yes,Month-to-month,No,Electronic check,66.28,1855.93,No
5150-MOWKW,Male,0,Yes,No,1,Yes,No,No,No internet service,No internet service,No internet service,No internet service,No internet service,No internet service,Two year,Yes,Bank transfer (automatic),41.65,61.77,No
6738-TZIZS,Male,0,No,No,24,Yes,Yes,DSL,No,Yes,No,No,No,No,One year,Yes,Credit card (automatic),53.05,1269.29,No
1363-FYOFW,Female,0,No,No,21,Yes,No,DSL,No,Yes,Yes,No,No,Yes,Two year,Yes,Credit card (automatic),60.69,1295.86,No
9272-UYBPS,Male,0,Yes,No,12,Yes,No,DSL,Yes,Yes,No,No,No,No,Two year,Yes,Electronic check,76.41,914.93,No
1285-VOLCH,Male,0,No,No,5,Yes,No,DSL,No,No,No,No,No,No,Month-to-month,Yes,Bank transfer (automatic),53.1,218.93,Yes
1264-MHIUD,Male,0,No,Yes,68,Yes,Yes,DSL,No,Yes,Yes,Yes,No,No,Two year,No,Mailed check,63.38,4273.81,No
3355-QPWUJ,Male,1,Yes,Yes,21,Yes,No,Fiber optic,No,No,Yes,No,No,No,Two year,Yes,Mailed check,100.18,2090.47,Yes
6565-PBXKG,Male,0,Yes,No,66,Yes,Yes,DSL,No,No,No,Yes,No,No,Two year,Yes,Bank transfer (automatic),39.85,2634.54,No
5646-DJSRL,Female,0,Yes,No,13,No,No phone service,No,No internet service,No internet service,No internet service,No internet service,No internet service,No internet service,One year,Yes,Credit card (automatic),33.16,385.06,No
1804-XOPPH,Female,1,No,Yes,46,Yes,No,Fiber optic,Yes,No,No,No,Yes,No,One year,Yes,Credit card (automatic),95.36,4402.71,No
2824-NNXPQ,Female,0,Yes,Yes,54,No,No phone service,Fiber optic,Yes,Yes,No,No,Yes,Yes,Two year,Yes,Mailed check,82.64,4370.76,No
9389-XOZQD,Male,1,No,Yes,41,Yes,No,Fiber optic,No,No,Yes,No,Yes,No,Month-to-month,Yes,Bank transfer (automatic),110.17,4482.59,Yes
1609-ARGRQ,Male,1,Yes,No,29,Yes,Yes,DSL,Yes,Yes,Yes,No,No,Yes,Two year,Yes,Bank transfer (automatic),55.2,1548.53,No
6554-RSKCV,Male,0,No,No,37,Yes,Yes,DSL,Yes,Yes,Yes,No,Yes,Yes,Month-to-month,No,Bank transfer (automatic),64.26,2467.25,No
2214-TEGPG,Male,0,No,No,3,No,No phone service,Fiber optic,No,No,Yes,Yes,Yes,No,Month-to-month,Yes,Credit card (automatic),74.81,249.15,Yes
8942-HTTMA,Male,0,No,No,47,No,No phone service,Fiber optic,No,No,No,No,No,Yes,One year,Yes,Electronic check,79.76,3756.27,No
5094-BNUOF,Male,1,No,Yes,55,Yes,Yes,DSL,No,No,No,No,No,No,Month-to-month,No,Bank transfer (automatic),67.09,3726.21,No
8505-QAVKM,Male,1,No,Yes,25,Yes,No,Fiber optic,No,No,No,Yes,Yes,Yes,Two year,Yes,Bank transfer (automatic),96.16,2421.02,No
1928-GXOUD,Male,0,No,No,0,Yes,Yes,DSL,No,Yes,No,No,No,No,Month-to-month,No,Electronic check,51.52, ,Yes
7858-QAXIJ,Male,0,Yes,No,28,Yes,Yes,No,No internet service,No internet service,No internet service,No internet service,No internet service,No internet service,One year,No,Bank transfer (automatic),21.22,590.21,No
5658-HIUMT,Female,0,Yes,No,70,Yes,Yes,DSL,No,Yes,Yes,No,No,No,Month-to-month,No,Electronic check,47.05,3316.61,No
1533-FTJPD,Male,0,No,Yes,62,Yes,No,DSL,No,Yes,Yes,No,No,No,Month-to-month,No,Bank transfer (automatic),65.29,4108.07,No
4898-LWEDO,Female,0,Yes,No,1,Yes,No,Fiber optic,Yes,No,Yes,No,Yes,No,Month-to-month,No,Mailed check,100.34,41.5,Yes
6549-OPHJE,Male,1,Yes,No,1,Yes,No,DSL,Yes,No,Yes,No,No,No,One year,Yes,Bank transfer (automatic),76.67,63.16,No
4642-GJZFW,Female,0,No,No,6,Yes,No,No,No internet service,No internet service,No internet service,No internet service,No internet service,No internet service,Two year,Yes,Electronic check,27.68,188.5,Yes
8001-LRZAF,Male,0,No,No,62,Yes,Yes,DSL,No,No,No,Yes,No,No,One year,No,Mailed check,57.61,3557.99,No
9933-XJXMH,Male,0,Yes,No,66,Yes,No,Fiber optic,Yes,Yes,Yes,No,Yes,No,Month-to-month,Yes,Electronic check,109.27,7206.34,Yes
2338-NCMPN,Male,0,Yes,No,3,Yes,No,Fiber optic,No,Yes,No,No,Yes,No,Two year,Yes,Mailed check,93.92,297.28,Yes
1111-VOGOQ,Male,0,Yes,No,36,Yes,No,DSL,No,No,No,No,No,No,Month-to-month,No,Electronic check,57.75,2121.36,Yes
1720-JTZNO,Female,1,Yes,No,0,Yes,No,No,No internet service,No internet service,No internet service,No internet service,No internet service,No internet service,Month-to-month,No,Credit card (automatic),25.13, ,Yes
1725-LVDUT,Male,0,Yes,No,64,Yes,Yes,Fiber optic,No,No,No,No,No,Yes,Month-to-month,Yes,Mailed check,76.6,4937.12,Yes
9232-NSLMQ,Male,0,No,No,37,Yes,Yes,DSL,No,Yes,Yes,No,No,Yes,Month-to-month,Yes,Electronic check,54.47,1953.37,No
3410-ZJRRW,Female,0,No,No,52,Yes,No,Fiber optic,No,No,No,No,No,No,Two year,No,Credit card (automatic),72.32,3649.71,No
2742-UVXAU,Male,0,Yes,No,51,No,No phone service,DSL,No,Yes,Yes,No,Yes,Yes,One year,No,Credit card (automatic),59.75,2986.5,No
5048-TSTNC,Female,0,Yes,No,47,Yes,Yes,Fiber optic,Yes,No,No,No,Yes,No,Month-to-month,Yes,Bank transfer (automatic),72.77,3420.09,No
5680-YIGKV,Female,1,No,No,4,Yes,No,DSL,No,No,No,Yes,No,No,Month-to-month,No,Electronic check,48.23,288.06,Yes
2560-FQYEQ,Male,0,Yes,No,5,Yes,No,DSL,No,No,Yes,Yes,Yes,No,One year,Yes,Bank transfer (automatic),55.71,284.94,Yes
7068-GELVT,Male,0,Yes,Yes,46,Yes,No,Fiber optic,Yes,No,No,No,No,Yes,Month-to-month,Yes,Credit card (automatic),104.61,4905.57,No
8853-DGZWP,Male,0,Yes,No,38,Yes,No,No,No internet service,No internet service,No internet service,No internet service,No internet service,No internet service,Two year,No,Bank transfer (automatic),22.14,800.49,Yes
4641-JMCDU,Female,0,No,No,6,Yes,No,Fiber optic,No,No,No,No,No,No,Two year,Yes,Mailed check,93.99,505.01,No
9148-PMSKR,Male,0,Yes,Yes,49,Yes,No,DSL,No,No,No,Yes,No,Yes,Month-to-month,Yes,Bank transfer (automatic),56.72,2763.22,No
9399-KTYWW,Male,0,Yes,Yes,42,No,No phone service,DSL,No,No,No,Yes,No,Yes,Month-to-month,Yes,Electronic check,70.99,2986.59,Yes
5228-CEEJP,Male,0,No,Yes,7,Yes,Yes,No,No internet service,No internet service,No internet service,No internet service,No internet service,No internet service,One year,No,Bank transfer (automatic),34.12,281.38,No
1546-TEKZE,Female,1,No,No,9,Yes,Yes,DSL,No,Yes,No,No,Yes,No,Two year,No,Bank transfer (automatic),55.6,517.02,No
2406-ELLAB,Female,0,No,Yes,48,Yes,No,Fiber optic,No,No,No,Yes,No,Yes,One year,Yes,Electronic check,98.57,4751.33,Yes
1357-YBXKO,Female,0,No,No,37,Yes,No,DSL,Yes,No,Yes,No,Yes,No,Month-to-month,Yes,Mailed check,46.06,1808.89,No
9668-OJHTQ,Female,0,No,Yes,25,Yes,Yes,No,No internet service,No internet service,No internet service,No internet service,No internet service,No internet service,Two year,No,Credit card (automatic),24.57,518.71,No
1968-TWYVZ,Female,1,Yes,Yes,61,No,No phone service,Fiber optic,Yes,No,Yes,Yes,Yes,Yes,One year,No,Electronic check,75.92,4658.73,No
3434-ZORHR,Male,0,Yes,Yes,2,Yes,Yes,DSL,No,Yes,Yes,Yes,No,No,Month-to-month,Yes,Mailed check,60.72,88.44,No
6391-NYIZM,Female,1,Yes,Yes,0,Yes,No,DSL,No,No,No,Yes,No,Yes,Month-to-month,Yes,Bank transfer (automatic),56.57, ,No
9831-VUHOO,Female,0,Yes,No,24,Yes,Yes,No,No internet service,No internet service,No internet service,No internet service,No internet service,No internet service,Two year,No,Mailed check,22.0,544.87,No
8014-FVMZT,Male,1,Yes,No,1,Yes,No,Fiber optic,No,Yes,No,Yes,No,Yes,Month-to-month,Yes,Mailed check,98.24,84.2,Yes
1499-LKJHZ,Female,0,Yes,No,30,Yes,No,DSL,No,Yes,Yes,Yes,No,No,One year,Yes,Electronic check,62.19,1886.99,No
2699-PGDZM,Female,0,No,No,4,Yes,No,DSL,Yes,No,No,No,Yes,Yes,Month-to-month,No,Bank transfer (automatic),76.67,324.11,No
3105-HSBTM,Male,0,No,Yes,62,Yes,No,Fiber optic,Yes,Yes,No,No,No,No,Month-to-month,Yes,Credit card (automatic),95.85,5956.06,No
4768-NWGFE,Male,0,Yes,No,53,Yes,Yes,DSL,No,Yes,Yes,No,Yes,No,Month-to-month,No,Electronic check,60.36,3111.79,No
8960-ZULUW,Male,0,No,No,62,Yes,Yes,Fiber optic,No,No,Yes,Yes,Yes,Yes,One year,No,Credit card (automatic),85.27,5328.9,No
1644-PHVOE,Female,0,Yes,No,6,Yes,No,DSL,No,No,No,Yes,No,No,One year,Yes,Electronic check,61.05,261.23,No
2505-AACKF,Male,0,No,No,2,No,No phone service,Fiber optic,Yes,No,Yes,Yes,No,No,Month-to-month,No,Electronic check,98.54,221.41,No
4951-ASHGQ,Female,0,No,No,3,Yes,No,Fiber optic,No,Yes,No,No,No,No,One year,No,Mailed check,106.52,346.14,No
2487-NXRGX,Male,0,Yes,Yes,56,Yes,No,DSL,No,No,Yes,Yes,No,No,Two year,Yes,Electronic check,44.78,2487.65,No
4161-AWYCQ,Female,0,Yes,Yes,51,Yes,Yes,DSL,Yes,No,Yes,No,Yes,Yes,Month-to-month,Yes,Mailed check,65.64,3398.03,No
7851-ZXEPM,Male,1,No,No,48,Yes,No,No,No internet service,No internet service,No internet service,No internet service,No internet service,No internet service,Two year,Yes,Bank transfer (automatic),26.84,1315.89,No
7098-DMHSI,Female,0,No,No,16,Yes,Yes,Fiber optic,No,No,Yes,Yes,No,Yes,Two year,No,Credit card (automatic),81.19,1297.35,No
3514-FGMSW,Male,0,No,No,28,Yes,No,No,No internet service,No internet service,No internet service,No internet service,No internet service,No internet service,Two year,No,Electronic check,39.31,1159.94,No
5320-IPDVF,Male,1,Yes,Yes,0,Yes,No,DSL,Yes,Yes,No,Yes,No,Yes,Month-to-month,No,Mailed check,52.78, ,Yes
1797-QRMMT,Male,0,Yes,No,40,Yes,No,No,No internet service,No internet service,No internet service,No internet service,No internet service,No internet service,One year,Yes,Mailed check,44.46,1774.57,No
6056-UJTQA,Male,0,Yes,No,0,Yes,Yes,Fiber optic,Yes,No,No,No,Yes,No,One year,Yes,Credit card (automatic),70.34, ,No
6356-AKSWI,Male,0,No,Yes,24,Yes,No,DSL,Yes,No,No,Yes,Yes,No,Month-to-month,No,Bank transfer (automatic),55.45,1304.18,No
6983-CELKR,Female,0,Yes,No,8,Yes,No,Fiber optic,No,Yes,No,No,No,No,Month-to-month,Yes,Bank transfer (automatic),85.82,667.64,Yes
1990-DFKEM,Female,0,Yes,No,70,Yes,No,Fiber optic,No,No,Yes,No,No,No,One year,No,Credit card (automatic),78.06,5507.75,No
9340-TTLBL,Female,0,No,No,24,No,No phone service,No,No internet service,No internet service,No internet service,No internet service,No internet service,No internet service,One year,Yes,Credit card (automatic),31.87,766.47,No
3676-AZKHE,Female,0,Yes,Yes,0,Yes,Yes,Fiber optic,No,No,No,No,No,No,Two year,No,Credit card (automatic),100.97, ,Yes
5795-CLHXU,Male,0,Yes,Yes,50,Yes,No,Fiber optic,Yes,No,No,No,Yes,No,Month-to-month,No,Credit card (automatic),106.54,5335.38,No
4868-PPCLY,Female,0,No,Yes,2,No,No phone service,No,No internet service,No internet service,No internet service,No internet service,No internet service,No internet service,One year,Yes,Electronic check,44.46,93.03,No
8956-TAXFQ,Female,0,No,No,12,Yes,Yes,DSL,Yes,Yes,Yes,No,Yes,Yes,Month-to-month,No,Electronic check,47.08,499.72,Yes
7943-ILBMW,Male,0,No,No,4,No,No phone service,DSL,No,No,No,No,No,No,Two year,Yes,Electronic check,66.72,174.5,Yes
5865-UDMDQ,Female,1,Yes,Yes,2,Yes,Yes,Fiber optic,Yes,No,Yes,Yes,Yes,Yes,Month-to-month,No,Electronic check,98.72,196.88,Yes
5897-GFRXD,Male,0,No,No,34,No,No phone service,No,No internet service,No internet service,No internet service,No internet service,No internet service,No internet service,Month-to-month,Yes,Mailed check,30.31,971.9,No
6308-NZQYT,Female,0,Yes,No,8,Yes,No,Fiber optic,Yes,No,Yes,No,No,Yes,Month-to-month,No,Mailed check,72.21,609.26,No
8557-BNPLM,Female,0,No,Yes,6,Yes,Yes,DSL,Yes,No,Yes,Yes,Yes,Yes,Month-to-month,No,Electronic check,55.77,402.46,No
2697-JLOXM,Female,1,No,Yes,49,Yes,Yes,No,No internet service,No internet service,No internet service,No internet service,No internet service,No internet service,Month-to-month,Yes,Credit card (automatic),30.63,1520.98,No
7031-AFNPH,Male,0,No,Yes,48,Yes,Yes,Fiber optic,Yes,Yes,Yes,No,Yes,Yes,Month-to-month,No,Bank transfer (automatic),68.01,3257.05,No
9004-VNXPK,Female,0,No,Yes,55,Yes,Yes,Fiber optic,No,No,Yes,Yes,No,Yes,Month-to-month,No,Electronic check,72.82,4058.74,No
7413-LCQQJ,Male,0,No,No,71,Yes,No,Fiber optic,Yes,No,No,No,No,No,Month-to-month,No,Mailed check,69.26,4836.1,No
3679-RVOIZ,Female,0,Yes,No,14,Yes,No,Fiber optic,Yes,No,Yes,Yes,Yes,No,Month-to-month,Yes,Electronic check,84.51,1191.35,Yes
5718-JGHZA,Male,0,Yes,No,40,No,No phone service,No,No internet service,No internet service,No internet service,No internet service,No internet service,No internet service,Two year,Yes,Mailed check,38.03,1456.45,No
6008-ECYQA,Female,0,Yes,No,70,No,No phone service,Fiber optic,No,Yes,Yes,Yes,No,Yes,Month-to-month,No,Credit card (automatic),100.71,7105.64,No
2736-ADHCO,Female,0,No,No,11,Yes,No,Fiber optic,No,Yes,No,Yes,No,No,Two year,Yes,Bank transfer (automatic),74.95,815.4,No
7766-IAKRX,Male,0,Yes,Yes,2,Yes,No,DSL,Yes,No,No,No,No,No,One year,No,Bank transfer (automatic),52.01,62.79,No
9176-MYDUB,Male,0,No,Yes,9,Yes,Yes,Fiber optic,No,Yes,No,Yes,No,No,One year,No,Mailed check,63.24,525.11,No
9191-FDATW,Female,0,No,Yes,9,Yes,No,No,No internet service,No internet service,No internet service,No internet service,No internet service,No internet service,Two year,No,Bank transfer (automatic),24.63,203.04,No
8059-JPHIQ,Male,0,No,No,3,Yes,No,Fiber optic,No,No,No,Yes,Yes,No,Two year,Yes,Electronic check,106.41,360.94,Yes
1405-ZJLQX,Male,0,Yes,No,2,Yes,No,No,No internet service,No internet service,No internet service,No internet service,No internet service,No internet service,Two year,Yes,Electronic check,25.37,95.35,No
2149-ZBILD,Male,0,No,No,54,Yes,No,DSL,Yes,No,Yes,No,No,Yes,One year,Yes,Electronic check,67.94,3706.42,No
9743-VMXQZ,Male,0,No,No,0,Yes,Yes,Fiber optic,No,No,No,No,Yes,Yes,One year,Yes,Credit card (automatic),81.52, ,No
7580-LZSHB,Female,0,No,Yes,42,Yes,Yes,Fiber optic,No,Yes,No,Yes,Yes,Yes,Month-to-month,Yes,Bank transfer (automatic),92.08,3851.15,No
7765-YDJMC,Female,1,No,No,0,Yes,No,DSL,No,Yes,No,No,Yes,Yes,One year,No,Bank transfer (automatic),44.9, ,Yes
7074-AKVZZ,Male,0,Yes,No,61,Yes,Yes,Fiber optic,No,No,No,No,Yes,Yes,Two year,Yes,Electronic check,86.86,5360.8,No
4309-CKLEN,Male,0,Yes,No,34,Yes,Yes,Fiber optic,No,No,No,Yes,Yes,Yes,Two year,Yes,Mailed check,68.57,2384.12,No
2274-LQPDL,Male,0,No,No,2,Yes,No,DSL,Yes,No,No,No,Yes,Yes,Two year,No,Credit card (automatic),68.98,220.55,No
6670-YURJZ,Male,1,No,Yes,1,Yes,No,DSL,No,No,No,No,Yes,Yes,Two year,No,Electronic check,53.41,63.27,No
1788-LHHBU,Female,0,No,No,1,Yes,No,Fiber optic,Yes,No,No,No,Yes,Yes,Month-to-month,Yes,Mailed check,67.77,78.51,Yes
1646-KHDSN,Male,0,No,No,0,Yes,No,DSL,Yes,Yes,No,No,No,No,One year,Yes,Electronic check,59.96, ,Yes
4904-LLKHR,Female,0,No,No,6,Yes,Yes,Fiber optic,No,Yes,No,No,No,No,Month-to-month,No,Credit card (automatic),112.83,720.38,No
3794-OCUEF,Female,0,No,Yes,25,Yes,No,No,No internet service,No internet service,No internet service,No internet service,No internet service,No internet service,Month-to-month,Yes,Credit card (automatic),19.43,471.1,No
2163-HUXYN,Female,0,No,Yes,47,Yes,No,Fiber optic,No,No,Yes,No,Yes,No,Month-to-month,No,Mailed check,71.39,3243.97,Yes
8598-ADSAJ,Female,0,No,No,0,No,No phone service,Fiber optic,No,No,No,Yes,No,No,One year,Yes,Electronic check,95.59, ,Yes
7929-IUMWU,Male,0,Yes,No,43,Yes,No,Fiber optic,Yes,No,No,No,No,No,Month-to-month,No,Electronic check,107.97,4620.78,Yes
8284-EODCM,Male,0,Yes,Yes,54,Yes,Yes,DSL,No,No,No,No,Yes,No,Month-to-month,Yes,Electronic check,73.85,3987.69,No
2297-TOYUW,Male,1,Yes,Yes,1,Yes,No,No,No internet service,No internet service,No internet service,No internet service,No internet service,No internet service,One year,No,Electronic check,19.5,123.39,No
1603-BGNQK,Female,0,Yes,No,64,Yes,No,Fiber optic,Yes,Yes,No,No,No,Yes,Two year,Yes,Electronic check,66.94,4247.09,No
6170-WASVO,Female,1,No,No,11,Yes,No,Fiber optic,Yes,No,Yes,No,No,No,Month-to-month,No,Credit card (automatic),71.39,791.16,Yes
2387-UWRCW,Male,1,No,No,58,Yes,No,DSL,No,No,No,No,No,No,Month-to-month,No,Electronic check,62.92,3665.64,No
4552-LOENU,Male,1,Yes,Yes,31,Yes,No,Fiber optic,Yes,No,No,No,No,No,Two year,No,Bank transfer (automatic),88.33,2837.73,No
3858-VAGOZ,Male,0,Yes,No,10,No,No phone service,DSL,No,No,No,No,No,No,Month-to-month,Yes,Bank transfer (automatic),66.97,648.12,No
9129-LSZUT,Female,0,No,No,10,Yes,No,Fiber optic,No,Yes,Yes,No,Yes,No,Two year,Yes,Bank transfer (automatic),83.33,756.48,No
9827-NHTAH,Female,0,No,No,70,Yes,Yes,DSL,No,Yes,No,No,Yes,Yes,Month-to-month,No,Electronic check,69.35,4935.14,No
4095-QPJXM,Female,0,No,No,5,Yes,No,Fiber optic,No,No,No,Yes,Yes,Yes,One year,No,Credit card (automatic),90.85,447.29,Yes
2010-VZCBX,Female,0,Yes,No,66,Yes,No,No,No internet service,No internet service,No internet service,No internet service,No internet service,No internet service,Month-to-month,Yes,Bank transfer (automatic),30.37,2001.14,No
2315-YEMOX,Male,0,Yes,Yes,44,Yes,No,DSL,No,Yes,No,No,Yes,No,Month-to-month,Yes,Mailed check,48.36,2117.86,No
9071-BJLID,Female,0,No,No,10,Yes,Yes,Fiber optic,No,No,Yes,Yes,Yes,Yes,Month-to-month,No,Bank transfer (automatic),107.46,989.38,Yes
1801-AXRYW,Female,0,No,No,18,Yes,No,Fiber optic,No,Yes,No,No,Yes,Yes,Month-to-month,No,Electronic check,74.62,1394.34,Yes
8724-ZUKIC,Male,0,No,No,33,Yes,No,DSL,Yes,No,No,Yes,No,No,One year,Yes,Mailed check,64.03,2147.75,No
3536-FPHSL,Female,0,No,No,62,Yes,No,No,No internet service,No internet service,No internet service,No internet service,No internet service,No internet service,Two year,Yes,Credit card (automatic),18.0,1086.43,No
3684-QDRZF,Male,0,Yes,Yes,40,Yes,Yes,DSL,No,No,No,No,No,No,Month-to-month,Yes,Electronic check,55.99,2233.82,No
8156-TLXQJ,Female,0,Yes,No,5,Yes,No,DSL,Yes,No,Yes,No,No,No,Month-to-month,Yes,Electronic check,48.35,216.66,Yes
9479-JWPDA,Female,0,Yes,No,47,Yes,No,Fiber optic,No,No,Yes,No,No,No,Two year,No,Mailed check,82.42,3917.16,No
9083-EPZAQ,Female,0,Yes,Yes,3,Yes,Yes,Fiber optic,No,Yes,No,No,No,Yes,Two year,No,Bank transfer (automatic),87.4,289.73,No
5827-NJTYV,Female,0,Yes,No,10,Yes,No,DSL,No,Yes,Yes,Yes,No,Yes,One year,No,Credit card (automatic),66.2,660.41,Yes
9644-MCNJK,Male,0,Yes,No,4,No,No phone service,DSL,Yes,No,No,No,Yes,Yes,Month-to-month,Yes,Credit card (automatic),45.61,181.0,No
4045-DSMXG,Female,0,Yes,No,56,Yes,No,DSL,No,Yes,Yes,No,Yes,No,One year,Yes,Bank transfer (automatic),78.1,4336.12,No
4261-OJWAW,Female,0,No,No,55,Yes,No,DSL,Yes,No,Yes,Yes,Yes,Yes,Month-to-month,Yes,Credit card (automatic),58.65,3137.16,No
5224-YSXDS,Male,1,Yes,Yes,52,Yes,Yes,Fiber optic,Yes,No,No,Yes,Yes,Yes,Month-to-month,Yes,Mailed check,75.49,3973.3,No
9053-KTQMU,Female,1,No,No,62,Yes,Yes,Fiber optic,Yes,No,No,No,Yes,Yes,Month-to-month,No,Bank transfer (automatic),89.84,5642.95,No
5450-XAEMM,Male,0,Yes,Yes,7,Yes,No,Fiber optic,No,No,Yes,No,No,No,One year,No,Bank transfer (automatic),83.53,565.13,No
7033-QLWGH,Female,0,Yes,No,33,Yes,Yes,Fiber optic,No,No,No,No,Yes,Yes,Two year,Yes,Electronic check,77.67,2599.09,No
3205-XPFQO,Female,0,Yes,No,59,Yes,No,DSL,No,No,Yes,No,Yes,No,Two year,No,Electronic check,66.58,3970.49,No
9957-PMOVB,Male,0,Yes,No,50,Yes,No,Fiber optic,Yes,Yes,No,No,No,No,One year,No,Mailed check,90.16,4525.84,No
8922-JCWZK,Male,0,Yes,Yes,67,Yes,Yes,DSL,No,No,No,Yes,No,No,Month-to-month,No,Credit card (automatic),55.06,3728.43,No
5341-ZUWVQ,Female,1,No,No,11,Yes,Yes,Fiber optic,No,No,Yes,Yes,Yes,No,Month-to-month,Yes,Electronic check,81.76,886.03,Yes
9422-IDLQX,Female,0,No,No,14,Yes,Yes,DSL,Yes,Yes,Yes,Yes,No,No,One year,No,Electronic check,70.75,942.95,Yes
2362-JXKTM,Female,0,Yes,No,50,Yes,No,Fiber optic,No,Yes,No,No,No,No,Month-to-month,No,Electronic check,70.7,3523.46,No
3499-XJCBU,Male,0,Yes,No,24,Yes,Yes,Fiber optic,No,Yes,No,Yes,No,No,Month-to-month,No,Bank transfer (automatic),99.17,2381.91,Yes
1474-HXVMQ,Female,1,Yes,No,14,Yes,No,No,No internet service,No internet service,No internet service,No internet service,No internet service,No internet service,Month-to-month,No,Mailed check,27.83,334.27,No
9600-UCEGP,Male,0,No,No,25,Yes,No,DSL,Yes,No,No,No,Yes,Yes,Two year,No,Mailed check,71.36,1762.34,No
8399-PLQFQ,Female,0,Yes,Yes,61,Yes,No,Fiber optic,No,No,Yes,No,No,No,Month-to-month,No,Mailed check,61.5,3748.28,No
6794-GRCTB,Male,0,Yes,Yes,11,Yes,No,DSL,Yes,No,No,No,No,No,Two year,Yes,Electronic check,60.89,620.64,No
3041-JLFCA,Female,0,No,Yes,10,Yes,No,DSL,No,Yes,No,No,No,Yes,One year,Yes,Credit card (automatic),51.69,546.21,No
1618-TXALV,Female,0,No,No,24,Yes,Yes,Fiber optic,No,No,No,No,No,Yes,One year,Yes,Credit card (automatic),73.12,1763.33,No
5213-AVMBO,Female,1,No,No,0,Yes,Yes,No,No internet service,No internet service,No internet service,No internet service,No internet service,No internet service,Month-to-month,Yes,Mailed check,18.73, ,Yes
3515-BDUCQ,Female,0,Yes,Yes,2,Yes,Yes,Fiber optic,No,No,No,No,Yes,Yes,Month-to-month,No,Credit card (automatic),77.84,161.91,No
1453-ZHUSM,Male,0,Yes,Yes,1,Yes,No,DSL,No,No,No,Yes,No,Yes,Month-to-month,Yes,Mailed check,60.13,0.0,Yes
9172-NCNTE,Female,0,Yes,No,66,No,No phone service,Fiber optic,Yes,Yes,No,No,No,Yes,Month-to-month,Yes,Electronic check,98.42,6500.3,Yes
7322-TFAYM,Female,0,No,No,9,Yes,Yes,Fiber optic,No,No,Yes,Yes,Yes,No,Two year,Yes,Bank transfer (automatic),101.23,942.67,Yes
9679-ZQSQS,Male,1,No,No,16,Yes,Yes,DSL,Yes,Yes,No,No,Yes,Yes,Month-to-month,No,Credit card (automatic),71.17,1094.95,No
4847-OEDBL,Male,0,Yes,No,50,Yes,Yes,Fiber optic,No,No,Yes,No,Yes,Yes,Month-to-month,Yes,Bank transfer (automatic),69.31,3451.6,No
1665-AZRGN,Female,0,No,No,0,Yes,Yes,DSL,No,No,No,Yes,No,Yes,Month-to-month,Yes,Electronic check,52.29, ,No
3113-OUDLF,Female,0,Yes,No,61,Yes,Yes,Fiber optic,No,Yes,No,No,No,No,One year,No,Credit card (automatic),79.45,4908.85,No
1459-RTBLG,Female,0,No,No,8,Yes,No,Fiber optic,No,Yes,Yes,No,No,No,Two year,Yes,Mailed check,85.53,673.65,No
7057-DQKMM,Male,1,Yes,No,4,Yes,No,DSL,Yes,Yes,Yes,Yes,No,No,Month-to-month,No,Bank transfer (automatic),57.78,220.88,Yes
1453-GEBJM,Female,0,Yes,No,24,Yes,No,Fiber optic,Yes,No,No,No,Yes,No,One year,No,Credit card (automatic),91.97,2180.76,No
1776-JZCVE,Male,0,Yes,No,0,Yes,Yes,Fiber optic,Yes,Yes,No,No,Yes,No,Month-to-month,No,Electronic check,101.9, ,Yes
7755-DPKZQ,Male,1,No,No,7,Yes,No,Fiber optic,Yes,No,Yes,Yes,Yes,No,One year,No,Mailed check,80.28,532.49,No
9482-AKDDB,Male,0,Yes,No,45,Yes,No,No,No internet service,No internet service,No internet service,No internet service,No internet service,No internet service,Month-to-month,Yes,Electronic check,25.89,1086.29,Yes
9308-GVDAX,Male,0,Yes,Yes,46,Yes,Yes,Fiber optic,No,Yes,No,Yes,Yes,Yes,Month-to-month,No,Credit card (automatic),111.75,5172.63,Yes
7131-LFWWD,Male,0,No,No,25,Yes,Yes,DSL,No,No,No,Yes,No,Yes,Month-to-month,Yes,Credit card (automatic),65.52,1581.11,No
1905-KPAPG,Female,0,No,No,44,Yes,No,No,No internet service,No internet service,No internet service,No internet service,No internet service,No internet service,Month-to-month,Yes,Bank transfer (automatic),33.56,1448.71,No
6113-RQXVT,Male,0,No,No,1,No,No phone service,Fiber optic,No,No,No,Yes,No,No,Two year,No,Credit card (automatic),79.11,58.38,No
1383-IXMHV,Male,0,No,No,29,Yes,No,DSL,No,No,No,No,No,Yes,Two year,No,Electronic check,81.19,2307.28,No
9588-JFNGA,Male,0,No,No,50,Yes,No,DSL,Yes,Yes,No,Yes,Yes,Yes,Month-to-month,Yes,Electronic check,52.45,2662.97,Yes
3908-ZKQYH,Female,0,No,No,0,Yes,No,Fiber optic,Yes,No,No,No,Yes,No,Month-to-month,No,Mailed check,101.48, ,Yes
6304-JMWOX,Male,0,Yes,No,33,Yes,No,DSL,No,No,Yes,Yes,Yes,No,Two year,Yes,Electronic check,59.98,1952.84,No
5245-NRYFW,Male,0,Yes,Yes,61,No,No phone service,No,No internet service,No internet service,No internet service,No internet service,No internet service,No internet service,Two year,Yes,Electronic check,27.21,1648.74,No
4905-KMFBX,Female,0,Yes,Yes,63,Yes,Yes,DSL,Yes,No,Yes,Yes,Yes,No,Month-to-month,No,Bank transfer (automatic),67.54,4254.55,No
8938-BEUHY,Male,0,Yes,No,56,Yes,No,DSL,No,No,Yes,No,No,Yes,Month-to-month,No,Electronic check,77.81,4303.41,No
2399-QBKDG,Female,0,Yes,No,33,Yes,No,Fiber optic,No,No,No,Yes,Yes,No,Month-to-month,Yes,Electronic check,88.59,2974.25,No
5064-TOEDJ,Male,0,Yes,No,54,Yes,No,No,No internet service,No internet service,No internet service,No internet service,No internet service,No internet service,One year,No,Credit card (automatic),26.99,1519.01,No
7325-YJMJQ,Male,0,Yes,No,58,Yes,No,No,No internet service,No internet service,No internet service,No internet service,No internet service,No internet service,Month-to-month,No,Credit card (automatic),30.33,1856.45,No
8372-HADSZ,Male,0,No,Yes,35,Yes,No,DSL,No,Yes,No,No,No,No,Month-to-month,Yes,Electronic check,60.39,2136.91,No
3624-YYLJQ,Female,0,No,No,4,Yes,Yes,DSL,No,No,Yes,No,No,Yes,Month-to-month,Yes,Mailed check,69.87,202.23,Yes
2104-RFANZ,Male,0,No,No,45,Yes,Yes,Fiber optic,No,No,No,Yes,No,No,Two year,No,Bank transfer (automatic),98.77,4335.83,No
2894-TXZKR,Female,0,No,No,44,Yes,Yes,DSL,No,No,Yes,Yes,No,Yes,One year,Yes,Electronic check,52.62,2328.37,No
1298-DDKFI,Male,0,Yes,No,6,Yes,Yes,DSL,No,Yes,Yes,Yes,No,No,One year,No,Electronic check,54.63,341.76,No
1717-LFUVB,Female,0,Yes,No,34,Yes,No,DSL,No,Yes,No,Yes,No,No,Month-to-month,No,Mailed check,45.79,1548.81,No
1283-DPZBP,Male,0,Yes,No,1,Yes,Yes,No,No internet service,No internet service,No internet service,No internet service,No internet service,No internet service,Month-to-month,No,Electronic check,21.19,0.0,Yes
7468-TGAUZ,Male,0,No,No,13,Yes,No,Fiber optic,No,Yes,No,Yes,Yes,Yes,Two year,Yes,Mailed check,90.02,1174.43,No
2112-XDGIE,Male,0,Yes,Yes,50,No,No phone service,Fiber optic,No,No,Yes,No,No,No,Two year,Yes,Mailed check,73.86,3741.58,No
8443-DYVEU,Female,0,No,Yes,71,Yes,No,Fiber optic,No,No,Yes,No,No,Yes,Month-to-month,Yes,Electronic check,78.64,5540.13,No
2658-FJOOO,Male,0,Yes,Yes,0,Yes,No,No,No internet service,No internet service,No internet service,No internet service,No internet service,No internet service,Month-to-month,No,Mailed check,32.29, ,No
6122-INHIZ,Female,0,No,No,61,Yes,No,No,No internet service,No internet service,No internet service,No internet service,No internet service,No internet service,One year,No,Mailed check,46.88,2784.88,No
2872-BQEAI,Female,0,No,No,7,Yes,No,Fiber optic,No,Yes,No,No,No,Yes,One year,Yes,Bank transfer (automatic),98.5,710.67,Yes
5131-GQXTQ,Female,0,Yes,No,60,Yes,No,No,No internet service,No internet service,No internet service,No internet service,No internet service,No internet service,Month-to-month,Yes,Mailed check,23.8,1437.68,No
1744-CTMPO,Male,1,No,No,59,Yes,Yes,Fiber optic,No,Yes,No,No,No,No,Two year,No,Mailed check,86.46,5163.12,No
7290-OKLNI,Female,0,No,Yes,54,Yes,No,Fiber optic,Yes,No,No,No,No,No,One year,No,Mailed check,68.07,3711.28,No
7792-NAEWH,Female,0,No,Yes,24,Yes,No,Fiber optic,Yes,No,No,No,No,Yes,Two year,No,Electronic check,105.68,2576.34,No
2280-SKKWK,Female,0,No,No,56,Yes,No,No,No internet service,No internet service,No internet service,No internet service,No internet service,No internet service,One year,No,Bank transfer (automatic),30.76,1724.28,No
4954-LRDWC,Female,0,Yes,No,60,Yes,Yes,DSL,No,Yes,Yes,Yes,No,Yes,Month-to-month,No,Electronic check,38.76,2315.21,No
6317-NNZFE,Female,0,Yes,No,20,Yes,Yes,Fiber optic,No,Yes,Yes,No,Yes,Yes,Two year,Yes,Mailed check,93.14,1913.54,No
3002-EHZDB,Female,0,No,No,7,Yes,Yes,DSL,No,No,No,Yes,No,No,Two year,No,Credit card (automatic),78.02,542.96,No
3259-NRPWD,Female,0,Yes,No,64,Yes,No,DSL,Yes,Yes,No,Yes,No,Yes,Month-to-month,Yes,Credit card (automatic),79.02,5031.3,No
1297-ULDVY,Male,0,Yes,No,10,Yes,No,DSL,Yes,No,Yes,No,Yes,No,Month-to-month,No,Electronic check,53.15,539.24,Yes
7041-CQYDP,Female,0,Yes,No,31,Yes,Yes,DSL,Yes,No,No,Yes,No,No,Month-to-month,Yes,Electronic check,72.36,2248.9,No
6095-FGXKY,Male,0,No,No,3,Yes,No,No,No internet service,No internet service,No internet service,No internet service,No internet service,No internet service,One year,Yes,Credit card (automatic),28.04,28.14,No
3906-WKYAO,Female,0,Yes,Yes,71,Yes,No,DSL,No,Yes,No,Yes,No,Yes,Month-to-month,Yes,Bank transfer (automatic),54.21,3834.64,No
8313-ABOQU,Female,0,No,No,10,Yes,No,No,No internet service,No internet service,No internet service,No internet service,No internet service,No internet service,Month-to-month,Yes,Bank transfer (automatic),35.78,297.75,Yes
9779-AHUHM,Male,0,Yes,No,0,Yes,Yes,No,No internet service,No internet service,No internet service,No internet service,No internet service,No internet service,Two year,Yes,Electronic check,19.89, ,No
3500-YDDOL,Male,0,Yes,Yes,4,Yes,No,Fiber optic,No,No,No,No,No,Yes,Month-to-month,No,Mailed check,78.88,174.03,No
8993-GRJVN,Male,1,Yes,Yes,49,Yes,Yes,No,No internet service,No internet service,No internet service,No internet service,No internet service,No internet service,Two year,No,Electronic check,32.87,1556.53,Yes
8257-LZJQL,Male,0,Yes,No,70,Yes,Yes,Fiber optic,No,No,Yes,Yes,No,No,Month-to-month,Yes,Electronic check,77.37,5476.07,No
5306-HJSPJ,Male,0,Yes,Yes,36,Yes,Yes,Fiber optic,No,No,Yes,No,No,No,Two year,Yes,Bank transfer (automatic),116.75,4199.7,No
1878-JVGNY,Female,0,No,No,39,Yes,Yes,DSL,No,No,No,No,No,Yes,Month-to-month,No,Electronic check,64.49,2483.44,Yes
8213-NIMNZ,Female,0,Yes,No,8,Yes,Yes,Fiber optic,No,No,No,No,Yes,No,Month-to-month,Yes,Electronic check,108.92,949.53,Yes
5447-CBSQA,Female,0,Yes,No,24,No,No phone service,DSL,Yes,Yes,Yes,Yes,No,No,One year,Yes,Credit card (automatic),79.91,1869.64,No
4605-WOYDR,Male,0,Yes,Yes,70,Yes,Yes,Fiber optic,No,No,No,No,Yes,No,Month-to-month,Yes,Bank transfer (automatic),99.14,6940.04,No
8080-KIHKH,Female,0,Yes,No,3,No,No phone service,DSL,No,Yes,Yes,No,No,No,One year,No,Credit card (automatic),47.76,262.62,No
7363-HJYUH,Male,0,No,No,10,Yes,No,Fiber optic,Yes,No,Yes,No,Yes,No,One year,No,Mailed check,115.96,1178.78,No
3117-BBJHE,Female,0,Yes,Yes,69,Yes,No,DSL,No,No,No,No,No,No,Month-to-month,Yes,Electronic check,66.82,4579.81,No
9085-IHXXG,Male,0,No,No,36,Yes,Yes,No,No internet service,No internet service,No internet service,No internet service,No internet service,No internet service,Month-to-month,Yes,Electronic check,32.65,1148.12,No
4520-KPIWF,Male,0,Yes,Yes,2,Yes,Yes,Fiber optic,No,No,No,Yes,Yes,No,Month-to-month,No,Bank transfer (automatic),62.11,172.49,No
5400-DQEYH,Male,0,Yes,No,13,Yes,No,Fiber optic,Yes,Yes,No,No,No,No,One year,No,Electronic check,79.52,1114.85,Yes
1572-GTYDK,Female,0,No,No,60,Yes,Yes,Fiber optic,No,No,No,No,Yes,Yes,One year,No,Electronic check,94.08,5575.29,No
9226-WEUZQ,Male,0,Yes,No,35,Yes,No,Fiber optic,No,Yes,No,No,No,No,Month-to-month,Yes,Electronic check,90.87,3244.87,Yes
7602-EEUUL,Female,0,No,No,0,Yes,No,No,No internet service,No internet service,No internet service,No internet service,No internet service,No internet service,Month-to-month,Yes,Bank transfer (automatic),18.0, ,No
8377-FAMWQ,Female,0,No,No,70,Yes,Yes,Fiber optic,No,Yes,No,Yes,Yes,Yes,Month-to-month,Yes,Bank transfer (automatic),102.87,7183.29,Yes
9676-XYPSD,Female,0,Yes,No,27,Yes,Yes,Fiber optic,No,Yes,No,No,Yes,No,Month-to-month,Yes,Mailed check,65.27,1809.01,No
5384-IKEOQ,Male,0,No,No,3,Yes,No,Fiber optic,Yes,No,No,No,No,Yes,Month-to-month,Yes,Credit card (automatic),101.62,315.1,Yes
3313-DYYLG,Male,0,Yes,Yes,24,Yes,No,No,No internet service,No internet service,No internet service,No internet service,No internet service,No internet service,Month-to-month,Yes,Electronic check,30.8,783.87,No
7493-PVSJS,Male,0,No,No,71,Yes,No,DSL,No,No,Yes,Yes,Yes,Yes,One year,Yes,Credit card (automatic),76.47,5527.11,No
6159-UNSYA,Male,0,No,No,4,Yes,Yes,Fiber optic,Yes,Yes,No,No,No,No,Month-to-month,Yes,Mailed check,87.0,286.05,No
4612-QDTJD,Female,0,Yes,No,4,Yes,No,DSL,Yes,No,No,No,No,Yes,Month-to-month,Yes,Electronic check,66.18,300.4,No
7332-RVWZL,Male,0,Yes,No,67,Yes,No,No,No internet service,No internet service,No internet service,No internet service,No internet service,No internet service,Month-to-month,Yes,Bank transfer (automatic),19.27,1229.04,No
5691-MDMLK,Male,0,No,Yes,58,Yes,No,No,No internet service,No internet service,No internet service,No internet service,No internet service,No internet service,One year,No,Credit card (automatic),26.33,1499.93,No
1778-ZNWTY,Male,0,Yes,Yes,42,Yes,No,No,No internet service,No internet service,No internet service,No internet service,No internet service,No internet service,Month-to-month,No,Mailed check,29.78,1225.31,No
6635-DGLWY,Female,0,No,Yes,50,Yes,No,DSL,No,No,Yes,Yes,Yes,No,Month-to-month,No,Credit card (automatic),65.62,3154.97,No
2404-FITXN,Male,0,Yes,No,58,No,No phone service,DSL,No,Yes,Yes,No,Yes,No,One year,Yes,Bank transfer (automatic),52.42,3020.44,No
2812-QTSLA,Female,0,Yes,Yes,57,Yes,Yes,Fiber optic,No,No,No,No,Yes,No,Two year,No,Bank transfer (automatic),77.92,4509.39,No
6490-RRJDF,Male,0,No,Yes,38,Yes,No,DSL,No,No,Yes,No,No,No,Month-to-month,No,Bank transfer (automatic),46.97,1797.1,No
4024-EDMCQ,Female,1,No,No,51,Yes,No,DSL,Yes,Yes,Yes,Yes,No,No,Month-to-month,Yes,Bank transfer (automatic),68.57,3503.3,No
9172-PDZBP,Female,0,No,No,64,Yes,No,DSL,No,Yes,No,Yes,Yes,No,Two year,No,Electronic check,71.64,4620.77,No
3322-IKTXR,Male,0,No,No,47,Yes,No,DSL,No,No,Yes,No,Yes,Yes,Two year,Yes,Mailed check,69.06,3179.49,No
9923-OIDSI,Male,0,Yes,Yes,51,Yes,No,DSL,No,No,Yes,Yes,Yes,No,Month-to-month,Yes,Credit card (automatic),63.25,3275.95,No
6868-LYZTE,Male,0,Yes,Yes,40,Yes,Yes,Fiber optic,No,Yes,Yes,No,Yes,Yes,Month-to-month,Yes,Credit card (automatic),54.1,2072.29,No
5642-DYGPE,Male,0,Yes,No,4,Yes,No,Fiber optic,No,Yes,No,Yes,No,No,One year,Yes,Bank transfer (automatic),88.83,397.09,Yes
3863-IJRQB,Male,0,Yes,No,3,Yes,No,DSL,Yes,No,No,No,Yes,Yes,Month-to-month,No,Mailed check,67.1,216.58,Yes
5682-OXSYZ,Female,0,Yes,No,44,Yes,No,Fiber optic,No,No,Yes,Yes,No,No,Month-to-month,Yes,Mailed check,93.34,4139.89,No
5705-DKOUJ,Female,0,No,No,10,Yes,No,Fiber optic,No,No,No,No,No,Yes,Month-to-month,Yes,Electronic check,68.55,674.99,No
9614-CAUVR,Male,0,Yes,No,6,Yes,No,DSL,Yes,No,No,No,Yes,Yes,Month-to-month,Yes,Credit card (automatic),72.35,338.04,No
2384-JXPPP,Female,0,Yes,No,0,Yes,No,DSL,No,No,No,Yes,Yes,No,Month-to-month,No,Credit card (automatic),49.03, ,Yes
3869-XSAVB,Male,1,No,No,4,Yes,Yes,No,No internet service,No internet service,No internet service,No internet service,No internet service,No internet service,Month-to-month,Yes,Electronic check,31.53,142.77,No
9764-HXWAU,Female,0,Yes,Yes,62,Yes,No,DSL,No,Yes,No,No,No,Yes,Two year,No,Electronic check,52.84,3267.64,No
2704-KGSFJ,Male,0,No,No,30,Yes,Yes,No,No internet service,No internet service,No internet service,No internet service,No internet service,No internet service,One year,Yes,Bank transfer (automatic),26.8,838.42,No
8665-RWTJB,Female,0,Yes,No,71,Yes,Yes,DSL,No,Yes,No,No,No,No,Month-to-month,Yes,Electronic check,55.25,3838.59,No
7181-XONUF,Female,0,Yes,Yes,54,Yes,Yes,DSL,No,No,Yes,Yes,Yes,No,Month-to-month,Yes,Electronic check,61.51,3358.44,Yes
1216-ZRKBZ,Male,0,No,No,0,Yes,Yes,No,No internet service,No internet service,No internet service,No internet service,No internet service,No internet service,Two year,Yes,Mailed check,30.18, ,No
8490-UMNRN,Male,0,No,No,59,Yes,No,Fiber optic,Yes,No,No,No,Yes,Yes,Two year,Yes,Bank transfer (automatic),86.61,5174.53,No
9575-DGUNZ,Male,0,No,No,70,Yes,No,Fiber optic,No,Yes,Yes,No,Yes,Yes,One year,No,Credit card (automatic),96.38,6751.13,No
7554-NFKNX,Female,0,Yes,No,56,Yes,No,Fiber optic,Yes,No,No,No,Yes,Yes,One year,Yes,Credit card (automatic),99.13,5538.33,No
7138-MESJH,Female,0,Yes,No,37,Yes,Yes,No,No internet service,No internet service,No internet service,No internet service,No internet service,No internet service,One year,Yes,Electronic check,25.35,969.81,No
8272-TXXJT,Female,0,No,No,13,No,No phone service,DSL,No,Yes,No,No,Yes,Yes,Month-to-month,Yes,Electronic check,60.16,856.65,Yes
1993-KWCHC,Female,0,Yes,No,35,Yes,No,DSL,No,Yes,No,Yes,No,Yes,Month-to-month,No,Mailed check,61.81,2150.1,No
2023-MGYMI,Female,1,No,No,51,Yes,Yes,DSL,No,Yes,Yes,No,Yes,Yes,Month-to-month,Yes,Credit card (automatic),66.94,3457.51,No
4961-SCPTT,Male,0,Yes,Yes,12,Yes,Yes,Fiber optic,No,No,No,Yes,No,No,Two year,Yes,Electronic check,83.43,1000.46,No
8356-FKXIF,Female,1,Yes,Yes,0,Yes,Yes,DSL,No,Yes,Yes,No,Yes,No,Month-to-month,No,Bank transfer (automatic),72.06, ,Yes
1232-JWSMX,Female,1,Yes,Yes,60,Yes,Yes,No,No internet service,No internet service,No internet service,No internet service,No internet service,No internet service,One year,No,Mailed check,25.8,1599.53,No
3407-THGUM,Male,0,No,Yes,14,Yes,No,DSL,No,No,No,No,No,No,Month-to-month,No,Electronic check,67.35,946.34,Yes
2938-MIEXA,Female,0,Yes,No,36,Yes,Yes,DSL,No,No,No,No,Yes,Yes,Two year,No,Electronic check,65.72,2405.43,No
8109-PILMW,Male,0,No,No,71,Yes,No,DSL,Yes,No,No,No,No,Yes,One year,Yes,Electronic check,71.15,5053.4,No
1578-GHJHZ,Male,0,Yes,No,2,Yes,No,No,No internet service,No internet service,No internet service,No internet service,No internet service,No internet service,Month-to-month,Yes,Electronic check,26.27,98.46,No
2043-RGCSN,Female,0,Yes,No,43,Yes,No,Fiber optic,No,No,No,No,No,No,Month-to-month,Yes,Electronic check,76.36,3277.7,Yes
2910-NFNUR,Male,0,Yes,Yes,31,Yes,No,DSL,Yes,Yes,Yes,Yes,Yes,No,Two year,Yes,Mailed check,73.29,2226.73,No
9786-KANAQ,Male,0,No,No,41,No,No phone service,Fiber optic,No,No,No,No,Yes,Yes,Month-to-month,No,Electronic check,98.91,4005.49,Yes
8007-GXAGI,Male,1,No,No,29,Yes,No,Fiber optic,No,No,No,Yes,No,No,Month-to-month,No,Mailed check,106.17,3091.0,No
9539-REJIP,Female,0,No,Yes,6,Yes,Yes,No,No internet service,No internet service,No internet service,No internet service,No internet service,No internet service,Two year,Yes,Credit card (automatic),35.33,280.68,No
1161-OPQFW,Female,1,Yes,Yes,30,Yes,No,DSL,Yes,Yes,Yes,Yes,No,No,One year,No,Bank transfer (automatic),49.58,1469.34,No
6428-MTGJB,Male,0,No,No,2,Yes,Yes,DSL,Yes,Yes,No,Yes,Yes,No,Month-to-month,No,Credit card (automatic),81.55,162.44,Yes
9222-BFFQK,Male,0,Yes,No,1,Yes,No,DSL,Yes,No,Yes,No,No,No,One year,Yes,Electronic check,71.96,111.21,No
6277-KSCZI,Male,0,No,No,24,Yes,No,No,No internet service,No internet service,No internet service,No internet service,No internet service,No internet service,Month-to-month,Yes,Credit card (automatic),18.76,406.15,No
8823-ISEYR,Female,1,No,No,66,Yes,Yes,No,No internet service,No internet service,No internet service,No internet service,No internet service,No internet service,Month-to-month,Yes,Electronic check,25.52,1756.75,No
7465-VKDVX,Male,1,Yes,No,36,Yes,No,DSL,No,No,Yes,No,No,No,Month-to-month,No,Credit card (automatic),66.24,2443.47,Yes
8919-FVKOM,Female,1,No,No,6,Yes,Yes,Fiber optic,Yes,Yes,No,No,Yes,No,Month-to-month,No,Electronic check,77.47,524.88,Yes
5094-XLMUY,Female,0,No,No,67,Yes,No,Fiber optic,No,No,Yes,No,No,Yes,One year,Yes,Mailed check,61.43,4120.79,No
5602-KOCZS,Male,0,Yes,No,41,Yes,No,DSL,Yes,No,No,Yes,Yes,Yes,Month-to-month,No,Electronic check,49.75,2023.24,Yes
8568-EMRKV,Female,0,Yes,Yes,47,Yes,Yes,DSL,No,No,No,Yes,No,No,Month-to-month,No,Electronic check,74.25,3444.04,No
4267-QWQHN,Female,1,Yes,No,11,Yes,No,DSL,No,No,Yes,No,Yes,No,Month-to-month,Yes,Mailed check,60.31,649.34,Yes
8454-CPYBP,Female,0,No,No,2,Yes,No,Fiber optic,No,No,No,Yes,Yes,No,Two year,Yes,Mailed check,75.22,98.14,No
9815-OKKIF,Male,0,No,No,1,Yes,Yes,No,No internet service,No internet service,No internet service,No internet service,No internet service,No internet service,Month-to-month,Yes,Credit card (automatic),37.81,0.0,Yes
5267-VGQAP,Female,0,Yes,No,69,Yes,No,DSL,No,Yes,No,No,Yes,No,Month-to-month,Yes,Electronic check,73.99,5104.99,No
6524-CKEJZ,Female,0,Yes,No,9,Yes,Yes,DSL,No,Yes,No,Yes,No,Yes,Two year,No,Credit card (automatic),52.33,468.63,No
8922-AELOO,Female,0,Yes,No,3,Yes,Yes,Fiber optic,No,Yes,No,Yes,Yes,No,Month-to-month,No,Electronic check,97.71,390.41,Yes
3610-ZZDSP,Female,0,Yes,No,2,Yes,Yes,Fiber optic,No,No,Yes,No,No,No,Month-to-month,Yes,Credit card (automatic),68.02,20.91,Yes
5896-NKOEP,Male,0,Yes,No,3,No,No phone service,DSL,Yes,Yes,No,No,No,Yes,Month-to-month,No,Bank transfer (automatic),61.71,249.09,No
7601-JIDHU,Female,0,Yes,No,6,Yes,Yes,DSL,No,Yes,No,Yes,Yes,No,Month-to-month,Yes,Electronic check,40.24,287.62,No
7388-YNYPW,Female,0,Yes,No,62,Yes,No,DSL,Yes,No,No,No,Yes,Yes,Two year,Yes,Mailed check,66.54,4114.68,No
8351-MDDYG,Male,0,No,No,4,Yes,No,DSL,Yes,Yes,No,Yes,No,Yes,Two year,Yes,Bank transfer (automatic),57.24,268.82,No
3563-YUNBO,Male,0,No,No,2,Yes,No,No,No internet service,No internet service,No internet service,No internet service,No internet service,No internet service,Month-to-month,Yes,Bank transfer (automatic),31.91,142.28,No
6409-NIJXU,Male,0,Yes,No,8,Yes,No,Fiber optic,No,No,No,Yes,Yes,Yes,Two year,Yes,Bank transfer (automatic),85.21,629.34,No
5210-ECMSL,Female,0,No,No,70,Yes,Yes,No,No internet service,No internet service,No internet service,No internet service,No internet service,No internet service,One year,No,Electronic check,22.5,1520.9,No
6949-COIGO,Male,0,Yes,No,36,Yes,Yes,No,No internet service,No internet service,No internet service,No internet service,No internet service,No internet service,Month-to-month,Yes,Electronic check,28.75,1067.11,No
3077-ZOHNU,Female,0,Yes,No,28,Yes,No,Fiber optic,No,No,No,Yes,No,No,Month-to-month,No,Bank transfer (automatic),92.07,2606.22,No
9618-FSJVM,Male,1,No,No,3,Yes,No,No,No internet service,No internet service,No internet service,No internet service,No internet service,No internet service,One year,No,Bank transfer (automatic),18.0,95.44,No
7134-CJLAS,Male,0,No,No,53,Yes,Yes,DSL,No,No,No,No,Yes,Yes,Month-to-month,Yes,Credit card (automatic),67.37,3541.53,No
1181-WXQNO,Female,0,Yes,No,25,Yes,Yes,Fiber optic,No,No,No,Yes,Yes,Yes,Two year,No,Bank transfer (automatic),105.98,2670.89,No
5515-PPANB,Male,0,Yes,No,19,Yes,Yes,No,No internet service,No internet service,No internet service,No internet service,No internet service,No internet service,Two year,No,Electronic check,22.78,407.29,No
4198-SSOZK,Female,0,No,No,68,Yes,Yes,Fiber optic,No,No,Yes,No,Yes,No,Month-to-month,No,Bank transfer (automatic),65.04,4374.02,No
9942-TPAOE,Male,0,Yes,No,71,Yes,No,Fiber optic,No,Yes,No,No,No,No,Month-to-month,Yes,Electronic check,69.53,4919.34,No
6167-HWLIB,Female,1,No,No,40,Yes,No,Fiber optic,No,Yes,No,Yes,No,No,One year,Yes,Credit card (automatic),86.56,3407.67,No
4209-ECRPG,Male,0,Yes,No,9,Yes,No,DSL,No,No,No,No,Yes,No,One year,No,Mailed check,52.75,366.45,No
5256-XKHMM,Female,1,Yes,No,2,Yes,Yes,DSL,No,Yes,Yes,Yes,Yes,Yes,One year,Yes,Credit card (automatic),65.72,100.43,Yes
9978-MJKVT,Female,0,No,No,43,Yes,No,DSL,Yes,No,No,Yes,No,Yes,Month-to-month,No,Bank transfer (automatic),58.82,2465.61,No
4480-LOETO,Male,0,No,No,0,Yes,Yes,DSL,Yes,No,No,Yes,Yes,No,Two year,No,Electronic check,71.26, ,No
1621-KKFAY,Male,0,Yes,No,10,Yes,No,Fiber optic,No,No,Yes,No,Yes,No,Two year,No,Bank transfer (automatic),100.97,941.85,No
7835-NIQJG,Male,0,No,No,45,Yes,Yes,Fiber optic,No,Yes,No,Yes,Yes,No,Month-to-month,No,Mailed check,83.67,3717.13,No
9082-SGZVY,Female,0,No,No,16,No,No phone service,No,No internet service,No internet service,No internet service,No internet service,No internet service,No internet service,Two year,No,Electronic check,28.0,453.33,No
9205-FEYFI,Female,0,Yes,No,22,Yes,No,Fiber optic,No,Yes,No,Yes,No,No,Two year,No,Electronic check,63.38,1403.25,No
2507-VMZGK,Male,0,Yes,Yes,1,Yes,No,No,No internet service,No internet service,No internet service,No internet service,No internet service,No internet service,Two year,Yes,Electronic check,21.12,105.8,No
6654-ZINBQ,Male,0,Yes,Yes,4,Yes,Yes,DSL,No,No,No,No,No,No,Month-to-month,Yes,Electronic check,49.1,165.56,Yes
2016-WPRMX,Female,0,No,No,0,Yes,No,DSL,Yes,No,Yes,No,No,Yes,Two year,No,Electronic check,76.3, ,No
8848-FSWOW,Female,0,No,No,57,Yes,Yes,Fiber optic,Yes,No,No,Yes,No,Yes,Month-to-month,No,Credit card (automatic),74.81,4281.39,No
1472-WOUMU,Female,0,Yes,Yes,38,Yes,No,DSL,No,Yes,No,No,No,Yes,Month-to-month,Yes,Electronic check,48.99,1799.46,No
5351-ROVBT,Male,0,No,No,3,Yes,No,Fiber optic,Yes,No,No,Yes,No,No,Month-to-month,Yes,Bank transfer (automatic),101.17,344.54,Yes
9630-BOKQQ,Female,0,Yes,No,54,Yes,Yes,Fiber optic,Yes,Yes,Yes,No,No,Yes,Two year,Yes,Electronic check,92.64,4998.72,No
4528-TYEKM,Female,0,No,Yes,1,Yes,Yes,No,No internet service,No internet service,No internet service,No internet service,No internet service,No internet service,One year,Yes,Bank transfer (automatic),27.83,106.94,No
5224-BSAMM,Male,0,No,Yes,12,Yes,No,DSL,No,No,Yes,No,Yes,No,One year,Yes,Electronic check,76.32,1001.6,Yes
6693-MHCZK,Male,0,Yes,No,50,Yes,Yes,No,No internet service,No internet service,No internet service,No internet service,No internet service,No internet service,One year,No,Electronic check,19.61,957.37,No
3826-PCRAF,Male,0,Yes,No,33,Yes,No,Fiber optic,No,No,No,No,No,No,Two year,No,Electronic check,82.44,2724.29,No
4864-IGDDF,Female,1,Yes,No,8,Yes,No,No,No internet service,No internet service,No internet service,No internet service,No internet service,No internet service,Month-to-month,Yes,Credit card (automatic),26.63,126.19,Yes
2553-XKIGM,Male,0,No,Yes,52,Yes,No,Fiber optic,Yes,Yes,No,No,Yes,No,Month-to-month,Yes,Mailed check,90.77,4646.17,No
1159-QKWAN,Female,0,Yes,No,10,Yes,No,Fiber optic,No,No,No,No,Yes,Yes,Month-to-month,No,Mailed check,96.89,1004.36,No
4506-QKBJT,Female,0,No,Yes,34,Yes,Yes,Fiber optic,Yes,Yes,No,Yes,No,Yes,Month-to-month,Yes,Credit card (automatic),106.31,3574.98,No
7692-KIRJF,Female,0,Yes,No,58,Yes,Yes,No,No internet service,No internet service,No internet service,No internet service,No internet service,No internet service,One year,Yes,Electronic check,18.37,1080.82,No
5596-YRCDF,Female,0,Yes,Yes,56,Yes,No,DSL,Yes,Yes,Yes,No,No,Yes,Two year,No,Mailed check,54.52,3058.05,No
4836-MZHJH,Male,0,No,Yes,47,Yes,No,Fiber optic,No,No,No,No,Yes,Yes,Month-to-month,No,Electronic check,76.23,3566.68,Yes
3103-MXVDK,Female,0,Yes,No,61,Yes,Yes,DSL,No,Yes,No,No,Yes,No,One year,No,Credit card (automatic),56.0,3370.59,No
9626-YWKGL,Male,1,No,No,52,No,No phone service,Fiber optic,No,No,Yes,No,No,No,Month-to-month,No,Mailed check,95.01,4927.17,Yes
4121-VXNQU,Female,0,Yes,No,3,No,No phone service,Fiber optic,Yes,No,No,No,Yes,No,Month-to-month,Yes,Credit card (automatic),81.33,249.93,Yes
5649-PJBOZ,Female,0,Yes,No,60,Yes,No,DSL,Yes,No,No,Yes,Yes,Yes,Month-to-month,Yes,Bank transfer (automatic),69.17,4141.89,No
1660-SRCTO,Female,0,Yes,No,66,Yes,Yes,DSL,No,Yes,No,Yes,No,Yes,One year,Yes,Mailed check,50.6,3335.46,No
4944-XYKYW,Female,0,Yes,No,41,Yes,No,DSL,No,Yes,No,Yes,No,No,Month-to-month,Yes,Bank transfer (automatic),67.21,2728.47,Yes
2740-HGFNU,Male,1,No,Yes,63,Yes,No,DSL,No,Yes,No,Yes,Yes,Yes,Month-to-month,Yes,Electronic check,48.77,3055.51,No
3240-GSQGW,Female,0,Yes,No,71,Yes,No,DSL,No,No,No,No,Yes,Yes,Two year,Yes,Mailed check,84.98,6056.87,No
2059-VCXMH,Female,0,Yes,Yes,32,Yes,Yes,DSL,No,Yes,No,No,No,Yes,Two year,Yes,Mailed check,63.21,1996.81,No
7802-HUDEI,Female,1,Yes,Yes,9,Yes,No,Fiber optic,No,No,No,Yes,Yes,No,Month-to-month,Yes,Electronic check,82.45,738.07,No
9887-MWEKR,Male,0,No,No,3,Yes,No,Fiber optic,No,Yes,No,Yes,No,No,Month-to-month,No,Bank transfer (automatic),92.73,270.91,Yes
5545-QAWNA,Male,0,No,Yes,24,Yes,No,DSL,No,No,Yes,No,No,No,Two year,Yes,Electronic check,73.13,1691.66,No
2985-PGSUX,Female,0,No,Yes,2,Yes,Yes,DSL,Yes,No,No,No,No,Yes,Month-to-month,No,Electronic check,70.34,172.84,Yes
3149-HUADX,Male,0,No,No,1,Yes,Yes,DSL,No,No,Yes,No,No,No,Month-to-month,No,Bank transfer (automatic),60.27,130.64,No
1086-MEQIJ,Female,0,Yes,No,63,Yes,No,DSL,No,No,Yes,Yes,No,Yes,One year,No,Credit card (automatic),73.64,4747.57,No
7189-KKENH,Female,0,Yes,Yes,13,Yes,Yes,DSL,No,No,No,No,No,Yes,Month-to-month,Yes,Electronic check,54.58,721.3,Yes
6458-BVJOJ,Female,0,No,No,4,Yes,Yes,DSL,Yes,Yes,Yes,No,Yes,No,Month-to-month,Yes,Bank transfer (automatic),67.71,354.44,No
5366-UEUCJ,Male,1,Yes,No,0,Yes,No,DSL,Yes,No,No,No,Yes,Yes,Month-to-month,Yes,Electronic check,59.16, ,No
3555-QARTA,Female,0,No,Yes,4,No,No phone service,Fiber optic,Yes,No,No,No,No,Yes,Month-to-month,Yes,Bank transfer (automatic),82.31,339.86,Yes
9950-HXSJC,Male,0,No,No,29,Yes,No,DSL,Yes,No,Yes,No,Yes,No,Two year,Yes,Credit card (automatic),50.21,1445.5,No
9428-DRDVV,Male,1,Yes,Yes,9,Yes,Yes,Fiber optic,No,Yes,Yes,No,No,No,One year,Yes,Mailed check,76.51,733.83,Yes
1025-FYHXO,Female,0,No,No,65,No,No phone service,No,No internet service,No internet service,No internet service,No internet service,No internet service,No internet service,Month-to-month,No,Bank transfer (automatic),28.3,1843.58,No
9482-OODJC,Male,0,Yes,Yes,69,Yes,No,DSL,Yes,No,Yes,No,Yes,No,Two year,No,Bank transfer (automatic),76.04,5344.21,No
9569-CAMBD,Male,0,No,Yes,69,Yes,No,DSL,Yes,Yes,Yes,Yes,Yes,Yes,Month-to-month,No,Bank transfer (automatic),56.83,3910.65,No
8239-YSHQZ,Male,0,Yes,No,14,Yes,No,Fiber optic,Yes,No,No,No,Yes,No,Month-to-month,No,Mailed check,97.63,1372.72,Yes
3127-DZMBC,Female,0,No,No,28,Yes,Yes,DSL,No,Yes,No,No,No,Yes,One year,No,Electronic check,64.13,1794.15,No
8674-ELOSH,Female,0,Yes,Yes,43,Yes,No,Fiber optic,No,Yes,Yes,Yes,No,No,Two year,No,Credit card (automatic),82.91,3539.69,No
8250-FDFJV,Male,0,No,No,28,Yes,No,Fiber optic,No,No,No,No,No,Yes,Two year,No,Bank transfer (automatic),115.72,3222.92,No
7343-DSHEH,Male,0,No,No,56,Yes,No,No,No internet service,No internet service,No internet service,No internet service,No internet service,No internet service,Month-to-month,No,Bank transfer (automatic),29.86,1734.54,No
7746-ZXSSK,Female,0,No,No,70,Yes,Yes,No,No internet service,No internet service,No internet service,No internet service,No internet service,No internet service,Two year,Yes,Bank transfer (automatic),28.81,2078.07,No
4814-JGYIA,Male,0,No,Yes,26,Yes,No,DSL,No,No,Yes,Yes,Yes,No,Month-to-month,Yes,Credit card (automatic),58.03,1441.02,No
9531-EJBAV,Female,0,No,Yes,49,No,No phone service,No,No internet service,No internet service,No internet service,No internet service,No internet service,No internet service,One year,Yes,Bank transfer (automatic),18.0,872.54,No
5127-RLSGH,Female,0,No,No,50,Yes,No,DSL,No,No,No,Yes,No,Yes,Month-to-month,Yes,Credit card (automatic),64.72,3308.8,No
5499-THEVP,Female,0,No,Yes,5,No,No phone service,Fiber optic,No,No,Yes,No,No,Yes,One year,No,Credit card (automatic),77.89,350.25,No
5030-HTPTK,Female,0,No,No,64,Yes,No,Fiber optic,No,No,Yes,No,Yes,Yes,Two year,Yes,Electronic check,91.85,5813.93,No
3668-ZZFWA,Female,0,No,Yes,43,No,No phone service,DSL,No,No,Yes,Yes,No,No,Two year,No,Electronic check,72.97,3138.25,No
5913-THYUF,Female,0,No,Yes,44,Yes,Yes,DSL,No,No,Yes,No,No,No,One year,Yes,Mailed check,47.85,2103.22,No
4265-QMABQ,Male,0,Yes,No,70,Yes,Yes,Fiber optic,No,No,No,No,Yes,Yes,Month-to-month,Yes,Electronic check,83.3,5838.25,No
4282-SOCXD,Male,1,No,No,0,No,No phone service,DSL,Yes,No,Yes,Yes,No,No,Month-to-month,Yes,Bank transfer (automatic),62.3, ,No
4775-XXFLZ,Female,0,Yes,Yes,43,Yes,Yes,Fiber optic,No,Yes,Yes,Yes,No,Yes,One year,Yes,Mailed check,76.31,3321.03,No
2345-EDATC,Male,1,Yes,Yes,61,No,No phone service,No,No internet service,No internet service,No internet service,No internet service,No internet service,No internet service,Two year,Yes,Electronic check,28.76,1774.19,No
8519-NSPGM,Female,0,No,Yes,47,Yes,Yes,DSL,Yes,No,Yes,No,No,No,Month-to-month,No,Bank transfer (automatic),66.43,3094.17,No
6825-EURDX,Female,0,Yes,Yes,24,No,No phone service,DSL,Yes,No,Yes,No,Yes,No,Month-to-month,Yes,Electronic check,64.35,1571.11,No
7785-JFSEA,Female,1,Yes,Yes,5,Yes,No,DSL,Yes,No,Yes,Yes,Yes,No,Month-to-month,No,Mailed check,70.77,388.51,No
1125-TGMZI,Male,0,No,No,15,Yes,No,DSL,No,No,Yes,No,Yes,Yes,Month-to-month,Yes,Mailed check,60.07,889.99,No
7059-QHKVF,Male,0,No,Yes,0,Yes,Yes,DSL,No,Yes,Yes,Yes,No,No,Month-to-month,Yes,Bank transfer (automatic),57.84, ,Yes
2807-DMPOC,Female,0,Yes,No,12,Yes,No,Fiber optic,No,No,Yes,No,No,No,Month-to-month,Yes,Electronic check,101.32,1167.43,Yes
1234-GLTRX,Male,0,No,No,37,Yes,No,Fiber optic,Yes,Yes,No,Yes,Yes,No,Two year,Yes,Electronic check,85.0,3071.54,No
6392-CSMMC,Female,0,Yes,No,0,Yes,No,Fiber optic,No,No,No,No,Yes,No,Month-to-month,No,Mailed check,91.31, ,Yes
7504-CKVNT,Female,0,Yes,No,25,Yes,Yes,DSL,Yes,Yes,No,No,No,Yes,Two year,Yes,Electronic check,59.17,1463.09,No
6130-GATWE,Female,0,Yes,No,4,No,No phone service,Fiber optic,No,No,Yes,No,Yes,No,Month-to-month,Yes,Electronic check,103.07,390.72,No
2663-NFKVO,Female,0,Yes,Yes,2,Yes,No,Fiber optic,No,No,No,No,Yes,No,Two year,No,Mailed check,83.83,260.75,No
5462-QKMDX,Male,0,No,Yes,1,Yes,No,Fiber optic,Yes,No,No,No,No,No,Month-to-month,No,Mailed check,93.04,154.39,Yes
2976-QRBSZ,Male,0,No,Yes,11,Yes,Yes,Fiber optic,No,No,No,No,No,No,Month-to-month,Yes,Mailed check,80.99,966.53,Yes
7249-TQGBD,Female,0,No,Yes,61,No,No phone service,Fiber optic,Yes,No,Yes,Yes,No,Yes,Month-to-month,Yes,Credit card (automatic),104.31,6425.38,No
1146-LIEVX,Male,0,No,No,53,Yes,Yes,Fiber optic,No,Yes,Yes,No,Yes,Yes,One year,No,Mailed check,91.19,4867.09,No
5584-TBUJA,Male,0,No,No,66,Yes,Yes,DSL,No,No,No,No,No,No,Two year,Yes,Credit card (automatic),75.88,4944.76,No
3136-FTRST,Male,0,No,No,31,No,No phone service,DSL,No,Yes,No,No,Yes,Yes,Month-to-month,Yes,Mailed check,60.65,1812.38,No
5570-MEPMC,Male,1,Yes,No,69,No,No phone service,DSL,No,No,No,No,Yes,No,Two year,No,Bank transfer (automatic),77.67,5440.62,No
3104-UHSZF,Female,0,No,No,50,Yes,No,Fiber optic,No,No,No,No,Yes,Yes,One year,No,Bank transfer (automatic),97.75,4871.69,No
5748-JBVUF,Male,0,No,No,41,Yes,Yes,Fiber optic,No,No,No,No,Yes,No,Month-to-month,No,Electronic check,88.43,3657.19,Yes
4063-VBUFL,Female,0,Yes,No,3,No,No phone service,Fiber optic,No,No,No,No,Yes,Yes,One year,Yes,Electronic check,106.23,354.52,No
9145-VJNAZ,Male,0,Yes,No,40,Yes,No,DSL,No,No,Yes,Yes,No,No,Two year,No,Electronic check,53.82,2253.17,No
9704-IGCIB,Female,1,Yes,Yes,46,Yes,No,No,No internet service,No internet service,No internet service,No internet service,No internet service,No internet service,One year,Yes,Mailed check,18.0,846.82,No
2194-ZKBVS,Male,0,Yes,No,32,Yes,No,Fiber optic,Yes,No,No,Yes,No,No,Month-to-month,Yes,Mailed check,104.12,3311.59,Yes
3805-ZOPZK,Female,0,No,No,64,Yes,No,DSL,No,No,No,No,No,No,Month-to-month,Yes,Bank transfer (automatic),50.25,3282.84,No
2623-GXYIM,Male,0,No,No,19,Yes,Yes,Fiber optic,No,No,Yes,No,Yes,Yes,Month-to-month,Yes,Electronic check,87.38,1632.14,No
9116-LKFDW,Female,0,Yes,No,46,Yes,Yes,DSL,Yes,Yes,No,No,No,No,Month-to-month,Yes,Electronic check,73.1,3368.5,No
7598-LDBTK,Male,0,Yes,No,24,Yes,No,No,No internet service,No internet service,No internet service,No internet service,No internet service,No internet service,Month-to-month,Yes,Electronic check,22.87,550.67,No
8725-EJDJD,Male,0,No,No,67,Yes,No,Fiber optic,No,Yes,No,Yes,No,No,Month-to-month,Yes,Bank transfer (automatic),99.65,6660.74,Yes
5937-FHMPD,Male,0,Yes,No,62,Yes,No,DSL,No,Yes,Yes,No,No,No,Two year,Yes,Credit card (automatic),49.05,3077.37,No
4704-JJTYQ,Female,0,Yes,No,26,Yes,Yes,DSL,Yes,No,Yes,No,Yes,Yes,Month-to-month,Yes,Mailed check,54.74,1510.97,No
8615-AOWAU,Female,0,No,Yes,67,No,No phone service,DSL,No,No,No,Yes,No,No,Two year,Yes,Mailed check,64.37,4313.11,No
7662-KIZEC,Male,1,No,No,16,No,No phone service,Fiber optic,No,No,Yes,Yes,No,Yes,Two year,No,Electronic check,81.32,1311.38,No
8430-ZGTXV,Male,0,No,No,11,Yes,No,Fiber optic,No,No,No,Yes,Yes,No,Month-to-month,Yes,Electronic check,71.37,747.68,Yes
6406-MGNAT,Female,0,No,No,67,Yes,Yes,DSL,Yes,Yes,No,Yes,No,No,Month-to-month,Yes,Bank transfer (automatic),47.06,3143.91,No
1133-ZXBFS,Female,0,Yes,Yes,29,Yes,No,Fiber optic,No,No,No,No,No,Yes,Month-to-month,Yes,Mailed check,77.52,2202.94,No
7013-JUKON,Male,1,No,Yes,8,Yes,Yes,DSL,No,Yes,Yes,No,Yes,No,Two year,Yes,Bank transfer (automatic),62.45,426.42,No
8623-MSGTY,Female,0,No,Yes,52,Yes,Yes,DSL,No,Yes,No,No,Yes,Yes,One year,No,Mailed check,66.97,3429.56,No
1328-IHZST,Female,0,No,No,46,No,No phone service,DSL,No,Yes,No,No,No,No,Two year,No,Bank transfer (automatic),50.99,2379.05,No
5412-ILKQF,Female,0,Yes,No,24,Yes,No,DSL,Yes,No,No,No,Yes,No,One year,Yes,Credit card (automatic),55.52,1303.65,No
3639-IOFOI,Male,0,No,No,2,Yes,Yes,No,No internet service,No internet service,No internet service,No internet service,No internet service,No internet service,Two year,Yes,Electronic check,31.78,90.08,No
9357-MWSTM,Male,0,Yes,Yes,67,No,No phone service,Fiber optic,No,No,No,Yes,Yes,Yes,Month-to-month,No,Electronic check,103.8,6946.9,Yes
9014-OYVXC,Male,1,Yes,Yes,71,Yes,No,No,No internet service,No internet service,No internet service,No internet service,No internet service,No internet service,Month-to-month,Yes,Mailed check,32.06,2299.67,No
6666-NFGFR,Female,0,No,No,30,Yes,No,Fiber optic,No,Yes,No,No,No,Yes,Month-to-month,Yes,Mailed check,71.64,2156.99,No
1477-IWSDB,Male,0,No,No,56,No,No phone service,DSL,No,Yes,Yes,Yes,No,No,One year,No,Credit card (automatic),42.67,2432.86,No
3021-PZROU,Female,0,Yes,Yes,9,Yes,No,DSL,No,Yes,Yes,No,Yes,No,Two year,No,Electronic check,32.18,328.4,No
6076-OJMOO,Female,0,No,Yes,18,Yes,Yes,Fiber optic,No,No,No,No,Yes,Yes,Two year,Yes,Bank transfer (automatic),98.39,1756.65,No
2267-VWFYA,Female,0,Yes,Yes,47,No,No phone service,DSL,Yes,No,No,Yes,No,Yes,One year,No,Electronic check,76.9,3592.07,No
6533-LNEXT,Male,0,No,Yes,3,Yes,No,Fiber optic,No,Yes,Yes,No,Yes,No,Month-to-month,No,Electronic check,103.23,342.63,No
5407-BLOCW,Male,0,Yes,Yes,6,Yes,No,No,No internet service,No internet service,No internet service,No internet service,No internet service,No internet service,One year,No,Credit card (automatic),25.75,136.91,No
4441-VIXZC,Male,0,Yes,No,30,No,No phone service,DSL,Yes,Yes,No,Yes,Yes,Yes,Month-to-month,Yes,Mailed check,54.7,1679.9,No
4300-TGMYN,Female,0,No,Yes,58,Yes,Yes,No,No internet service,No internet service,No internet service,No internet service,No internet service,No internet service,One year,Yes,Mailed check,37.21,2125.02,No
4075-FOSDJ,Female,0,Yes,No,16,No,No phone service,No,No internet service,No internet service,No internet service,No internet service,No internet service,No internet service,Month-to-month,Yes,Credit card (automatic),25.44,402.24,No
6212-GGQZR,Male,0,No,No,26,Yes,Yes,DSL,No,Yes,Yes,Yes,Yes,No,One year,No,Electronic check,55.78,1458.92,No
6618-KYWGH,Female,1,Yes,No,52,Yes,No,Fiber optic,Yes,Yes,No,Yes,No,Yes,Month-to-month,No,Electronic check,74.32,3910.85,Yes
2468-TAFLJ,Male,0,No,No,28,Yes,No,DSL,No,No,Yes,No,No,No,Month-to-month,Yes,Credit card (automatic),69.13,1938.38,Yes
7472-VNIDV,Male,0,Yes,No,34,Yes,No,DSL,No,No,No,Yes,No,Yes,Two year,Yes,Electronic check,56.18,1901.8,Yes
6644-ZBRMI,Male,0,No,Yes,11,No,No phone service,DSL,No,No,No,Yes,No,Yes,Month-to-month,Yes,Bank transfer (automatic),49.61,578.18,No
7682-IBKUC,Female,0,No,No,46,Yes,No,DSL,No,No,Yes,No,No,No,Two year,Yes,Bank transfer (automatic),64.88,2966.04,No
9032-PGKMM,Male,0,No,Yes,61,Yes,Yes,No,No internet service,No internet service,No internet service,No internet service,No internet service,No internet service,One year,No,Credit card (automatic),20.2,1255.99,No
2780-TGPXS,Male,0,Yes,Yes,39,No,No phone service,No,No internet service,No internet service,No internet service,No internet service,No internet service,No internet service,Month-to-month,No,Mailed check,24.37,970.58,No
2055-NVXZE,Female,1,No,Yes,30,Yes,No,DSL,No,No,Yes,No,Yes,No,Month-to-month,Yes,Mailed check,71.26,2199.74,No
3910-MFSDV,Female,0,No,No,66,Yes,Yes,DSL,Yes,No,No,Yes,No,No,Month-to-month,No,Credit card (automatic),67.21,4429.76,No
1956-ULHZS,Male,0,Yes,No,5,Yes,No,Fiber optic,No,No,Yes,No,Yes,No,Two year,No,Bank transfer (automatic),80.8,412.47,No
9585-RXWFH,Male,0,No,No,1,Yes,No,Fiber optic,No,No,No,No,Yes,No,Month-to-month,Yes,Mailed check,102.42,88.33,No
4455-DCSFF,Female,0,No,Yes,57,Yes,No,DSL,No,No,No,Yes,No,Yes,Month-to-month,Yes,Bank transfer (automatic),47.08,2674.16,No
4438-RQTLK,Male,0,No,No,3,Yes,Yes,No,No internet service,No internet service,No internet service,No internet service,No internet service,No internet service,One year,No,Bank transfer (automatic),31.72,139.99,No
8794-QEMWQ,Male,1,Yes,Yes,68,Yes,Yes,Fiber optic,Yes,No,No,No,Yes,Yes,One year,No,Mailed check,84.23,5717.87,No
4980-VHCDM,Female,0,Yes,Yes,23,Yes,No,DSL,Yes,No,No,Yes,No,No,One year,Yes,Mailed check,51.16,1162.03,No
6700-HJEOK,Male,0,No,No,2,Yes,Yes,Fiber optic,No,No,No,No,No,Yes,Month-to-month,No,Credit card (automatic),75.63,202.8,No
3417-ZZLGQ,Female,0,No,Yes,35,Yes,Yes,DSL,No,No,No,Yes,Yes,Yes,Two year,Yes,Credit card (automatic),63.54,2187.54,No
2635-YXEQV,Male,0,No,No,0,Yes,Yes,DSL,No,No,Yes,Yes,Yes,No,Month-to-month,Yes,Bank transfer (automatic),44.86, ,No
9873-CCDUX,Male,0,No,No,31,Yes,No,Fiber optic,No,No,No,No,No,Yes,Month-to-month,Yes,Electronic check,90.45,2694.91,Yes
2639-BQGSW,Male,0,Yes,No,12,Yes,No,DSL,Yes,Yes,Yes,No,No,Yes,Two year,Yes,Bank transfer (automatic),70.5,829.63,No
3344-HIMAW,Male,0,Yes,No,42,Yes,No,No,No internet service,No internet service,No internet service,No internet service,No internet service,No internet service,Month-to-month,Yes,Electronic check,35.48,1463.92,No
5177-XDETI,Male,0,No,Yes,3,Yes,No,Fiber optic,Yes,No,Yes,No,No,No,Two year,No,Electronic check,67.0,174.38,Yes
5771-RTOOI,Male,0,No,Yes,20,No,No phone service,No,No internet service,No internet service,No internet service,No internet service,No internet service,No internet service,Month-to-month,Yes,Credit card (automatic),18.0,373.37,No
1472-DOVKN,Female,0,No,No,7,Yes,No,Fiber optic,Yes,No,Yes,No,No,No,Month-to-month,No,Mailed check,101.69,684.69,No
5213-KLUBB,Female,0,No,Yes,0,Yes,Yes,Fiber optic,Yes,Yes,Yes,Yes,No,No,Month-to-month,Yes,Mailed check,99.41, ,No
7246-MTNSF,Male,0,Yes,No,71,Yes,Yes,Fiber optic,No,No,No,No,No,No,One year,Yes,Electronic check,88.04,6276.34,No
5261-XTQBW,Female,1,Yes,No,1,Yes,No,DSL,Yes,Yes,No,No,No,Yes,Two year,Yes,Credit card (automatic),50.48,82.48,No
7885-RDMVA,Female,0,Yes,No,6,Yes,No,DSL,No,No,Yes,No,No,No,Month-to-month,Yes,Bank transfer (automatic),61.55,357.27,Yes
4591-WNIGF,Female,1,No,No,36,Yes,No,DSL,No,Yes,No,No,Yes,Yes,Two year,No,Credit card (automatic),62.71,2239.63,No
5280-UMPTQ,Male,0,Yes,Yes,41,No,No phone service,Fiber optic,No,No,No,Yes,No,No,Month-to-month,No,Electronic check,89.88,3639.48,No
6824-VHSTE,Male,0,No,Yes,31,Yes,Yes,No,No internet service,No internet service,No internet service,No internet service,No internet service,No internet service,Month-to-month,Yes,Bank transfer (automatic),18.11,475.98,No
4806-FRAIE,Male,0,Yes,Yes,40,Yes,No,DSL,Yes,Yes,No,No,Yes,Yes,Month-to-month,No,Bank transfer (automatic),43.54,1733.71,Yes
5460-AOXDU,Male,0,Yes,Yes,26,Yes,Yes,DSL,No,Yes,No,No,No,No,Two year,No,Bank transfer (automatic),60.04,1577.09,No
4449-VCGXJ,Male,0,Yes,No,62,Yes,No,No,No internet service,No internet service,No internet service,No internet service,No internet service,No internet service,One year,Yes,Mailed check,18.4,1117.54,No
1156-ZEDCQ,Female,0,No,Yes,37,No,No phone service,Fiber optic,Yes,Yes,No,No,Yes,Yes,Month-to-month,No,Mailed check,85.93,3198.36,No
3986-VOHYB,Female,1,Yes,Yes,12,No,No phone service,DSL,Yes,Yes,No,No,Yes,Yes,Two year,Yes,Credit card (automatic),54.94,705.38,No
7334-WJCSJ,Male,1,No,No,55,Yes,Yes,DSL,No,Yes,Yes,Yes,Yes,Yes,Month-to-month,No,Electronic check,62.56,3476.23,No
1204-XCRQQ,Male,0,No,No,10,Yes,No,DSL,Yes,No,No,Yes,No,Yes,Month-to-month,Yes,Mailed check,53.73,568.19,No
1110-VUARO,Male,0,Yes,Yes,1,Yes,No,DSL,Yes,Yes,No,Yes,Yes,Yes,Month-to-month,No,Mailed check,50.19,59.63,Yes
9175-DVCNX,Male,0,No,No,43,Yes,No,Fiber optic,No,No,Yes,Yes,Yes,Yes,Two year,Yes,Mailed check,75.13,3239.64,Yes
1123-IGRGH,Female,0,Yes,No,6,Yes,Yes,DSL,Yes,Yes,No,No,No,No,One year,Yes,Electronic check,63.56,427.59,No
8737-CAUGF,Male,0,Yes,No,1,Yes,Yes,Fiber optic,No,Yes,No,No,Yes,No,Month-to-month,No,Mailed check,104.27,83.59,Yes
6438-YIBVV,Female,0,Yes,No,31,Yes,Yes,Fiber optic,No,No,No,Yes,No,Yes,Month-to-month,Yes,Electronic check,93.02,2897.05,No
9529-UKOCL,Female,0,No,No,38,Yes,No,DSL,Yes,No,No,Yes,No,Yes,One year,No,Mailed check,49.81,1752.45,No
1367-CYBSS,Female,0,No,Yes,67,Yes,Yes,No,No internet service,No internet service,No internet service,No internet service,No internet service,No internet service,Month-to-month,Yes,Mailed check,30.11,1989.62,No
5117-DRTPW,Female,0,Yes,No,66,Yes,No,No,No internet service,No internet service,No internet service,No internet service,No internet service,No internet service,Month-to-month,Yes,Mailed check,36.12,2416.1,No
6884-BEDFI,Female,1,No,Yes,7,Yes,Yes,No,No internet service,No internet service,No internet service,No internet service,No internet service,No internet service,Month-to-month,Yes,Bank transfer (automatic),19.39,124.5,Yes
8657-ERBNS,Male,0,No,No,47,Yes,No,DSL,No,Yes,No,No,No,No,One year,No,Mailed check,36.63,1747.35,No
6674-LBBQO,Male,0,No,No,0,Yes,Yes,Fiber optic,No,No,Yes,No,No,No,Month-to-month,Yes,Mailed check,98.53, ,No
9479-QHBVA,Female,0,No,Yes,10,Yes,No,Fiber optic,No,Yes,Yes,No,Yes,Yes,Two year,No,Bank transfer (automatic),93.78,983.03,No
9344-NDHJX,Male,0,No,No,36,Yes,Yes,DSL,Yes,No,Yes,No,No,No,Month-to-month,Yes,Electronic check,70.95,2536.88,No
3553-RCDYS,Female,0,No,No,52,Yes,No,Fiber optic,Yes,No,Yes,Yes,Yes,Yes,Month-to-month,Yes,Bank transfer (automatic),108.79,5652.02,No
1460-SHRRO,Male,0,Yes,Yes,6,Yes,No,Fiber optic,No,No,Yes,No,No,Yes,Month-to-month,No,Electronic check,85.13,448.13,Yes
7349-GTNWV,Male,1,No,No,11,Yes,Yes,DSL,No,No,No,Yes,No,Yes,Two year,Yes,Credit card (automatic),71.6,765.81,No
4124-PGONS,Male,0,Yes,No,55,Yes,No,Fiber optic,No,Yes,Yes,Yes,No,Yes,Month-to-month,No,Mailed check,95.65,5286.37,No
2683-PIEEP,Female,0,No,No,1,No,No phone service,No,No internet service,No internet service,No internet service,No internet service,No internet service,No internet service,Two year,No,Bank transfer (automatic),34.72,0.0,No
5247-AOPBZ,Male,0,No,No,8,No,No phone service,Fiber optic,No,Yes,No,No,No,Yes,Month-to-month,No,Credit card (automatic),88.73,722.78,Yes
6348-UQBAW,Male,1,Yes,Yes,10,Yes,No,No,No internet service,No internet service,No internet service,No internet service,No internet service,No internet service,Month-to-month,No,Credit card (automatic),18.0,171.95,No
8605-AEMVC,Male,0,Yes,Yes,1,Yes,No,DSL,No,Yes,No,No,Yes,No,Month-to-month,Yes,Credit card (automatic),41.19,0.0,No
5082-CZOGG,Female,0,No,No,9,Yes,Yes,Fiber optic,No,Yes,Yes,Yes,Yes,Yes,One year,No,Credit card (automatic),89.75,848.48,Yes
4149-DXNMZ,Female,1,No,No,34,Yes,Yes,Fiber optic,Yes,No,No,No,Yes,No,Month-to-month,Yes,Credit card (automatic),98.47,3365.65,Yes
5347-WIIVH,Male,0,No,No,6,Yes,No,DSL,No,No,No,No,No,No,Month-to-month,No,Mailed check,62.93,418.96,Yes
8544-IOAOY,Female,0,No,No,57,Yes,Yes,DSL,No,Yes,Yes,No,No,Yes,Two year,Yes,Credit card (automatic),54.42,3065.67,No
9677-CYYVT,Male,0,Yes,No,10,Yes,No,DSL,Yes,No,No,Yes,No,No,Month-to-month,Yes,Mailed check,55.77,590.14,Yes
9223-JMDNU,Female,0,Yes,Yes,4,Yes,No,Fiber optic,No,No,Yes,Yes,Yes,Yes,Month-to-month,Yes,Electronic check,114.35,450.2,Yes
7888-WSUVS,Male,1,No,No,0,Yes,Yes,DSL,No,Yes,No,Yes,No,No,Month-to-month,Yes,Bank transfer (automatic),58.7, ,Yes
2319-WDXSA,Male,0,Yes,No,40,Yes,Yes,DSL,No,No,No,No,No,Yes,Two year,No,Electronic check,73.82,2923.12,No
5765-VYXOX,Female,0,No,No,18,Yes,Yes,No,No internet service,No internet service,No internet service,No internet service,No internet service,No internet service,Month-to-month,Yes,Bank transfer (automatic),20.28,360.58,No
1617-RYBOV,Female,0,Yes,No,1,Yes,No,No,No internet service,No internet service,No internet service,No internet service,No internet service,No internet service,One year,Yes,Mailed check,33.72,55.02,Yes
4206-POQVM,Male,0,Yes,No,52,No,No phone service,Fiber optic,No,Yes,No,No,No,Yes,Two year,No,Mailed check,71.1,3673.31,No
4047-HGFLA,Female,0,No,No,2,Yes,No,Fiber optic,Yes,Yes,No,No,No,No,Month-to-month,Yes,Credit card (automatic),97.11,166.01,No
9578-TLKVV,Female,1,No,No,25,Yes,Yes,Fiber optic,No,No,No,No,No,No,One year,Yes,Electronic check,105.12,2588.34,No
5494-WIRWT,Male,0,No,No,70,Yes,No,Fiber optic,Yes,Yes,Yes,No,No,No,Two year,Yes,Bank transfer (automatic),82.97,5786.6,No
7414-DSJVV,Female,1,Yes,No,3,Yes,No,Fiber optic,No,No,No,Yes,No,Yes,Month-to-month,Yes,Bank transfer (automatic),77.21,274.06,No
4085-JVPBY,Female,0,No,No,1,Yes,No,Fiber optic,Yes,Yes,No,Yes,Yes,No,One year,Yes,Electronic check,116.07,107.41,Yes
8066-EQSFU,Male,0,No,No,0,Yes,Yes,DSL,Yes,No,Yes,No,No,No,Two year,No,Electronic check,50.03, ,No
8966-MRUMV,Female,0,No,No,65,Yes,Yes,Fiber optic,No,Yes,No,Yes,No,Yes,One year,Yes,Bank transfer (automatic),88.39,5690.23,No
7995-MLBEK,Male,0,No,No,33,Yes,Yes,Fiber optic,Yes,Yes,No,Yes,Yes,Yes,Month-to-month,Yes,Mailed check,93.23,3087.88,No
6403-VBCPL,Female,0,Yes,No,13,Yes,No,Fiber optic,No,No,No,No,No,No,Month-to-month,Yes,Mailed check,77.19,888.25,Yes
2937-HLDES,Male,0,No,No,0,No,No phone service,No,No internet service,No internet service,No internet service,No internet service,No internet service,No internet service,Month-to-month,Yes,Bank transfer (automatic),29.71, ,No
9960-QSDTD,Male,0,No,No,18,Yes,Yes,DSL,No,Yes,Yes,Yes,Yes,Yes,Month-to-month,No,Credit card (automatic),55.67,969.68,Yes
1737-AZZWM,Female,0,No,No,50,Yes,No,Fiber optic,No,Yes,Yes,Yes,No,No,Two year,Yes,Mailed check,74.4,3638.19,No
8601-PDTLG,Female,0,No,Yes,60,Yes,Yes,Fiber optic,No,No,Yes,No,No,Yes,Month-to-month,Yes,Electronic check,85.31,5128.1,Yes
9646-UNXIR,Female,0,Yes,Yes,3,Yes,Yes,Fiber optic,Yes,No,Yes,Yes,Yes,No,One year,Yes,Bank transfer (automatic),77.24,109.58,Yes
5153-SFREU,Female,0,No,No,16,Yes,No,Fiber optic,Yes,Yes,No,No,No,Yes,Month-to-month,Yes,Mailed check,93.05,1486.34,No
2238-CCMYD,Male,0,Yes,Yes,64,Yes,No,No,No internet service,No internet service,No internet service,No internet service,No internet service,No internet service,Month-to-month,No,Bank transfer (automatic),30.03,2004.75,No
8959-JOURD,Male,0,Yes,Yes,43,No,No phone service,Fiber optic,No,No,No,No,No,Yes,Month-to-month,No,Credit card (automatic),80.93,3488.91,No
5900-FZELX,Male,0,No,No,2,Yes,No,No,No internet service,No internet service,No internet service,No internet service,No internet service,No internet service,Month-to-month,Yes,Electronic check,34.02,95.43,Yes
6166-MZGCA,Male,0,Yes,Yes,59,Yes,No,Fiber optic,Yes,No,No,No,Yes,No,Two year,Yes,Credit card (automatic),98.45,5818.98,No
4741-HNSFL,Male,1,No,No,32,Yes,Yes,DSL,No,No,Yes,Yes,No,Yes,One year,Yes,Electronic check,50.65,1625.01,No
6730-JLKFV,Female,0,Yes,No,24,Yes,Yes,Fiber optic,No,Yes,Yes,No,Yes,No,Month-to-month,No,Electronic check,71.41,1780.18,No
7898-UXQPH,Female,0,Yes,Yes,14,Yes,Yes,Fiber optic,No,No,No,No,No,No,Month-to-month,Yes,Electronic check,67.51,860.54,No
7188-AGNMJ,Male,1,Yes,No,4,Yes,No,No,No internet service,No internet service,No internet service,No internet service,No internet service,No internet service,Month-to-month,Yes,Bank transfer (automatic),18.35,0.0,No
5938-ZDHDJ,Male,0,Yes,Yes,5,Yes,No,Fiber optic,No,No,No,Yes,Yes,Yes,Two year,No,Bank transfer (automatic),82.5,434.98,No
2536-PMQJN,Female,0,Yes,No,1,Yes,No,No,No internet service,No internet service,No internet service,No internet service,No internet service,No internet service,Month-to-month,Yes,Credit card (automatic),38.1,24.71,Yes
2236-LOMAC,Male,0,Yes,No,70,Yes,No,Fiber optic,No,No,No,No,No,Yes,One year,Yes,Credit card (automatic),96.32,6722.09,No
6037-JSDPC,Male,0,Yes,No,64,Yes,Yes,Fiber optic,Yes,No,Yes,Yes,No,Yes,Month-to-month,No,Credit card (automatic),86.59,5631.94,No
9307-EYJZB,Male,0,Yes,No,56,Yes,Yes,No,No internet service,No internet service,No internet service,No internet service,No internet service,No internet service,Month-to-month,Yes,Electronic check,29.16,1657.74,No
9226-SRHJI,Male,0,Yes,No,50,Yes,No,DSL,Yes,Yes,Yes,No,Yes,No,Month-to-month,Yes,Electronic check,65.56,3272.58,Yes
8152-YZWRA,Male,0,Yes,No,64,Yes,Yes,No,No internet service,No internet service,No internet service,No internet service,No internet service,No internet service,Two year,No,Electronic check,28.9,1817.95,No
9160-QTFON,Female,1,Yes,No,69,Yes,Yes,No,No internet service,No internet service,No internet service,No internet service,No internet service,No internet service,Month-to-month,Yes,Mailed check,18.0,1320.1,No
2305-IURNF,Male,0,Yes,Yes,68,Yes,No,No,No internet service,No internet service,No internet service,No internet service,No internet service,No internet service,Month-to-month,Yes,Electronic check,27.96,1915.44,No
6622-YZAHQ,Female,0,Yes,No,55,Yes,No,DSL,Yes,No,Yes,Yes,No,Yes,Month-to-month,No,Mailed check,50.19,2727.13,No
2261-KBDSQ,Female,0,Yes,No,3,Yes,No,No,No internet service,No internet service,No internet service,No internet service,No internet service,No internet service,One year,Yes,Electronic check,35.61,158.1,No
8556-QYRFV,Female,0,Yes,No,61,Yes,Yes,DSL,Yes,No,No,No,Yes,No,One year,Yes,Mailed check,62.24,3792.75,No
6771-GZWCT,Male,0,Yes,Yes,63,Yes,No,DSL,Yes,No,Yes,Yes,Yes,No,Month-to-month,Yes,Mailed check,53.84,3369.14,No
8174-MUZJT,Male,1,No,No,9,No,No phone service,DSL,No,Yes,No,No,No,No,Month-to-month,No,Credit card (automatic),68.94,556.47,No
6400-HJUUC,Male,0,Yes,No,33,Yes,Yes,DSL,No,No,No,No,No,Yes,Month-to-month,Yes,Electronic check,61.43,2087.93,No
4968-GNBQU,Male,0,Yes,No,1,No,No phone service,DSL,Yes,Yes,No,Yes,No,No,Two year,No,Mailed check,57.58,8.69,Yes
8889-BQRDD,Male,1,No,No,15,Yes,No,No,No internet service,No internet service,No internet service,No internet service,No internet service,No internet service,Month-to-month,No,Credit card (automatic),29.43,469.56,No
9731-AGJVA,Female,0,No,No,34,Yes,No,Fiber optic,Yes,No,No,No,Yes,Yes,Month-to-month,No,Credit card (automatic),90.84,3096.44,No
8533-APZSQ,Male,0,Yes,No,24,Yes,No,Fiber optic,No,No,No,No,Yes,Yes,Two year,Yes,Credit card (automatic),107.31,2583.97,Yes
9127-PNHGG,Male,0,No,No,36,Yes,No,No,No internet service,No internet service,No internet service,No internet service,No internet service,No internet service,Two year,Yes,Electronic check,30.9,1162.56,No
2167-EEBTI,Male,0,No,No,48,Yes,No,No,No internet service,No internet service,No internet service,No internet service,No internet service,No internet service,Two year,Yes,Credit card (automatic),37.84,1816.18,No
3556-AFTNN,Female,0,No,No,7,Yes,No,No,No internet service,No internet service,No internet service,No internet service,No internet service,No internet service,Two year,No,Credit card (automatic),18.0,124.43,No
9850-ZWWZE,Female,0,No,Yes,56,Yes,Yes,No,No internet service,No internet service,No internet service,No internet service,No internet service,No internet service,Month-to-month,No,Credit card (automatic),25.16,1429.26,No
7459-MKOCX,Female,0,No,Yes,70,Yes,No,No,No internet service,No internet service,No internet service,No internet service,No internet service,No internet service,Month-to-month,Yes,Mailed check,31.92,2228.89,No
2557-LBYMO,Female,0,No,No,12,Yes,Yes,DSL,No,No,No,Yes,Yes,No,Month-to-month,No,Electronic check,58.37,723.19,No
6321-RBEDB,Female,0,Yes,No,5,Yes,No,Fiber optic,No,Yes,Yes,Yes,No,No,Month-to-month,No,Mailed check,113.7,553.46,No
5278-NUVJQ,Female,0,No,Yes,4,Yes,Yes,Fiber optic,No,No,No,No,No,No,Month-to-month,No,Mailed check,89.4,358.92,No
2846-CFVVX,Male,1,No,No,1,Yes,Yes,DSL,No,No,Yes,Yes,Yes,Yes,Two year,Yes,Bank transfer (automatic),73.18,95.71,No
6175-XQSRS,Female,0,Yes,No,37,Yes,No,DSL,Yes,Yes,No,Yes,Yes,No,Month-to-month,Yes,Electronic check,50.88,1903.78,No
9096-WOMOJ,Female,1,Yes,No,9,Yes,Yes,Fiber optic,Yes,No,Yes,Yes,Yes,Yes,Month-to-month,No,Electronic check,108.29,1005.4,No
4614-FKTDG,Male,0,No,Yes,32,Yes,Yes,No,No internet service,No internet service,No internet service,No internet service,No internet service,No internet service,Two year,No,Bank transfer (automatic),20.91,665.99,No
3689-CBJGE,Female,0,No,No,3,Yes,No,Fiber optic,No,Yes,Yes,No,Yes,Yes,Two year,No,Electronic check,88.98,291.93,No
6028-NUXIK,Male,0,No,No,58,Yes,Yes,Fiber optic,Yes,No,Yes,No,No,No,Month-to-month,Yes,Electronic check,59.9,3441.77,No
8095-YYPGN,Male,0,Yes,No,12,Yes,Yes,DSL,No,No,No,No,No,No,Month-to-month,No,Electronic check,75.02,1006.11,Yes
2814-AMIWE,Male,0,No,No,39,Yes,No,DSL,No,Yes,No,Yes,No,Yes,Month-to-month,Yes,Electronic check,62.47,2486.6,No
6783-XFNSG,Female,0,Yes,No,3,Yes,No,No,No internet service,No internet service,No internet service,No internet service,No internet service,No internet service,Month-to-month,No,Mailed check,18.12,0.0,No
7728-EETIS,Female,0,No,No,24,Yes,No,DSL,No,No,No,Yes,Yes,No,Month-to-month,No,Bank transfer (automatic),59.09,1404.48,No
4044-AMHSF,Male,0,Yes,No,2,Yes,No,Fiber optic,No,Yes,Yes,Yes,Yes,No,One year,No,Electronic check,71.17,153.23,No
8679-SPXRW,Male,0,Yes,No,59,Yes,No,DSL,No,Yes,Yes,Yes,No,No,Month-to-month,Yes,Credit card (automatic),67.23,3947.72,No
9395-NQVEZ,Male,0,Yes,No,62,No,No phone service,DSL,No,No,Yes,No,Yes,Yes,One year,Yes,Electronic check,69.26,4336.87,No
5949-VUPBS,Male,1,Yes,Yes,70,Yes,Yes,Fiber optic,No,No,Yes,No,No,No,One year,No,Credit card (automatic),82.82,5734.91,No
3013-CVHYK,Female,1,Yes,No,42,Yes,No,Fiber optic,Yes,No,No,Yes,No,No,Two year,Yes,Electronic check,95.53,4002.1,No
2955-XGFFA,Male,0,No,Yes,28,Yes,No,DSL,No,Yes,Yes,Yes,No,No,Month-to-month,Yes,Bank transfer (automatic),71.2,1992.36,No
4269-IZLYG,Male,0,Yes,No,24,Yes,Yes,No,No internet service,No internet service,No internet service,No internet service,No internet service,No internet service,Two year,Yes,Mailed check,25.59,737.51,No
8941-MXXID,Male,0,No,Yes,30,Yes,No,DSL,Yes,Yes,Yes,Yes,Yes,No,One year,Yes,Credit card (automatic),62.75,1839.47,Yes
3232-KLBOT,Female,0,No,No,1,Yes,Yes,Fiber optic,No,Yes,Yes,Yes,Yes,No,One year,No,Electronic check,76.56,4.49,Yes
3290-RRXYA,Male,0,Yes,No,59,Yes,Yes,Fiber optic,No,No,No,No,No,No,One year,No,Mailed check,111.3,6516.82,No
6321-YRVRI,Female,0,No,No,51,Yes,Yes,Fiber optic,No,No,No,No,Yes,Yes,Month-to-month,No,Credit card (automatic),71.49,3736.56,No
6920-ODVSV,Male,1,No,No,7,Yes,No,Fiber optic,No,Yes,No,No,Yes,Yes,Month-to-month,No,Electronic check,65.84,502.66,Yes
1215-EMDKQ,Male,0,No,No,0,Yes,No,DSL,No,No,Yes,Yes,Yes,Yes,Month-to-month,Yes,Electronic check,49.13, ,Yes
1185-YNPOE,Female,0,No,Yes,36,Yes,No,Fiber optic,No,Yes,No,No,Yes,Yes,Two year,No,Credit card (automatic),109.61,3914.01,No
3610-DKQOC,Male,0,No,Yes,28,Yes,No,DSL,No,Yes,Yes,Yes,Yes,No,Month-to-month,Yes,Mailed check,64.65,1795.48,Yes
3528-GPIDY,Female,0,No,No,44,No,No phone service,DSL,No,Yes,No,Yes,Yes,Yes,Month-to-month,Yes,Credit card (automatic),44.79,1950.73,No
1008-GXGQI,Male,0,Yes,No,27,Yes,No,DSL,Yes,Yes,Yes,No,No,No,One year,No,Bank transfer (automatic),52.47,1376.94,No
3991-EEZWZ,Female,0,Yes,Yes,6,No,No phone service,Fiber optic,No,Yes,No,Yes,No,No,Month-to-month,Yes,Mailed check,66.48,421.2,Yes
8004-CVYVU,Female,0,No,No,46,Yes,No,No,No internet service,No internet service,No internet service,No internet service,No internet service,No internet service,Two year,No,Mailed check,27.95,1315.69,No
2274-KBWAT,Female,1,Yes,No,24,Yes,Yes,DSL,No,Yes,No,Yes,Yes,No,One year,Yes,Mailed check,47.34,1075.66,No
1413-REOAP,Male,0,No,No,69,Yes,No,Fiber optic,Yes,No,Yes,Yes,No,No,Month-to-month,No,Bank transfer (automatic),94.23,6457.7,No
7000-BWSGR,Female,0,Yes,No,0,Yes,Yes,Fiber optic,Yes,No,No,No,No,No,Month-to-month,Yes,Electronic check,73.93, ,Yes
2977-OKPBK,Female,1,Yes,No,3,Yes,Yes,DSL,Yes,Yes,Yes,No,Yes,Yes,Two year,Yes,Mailed check,77.08,315.29,Yes
1009-DJUJB,Male,0,No,No,66,Yes,No,Fiber optic,Yes,No,No,Yes,Yes,No,One year,Yes,Electronic check,65.14,4289.4,No
4459-SOQVM,Male,0,Yes,No,26,Yes,Yes,No,No internet service,No internet service,No internet service,No internet service,No internet service,No internet service,One year,No,Mailed check,28.47,804.38,No
2349-MQAFC,Female,0,Yes,No,47,Yes,No,No,No internet service,No internet service,No internet service,No internet service,No internet service,No internet service,Two year,Yes,Mailed check,30.9,1430.25,No
2511-ZXJBL,Male,0,No,No,37,Yes,Yes,Fiber optic,Yes,No,Yes,No,Yes,Yes,Month-to-month,No,Electronic check,75.9,2719.54,No
1500-HQYPG,Female,0,No,Yes,60,Yes,Yes,Fiber optic,Yes,No,Yes,No,No,No,Month-to-month,No,Bank transfer (automatic),94.04,5686.49,No
3546-FRZTM,Female,0,No,Yes,64,Yes,No,Fiber optic,No,No,Yes,Yes,Yes,Yes,One year,Yes,Electronic check,75.51,4834.06,Yes
6417-DAHJD,Male,0,Yes,No,54,Yes,No,Fiber optic,No,No,No,No,Yes,No,Month-to-month,No,Credit card (automatic),72.81,3937.39,No
8652-YKQFB,Female,0,No,No,44,Yes,No,Fiber optic,No,Yes,Yes,No,No,No,Month-to-month,Yes,Mailed check,85.1,3736.76,No
2588-YABLN,Female,0,No,No,3,Yes,Yes,DSL,No,Yes,Yes,Yes,Yes,No,Month-to-month,No,Electronic check,62.62,117.01,Yes
6790-HGJVU,Male,0,No,No,8,Yes,Yes,Fiber optic,No,No,No,No,Yes,Yes,Month-to-month,Yes,Mailed check,86.41,658.1,Yes
9068-RLWIG,Female,1,Yes,No,11,Yes,No,Fiber optic,No,No,Yes,No,Yes,No,One year,No,Mailed check,109.48,1241.45,Yes
8527-VJECZ,Male,0,Yes,Yes,6,Yes,Yes,Fiber optic,No,No,No,Yes,Yes,No,Two year,Yes,Electronic check,91.06,590.17,Yes
4533-ECJQO,Male,0,No,No,9,Yes,Yes,Fiber optic,No,No,No,No,Yes,No,Two year,Yes,Mailed check,76.96,643.92,No
9953-SMEVH,Female,0,No,Yes,2,Yes,Yes,No,No internet service,No internet service,No internet service,No internet service,No internet service,No internet service,One year,Yes,Mailed check,25.31,69.09,No
3261-DUVHV,Male,0,Yes,Yes,2,No,No phone service,DSL,Yes,No,Yes,No,Yes,No,Two year,Yes,Mailed check,57.99,135.93,No
9482-ODTTF,Female,0,No,No,2,Yes,No,No,No internet service,No internet service,No internet service,No internet service,No internet service,No internet service,One year,Yes,Credit card (automatic),19.65,0.0,No
3833-YHQGH,Male,0,No,Yes,3,Yes,No,Fiber optic,No,Yes,No,Yes,Yes,Yes,Two year,Yes,Bank transfer (automatic),96.79,306.84,No
7916-SMALQ,Male,0,Yes,Yes,3,Yes,Yes,Fiber optic,Yes,No,No,No,Yes,Yes,Month-to-month,Yes,Mailed check,79.05,210.42,No
5094-KGGRY,Male,0,No,No,44,Yes,No,Fiber optic,No,No,Yes,No,No,No,Month-to-month,Yes,Bank transfer (automatic),57.78,2565.12,No
2668-QZDTW,Female,0,Yes,No,70,Yes,No,DSL,Yes,No,No,No,No,No,Month-to-month,Yes,Electronic check,77.31,5425.21,No
6546-TOWPO,Female,0,No,No,31,Yes,Yes,DSL,No,Yes,No,No,No,No,One year,Yes,Credit card (automatic),58.75,1798.28,No
2657-OQANH,Female,0,No,Yes,66,Yes,No,Fiber optic,No,Yes,Yes,Yes,No,Yes,Month-to-month,Yes,Credit card (automatic),89.62,5883.59,No
1475-AABVA,Female,0,No,No,24,Yes,No,No,No internet service,No internet service,No internet service,No internet service,No internet service,No internet service,Two year,Yes,Credit card (automatic),20.65,559.14,No
9230-LTBZD,Female,1,No,No,62,Yes,Yes,No,No internet service,No internet service,No internet service,No internet service,No internet service,No internet service,Month-to-month,No,Credit card (automatic),31.01,1858.7,No
9471-VRYXV,Female,0,No,No,5,Yes,No,DSL,Yes,Yes,No,Yes,No,Yes,Month-to-month,No,Electronic check,44.9,178.15,Yes
1662-NUXBK,Female,0,Yes,Yes,55,Yes,No,DSL,Yes,No,Yes,Yes,No,No,One year,Yes,Electronic check,51.93,2820.83,No
9394-ZMXWJ,Female,0,No,No,38,Yes,Yes,Fiber optic,No,Yes,Yes,Yes,No,No,Month-to-month,No,Credit card (automatic),67.02,2559.97,No
6935-YRZMY,Female,0,No,No,30,Yes,No,Fiber optic,Yes,No,Yes,No,No,No,One year,No,Credit card (automatic),81.34,2442.16,No
1337-NLHDU,Female,0,Yes,Yes,1,Yes,Yes,DSL,No,Yes,No,No,No,Yes,Month-to-month,Yes,Electronic check,56.42,38.85,Yes
6447-ZYKKT,Male,0,No,No,4,Yes,Yes,Fiber optic,Yes,No,No,Yes,Yes,No,One year,No,Mailed check,90.71,329.69,Yes
7139-SHRUU,Male,0,Yes,Yes,70,Yes,No,Fiber optic,No,No,No,No,No,Yes,Two year,Yes,Mailed check,97.25,6832.69,No
5381-KXQDH,Female,0,No,No,55,Yes,Yes,No,No internet service,No internet service,No internet service,No internet service,No internet service,No internet service,Two year,Yes,Electronic check,21.53,1266.76,No
5840-TZCTI,Male,0,No,No,3,Yes,Yes,DSL,No,Yes,No,No,Yes,No,Month-to-month,Yes,Credit card (automatic),63.03,255.93,No
7576-PUWZJ,Male,0,No,No,0,Yes,Yes,No,No internet service,No internet service,No internet service,No internet service,No internet service,No internet service,Month-to-month,No,Credit card (automatic),32.16, ,No
1563-LJWUU,Female,1,No,No,12,Yes,No,No,No internet service,No internet service,No internet service,No internet service,No internet service,No internet service,Two year,Yes,Credit card (automatic),21.93,264.04,No
3415-LGJZI,Male,1,Yes,Yes,2,Yes,Yes,Fiber optic,Yes,No,Yes,No,Yes,Yes,Month-to-month,No,Mailed check,86.67,140.03,Yes
6439-NRUKD,Male,0,No,Yes,38,Yes,No,No,No internet service,No internet service,No internet service,No internet service,No internet service,No internet service,Month-to-month,Yes,Electronic check,18.0,697.42,No
8544-MEAML,Male,0,No,No,4,No,No phone service,Fiber optic,No,Yes,No,No,Yes,Yes,Month-to-month,Yes,Credit card (automatic),72.1,322.17,Yes
3584-JGDNU,Male,0,Yes,No,64,No,No phone service,Fiber optic,Yes,No,No,No,No,No,Two year,Yes,Electronic check,75.5,4877.84,No
1489-ICYWN,Female,0,Yes,No,31,Yes,No,Fiber optic,No,No,No,No,No,Yes,Month-to-month,No,Mailed check,113.57,3604.81,Yes
7966-AMKKB,Female,0,No,No,6,Yes,No,Fiber optic,Yes,Yes,No,No,No,Yes,Month-to-month,No,Electronic check,55.15,356.48,No
4850-LXOMB,Female,0,No,No,20,Yes,Yes,DSL,No,Yes,Yes,Yes,No,Yes,Month-to-month,No,Mailed check,71.29,1426.62,No
1783-PDKPG,Female,0,Yes,Yes,48,Yes,No,DSL,Yes,No,No,No,No,Yes,Two year,Yes,Bank transfer (automatic),67.92,3177.66,No
4927-HCJRM,Female,0,Yes,Yes,31,Yes,Yes,No,No internet service,No internet service,No internet service,No internet service,No internet service,No internet service,Month-to-month,Yes,Electronic check,24.55,789.36,No
3900-CQSVC,Male,0,Yes,Yes,50,Yes,No,DSL,No,Yes,No,No,No,No,Month-to-month,Yes,Electronic check,56.57,2859.71,No
3905-CTSOO,Female,0,No,No,41,Yes,No,Fiber optic,No,No,Yes,Yes,No,No,Month-to-month,No,Electronic check,102.21,4278.06,Yes
1370-YFUCG,Male,0,Yes,No,33,No,No phone service,No,No internet service,No internet service,No internet service,No internet service,No internet service,No internet service,Month-to-month,No,Mailed check,36.48,1277.93,No
9249-GVPZW,Male,0,No,No,15,Yes,No,Fiber optic,Yes,No,No,No,No,No,One year,Yes,Electronic check,102.12,1534.06,Yes
9382-BHSMD,Female,0,No,No,9,Yes,No,Fiber optic,No,Yes,No,No,No,Yes,Month-to-month,Yes,Electronic check,68.52,579.43,Yes
9857-IWCTL,Female,0,Yes,Yes,5,Yes,No,No,No internet service,No internet service,No internet service,No internet service,No internet service,No internet service,Month-to-month,Yes,Electronic check,36.29,131.47,Yes
3841-PKALU,Male,0,No,Yes,39,Yes,Yes,DSL,No,No,Yes,No,Yes,No,One year,No,Electronic check,59.3,2374.84,No
7430-AXVZC,Female,0,Yes,Yes,5,No,No phone service,DSL,Yes,No,Yes,No,Yes,No,Month-to-month,No,Mailed check,73.91,335.94,No
5455-ZCBJT,Male,0,Yes,Yes,69,No,No phone service,Fiber optic,No,No,No,Yes,No,Yes,One year,No,Credit card (automatic),106.0,7289.09,No
9894-WAMYN,Male,0,No,No,2,Yes,No,No,No internet service,No internet service,No internet service,No internet service,No internet service,No internet service,Month-to-month,Yes,Bank transfer (automatic),18.0,0.0,No
2262-QOQKU,Male,0,No,Yes,48,Yes,Yes,Fiber optic,No,No,No,No,No,No,One year,Yes,Credit card (automatic),107.02,5254.05,No
4302-KYWRC,Male,1,No,No,60,Yes,Yes,DSL,No,No,No,No,No,No,Month-to-month,No,Bank transfer (automatic),47.62,2881.82,Yes
4026-DBWPX,Female,0,Yes,No,32,No,No phone service,Fiber optic,No,No,No,No,No,No,Two year,Yes,Bank transfer (automatic),74.0,2383.16,No
2910-TFBHS,Male,0,Yes,No,4,Yes,No,Fiber optic,No,No,No,No,Yes,No,Two year,Yes,Credit card (automatic),93.52,397.32,No
6019-GXWAI,Female,0,Yes,Yes,0,Yes,No,Fiber optic,No,No,Yes,No,Yes,No,One year,Yes,Electronic check,107.85, ,Yes
9974-NVHHJ,Male,0,No,No,24,Yes,No,DSL,No,No,No,Yes,No,Yes,Month-to-month,Yes,Credit card (automatic),57.0,1427.6,No
7350-FXUOI,Female,0,Yes,Yes,55,Yes,No,No,No internet service,No internet service,No internet service,No internet service,No internet service,No internet service,Month-to-month,Yes,Mailed check,35.27,1932.32,No
5231-MWEDV,Female,0,No,Yes,2,Yes,No,Fiber optic,Yes,No,No,No,No,Yes,Two year,Yes,Electronic check,97.99,205.28,No
1633-WRNRW,Female,0,No,No,40,Yes,No,No,No internet service,No internet service,No internet service,No internet service,No internet service,No internet service,Month-to-month,No,Electronic check,18.0,871.25,No
2846-GPBAJ,Male,1,No,No,41,Yes,No,DSL,No,Yes,No,Yes,No,Yes,One year,No,Electronic check,45.44,1830.36,No
7574-SUCLH,Female,0,Yes,No,1,Yes,No,DSL,No,Yes,No,Yes,No,No,One year,No,Mailed check,45.84,75.14,No
7997-LMCPD,Female,0,Yes,No,5,Yes,No,DSL,Yes,No,Yes,No,Yes,No,Two year,Yes,Electronic check,59.51,412.33,No
6507-HGBRR,Male,0,No,Yes,8,Yes,No,Fiber optic,Yes,Yes,No,No,No,No,One year,Yes,Mailed check,102.87,807.92,No
2407-MJYFW,Male,0,No,No,39,Yes,Yes,No,No internet service,No internet service,No internet service,No internet service,No internet service,No internet service,One year,Yes,Bank transfer (automatic),29.18,1107.89,No
5379-YMMWW,Male,0,No,Yes,2,Yes,Yes,No,No internet service,No internet service,No internet service,No internet service,No internet service,No internet service,Two year,Yes,Bank transfer (automatic),18.0,40.23,No
9070-CWFWM,Male,0,No,No,29,Yes,Yes,DSL,Yes,No,No,No,No,No,Month-to-month,No,Electronic check,57.22,1614.56,Yes
5981-RAOPG,Male,0,Yes,No,1,Yes,No,DSL,Yes,Yes,No,Yes,No,Yes,Month-to-month,Yes,Credit card (automatic),66.14,153.53,No
5222-BUAWO,Male,0,Yes,Yes,14,Yes,No,Fiber optic,No,Yes,No,No,Yes,No,Month-to-month,Yes,Mailed check,116.46,1642.78,Yes
9568-JDWIX,Male,0,Yes,No,64,Yes,No,DSL,No,Yes,Yes,No,Yes,Yes,Two year,Yes,Mailed check,44.75,2901.87,No
1691-HCKLG,Female,1,No,Yes,13,Yes,No,Fiber optic,No,Yes,No,No,Yes,No,Month-to-month,No,Electronic check,101.84,1332.13,Yes
2308-IATZA,Male,0,No,No,49,Yes,No,DSL,No,Yes,Yes,No,No,No,Month-to-month,Yes,Mailed check,51.99,2554.0,No
8887-ZEPJV,Male,0,No,Yes,3,Yes,No,No,No internet service,No internet service,No internet service,No internet service,No internet service,No internet service,Month-to-month,No,Electronic check,23.07,47.54,No
3292-FQHUE,Female,0,No,No,39,Yes,Yes,Fiber optic,No,No,No,No,Yes,Yes,One year,Yes,Mailed check,69.46,2818.73,No
2019-PBCOV,Male,0,Yes,No,41,Yes,No,DSL,Yes,Yes,Yes,No,No,Yes,Two year,Yes,Electronic check,68.17,2793.96,No
4794-CIQNX,Male,1,No,No,5,Yes,No,Fiber optic,Yes,No,No,No,No,No,One year,No,Bank transfer (automatic),111.97,501.59,No
4261-XPJJN,Male,1,No,Yes,62,Yes,No,No,No internet service,No internet service,No internet service,No internet service,No internet service,No internet service,Month-to-month,Yes,Mailed check,26.96,1675.91,No
9648-TBGCT,Male,1,Yes,No,46,Yes,No,No,No internet service,No internet service,No internet service,No internet service,No internet service,No internet service,One year,Yes,Mailed check,29.8,1405.71,No
9570-OGHAZ,Male,1,No,No,21,Yes,No,DSL,Yes,No,Yes,No,Yes,No,Month-to-month,Yes,Mailed check,74.34,1569.69,Yes
8310-YBCOV,Male,0,No,Yes,53,Yes,Yes,Fiber optic,No,No,Yes,Yes,No,Yes,One year,Yes,Credit card (automatic),80.87,4370.28,No
4315-SOKXV,Male,0,No,Yes,17,Yes,No,DSL,No,No,No,Yes,Yes,No,Two year,Yes,Electronic check,52.46,755.4,No
1428-OTYEY,Female,0,Yes,No,59,Yes,No,No,No internet service,No internet service,No internet service,No internet service,No internet service,No internet service,Month-to-month,Yes,Bank transfer (automatic),19.45,1076.78,No
3699-HXSPH,Female,0,No,No,25,Yes,No,Fiber optic,No,No,No,No,No,Yes,Month-to-month,Yes,Electronic check,103.15,2567.01,Yes
3404-LZBOY,Male,0,No,No,7,Yes,Yes,Fiber optic,No,No,No,No,Yes,Yes,Month-to-month,Yes,Credit card (automatic),98.4,634.01,Yes
4809-EZQOX,Male,0,No,Yes,68,Yes,No,DSL,No,Yes,No,Yes,No,No,Two year,Yes,Bank transfer (automatic),54.24,3749.04,No
9290-QUXXZ,Male,0,Yes,No,53,Yes,No,DSL,No,Yes,No,Yes,No,No,Two year,Yes,Electronic check,41.77,2226.19,No
2032-QVVSX,Female,0,Yes,No,2,No,No phone service,Fiber optic,No,No,No,Yes,No,Yes,Month-to-month,Yes,Mailed check,96.47,142.91,Yes
1776-WVTEI,Female,0,No,No,16,Yes,No,Fiber optic,Yes,Yes,No,No,No,No,Month-to-month,No,Electronic check,82.43,1368.87,Yes
2762-GPRNH,Male,1,Yes,Yes,6,Yes,No,DSL,No,No,No,No,No,Yes,Month-to-month,Yes,Credit card (automatic),54.48,381.99,Yes
2497-BYCPO,Male,0,Yes,Yes,46,No,No phone service,Fiber optic,Yes,No,No,Yes,No,No,Month-to-month,Yes,Mailed check,73.13,3383.46,Yes
8361-PJCTX,Male,0,No,No,6,Yes,Yes,Fiber optic,No,No,No,No,No,Yes,Month-to-month,No,Bank transfer (automatic),87.01,466.57,Yes
3522-OFJBD,Female,0,Yes,No,23,Yes,Yes,DSL,No,No,Yes,No,Yes,No,Two year,Yes,Bank transfer (automatic),72.33,1628.43,No
5386-SKPBD,Female,0,Yes,No,10,Yes,No,DSL,No,No,No,No,Yes,No,Month-to-month,No,Bank transfer (automatic),60.64,556.43,No
8933-MGDLR,Male,0,No,No,0,Yes,No,Fiber optic,No,Yes,No,No,Yes,No,Month-to-month,Yes,Electronic check,72.12, ,No
2726-XLUPX,Female,0,Yes,Yes,47,Yes,Yes,No,No internet service,No internet service,No internet service,No internet service,No internet service,No internet service,Month-to-month,Yes,Credit card (automatic),35.22,1692.41,No
9149-UPXXJ,Male,0,No,No,69,Yes,No,Fiber optic,No,Yes,No,No,No,No,Two year,Yes,Bank transfer (automatic),87.83,6080.62,No
8222-VIXQQ,Female,0,Yes,No,9,Yes,No,DSL,Yes,Yes,No,Yes,No,Yes,Two year,Yes,Electronic check,70.94,615.87,No
1001-BDIQH,Female,0,Yes,No,19,Yes,Yes,DSL,No,No,No,Yes,Yes,No,Two year,No,Electronic check,58.94,1206.57,No
5048-FSUWL,Male,0,Yes,No,55,Yes,Yes,DSL,Yes,Yes,No,No,Yes,No,Two year,Yes,Electronic check,74.75,4125.2,No
6443-PFRFN,Male,0,Yes,No,27,Yes,No,DSL,No,Yes,Yes,No,No,No,Month-to-month,Yes,Electronic check,55.16,1450.69,No
1069-SIEGF,Female,0,Yes,Yes,48,Yes,No,DSL,Yes,No,Yes,Yes,No,Yes,Month-to-month,Yes,Credit card (automatic),71.24,3382.0,No
9650-BWVTN,Male,0,No,No,0,Yes,Yes,DSL,Yes,Yes,Yes,Yes,No,No,Month-to-month,No,Electronic check,73.12, ,Yes
8731-DKYFX,Female,0,No,No,32,Yes,No,Fiber optic,No,Yes,No,No,No,No,One year,No,Electronic check,61.35,1982.16,No
8098-RGQZR,Male,0,Yes,No,3,Yes,Yes,Fiber optic,Yes,Yes,Yes,No,Yes,Yes,Two year,Yes,Credit card (automatic),106.8,306.96,No
9288-MJUNT,Female,0,Yes,No,51,Yes,No,DSL,Yes,No,Yes,Yes,No,No,Two year,No,Electronic check,52.61,2727.19,No
5683-CPZOM,Male,0,No,No,34,No,No phone service,Fiber optic,No,No,No,Yes,Yes,No,One year,No,Mailed check,87.66,2995.14,No
7918-AJJYW,Male,0,No,No,7,Yes,Yes,Fiber optic,Yes,Yes,No,Yes,Yes,Yes,Month-to-month,Yes,Electronic check,75.53,502.89,No
1838-LKNVO,Male,1,Yes,No,6,Yes,No,DSL,Yes,Yes,No,Yes,No,No,Two year,Yes,Mailed check,70.43,374.98,Yes
1600-JGSJE,Male,1,Yes,No,31,Yes,No,No,No internet service,No internet service,No internet service,No internet service,No internet service,No internet service,Month-to-month,Yes,Mailed check,37.94,1169.16,No
9019-WCQES,Male,0,Yes,No,70,Yes,No,No,No internet service,No internet service,No internet service,No internet service,No internet service,No internet service,Two year,No,Electronic check,30.75,2131.83,No
8110-EZZTV,Female,0,No,No,57,Yes,Yes,DSL,No,Yes,No,No,No,No,One year,No,Bank transfer (automatic),65.98,3740.9,No
2348-YDQCC,Male,0,Yes,No,30,Yes,No,DSL,No,No,Yes,No,Yes,No,One year,Yes,Credit card (automatic),60.12,1718.54,No
6459-KMSTT,Male,1,No,Yes,41,Yes,No,DSL,Yes,No,Yes,No,Yes,Yes,Month-to-month,No,Electronic check,65.45,2701.65,No
6011-PGAGG,Male,0,Yes,No,33,Yes,No,No,No internet service,No internet service,No internet service,No internet service,No internet service,No internet service,Month-to-month,Yes,Mailed check,18.78,652.97,No
8344-MEPOF,Male,0,Yes,No,36,Yes,Yes,Fiber optic,No,Yes,Yes,No,Yes,Yes,Month-to-month,No,Mailed check,66.27,2369.93,Yes
9991-UGFMP,Female,0,No,No,69,Yes,No,No,No internet service,No internet service,No internet service,No internet service,No internet service,No internet service,Month-to-month,Yes,Credit card (automatic),24.01,1732.3,No
6544-DFDSP,Female,0,Yes,No,31,Yes,Yes,Fiber optic,Yes,No,Yes,No,Yes,Yes,Two year,Yes,Mailed check,89.77,2762.63,No
8213-TEXRY,Male,0,No,Yes,4,Yes,Yes,DSL,Yes,Yes,No,No,No,Yes,Month-to-month,Yes,Mailed check,58.43,277.67,Yes
4020-NUEDE,Female,0,No,Yes,64,No,No phone service,No,No internet service,No internet service,No internet service,No internet service,No internet service,No internet service,Month-to-month,No,Mailed check,33.85,2172.58,No
5758-KPKWI,Female,0,No,No,7,Yes,No,No,No internet service,No internet service,No internet service,No internet service,No internet service,No internet service,One year,Yes,Credit card (automatic),35.49,195.83,No
8402-PJWSE,Female,0,Yes,No,48,Yes,Yes,DSL,No,Yes,No,Yes,Yes,No,One year,Yes,Credit card (automatic),71.14,3376.09,No
3111-KGYBA,Male,0,Yes,No,37,Yes,Yes,DSL,No,Yes,No,Yes,No,No,One year,No,Electronic check,75.66,2750.58,No
5213-JFBNN,Male,0,Yes,Yes,64,Yes,Yes,No,No internet service,No internet service,No internet service,No internet service,No internet service,No internet service,Two year,No,Electronic check,33.08,2094.89,Yes
1090-OJBQB,Male,1,No,No,64,Yes,No,No,No internet service,No internet service,No internet service,No internet service,No internet service,No internet service,Two year,Yes,Credit card (automatic),29.3,1897.31,No
1909-OIYFU,Female,0,No,No,11,Yes,No,Fiber optic,No,No,No,No,No,No,Two year,No,Electronic check,76.04,767.24,No
3962-XFBWR,Female,1,Yes,Yes,2,Yes,No,DSL,No,Yes,Yes,Yes,No,Yes,Month-to-month,No,Electronic check,61.33,183.88,Yes
4886-LTXFB,Male,0,Yes,No,5,Yes,Yes,DSL,Yes,Yes,No,No,Yes,No,One year,Yes,Bank transfer (automatic),76.51,403.37,No
9629-JZQES,Male,0,Yes,No,2,Yes,Yes,Fiber optic,Yes,No,No,No,Yes,No,Month-to-month,Yes,Mailed check,80.42,174.02,No
3408-HPASM,Female,1,Yes,No,24,Yes,No,DSL,Yes,Yes,No,Yes,No,No,Month-to-month,Yes,Bank transfer (automatic),68.03,1551.81,No
4079-NEZPX,Female,0,Yes,No,48,Yes,Yes,DSL,No,Yes,Yes,No,No,No,Month-to-month,Yes,Bank transfer (automatic),69.66,3419.87,Yes
2694-QPHUA,Male,0,No,No,6,Yes,Yes,DSL,Yes,No,No,Yes,Yes,No,Month-to-month,No,Mailed check,56.36,404.08,Yes
2707-RONIC,Female,0,No,Yes,55,Yes,Yes,Fiber optic,No,No,Yes,No,Yes,No,Month-to-month,Yes,Electronic check,107.88,5884.72,Yes
1135-QSTND,Male,0,Yes,Yes,1,Yes,No,Fiber optic,No,No,No,No,Yes,No,Month-to-month,Yes,Electronic check,79.55,140.99,Yes
7701-PFNVF,Male,0,Yes,Yes,4,Yes,No,No,No internet service,No internet service,No internet service,No internet service,No internet service,No internet service,Month-to-month,Yes,Mailed check,27.13,113.42,Yes
5638-WQFQS,Female,0,Yes,No,4,Yes,Yes,DSL,No,Yes,Yes,No,No,No,Two year,Yes,Mailed check,40.33,194.76,No
5423-EDMSV,Female,1,Yes,No,9,Yes,Yes,No,No internet service,No internet service,No internet service,No internet service,No internet service,No internet service,Month-to-month,Yes,Electronic check,26.65,186.04,No
4726-QRLOD,Female,0,No,No,63,Yes,No,DSL,Yes,No,Yes,No,Yes,No,Two year,No,Mailed check,71.35,4508.22,No
5300-NLQVV,Male,0,Yes,No,39,Yes,No,No,No internet service,No internet service,No internet service,No internet service,No internet service,No internet service,Two year,Yes,Electronic check,18.84,673.21,No
5054-CKISQ,Male,1,No,No,7,Yes,No,Fiber optic,No,Yes,Yes,No,No,No,Month-to-month,Yes,Bank transfer (automatic),64.87,476.4,Yes
7289-AVCAK,Male,0,No,Yes,1,Yes,Yes,DSL,No,No,No,No,No,No,Month-to-month,No,Mailed check,60.49,1.97,No
2012-KCHTW,Male,0,No,Yes,5,Yes,No,No,No internet service,No internet service,No internet service,No internet service,No internet service,No internet service,Month-to-month,No,Electronic check,18.0,140.16,No
2828-LYHBI,Male,0,No,No,48,No,No phone service,Fiber optic,No,Yes,Yes,No,No,No,Two year,Yes,Mailed check,75.83,3691.62,No
7148-HHXID,Male,0,No,No,13,Yes,No,Fiber optic,No,No,Yes,Yes,Yes,No,One year,No,Electronic check,78.51,1065.29,No
5102-IEYSA,Male,1,No,No,5,Yes,No,No,No internet service,No internet service,No internet service,No internet service,No internet service,No internet service,Month-to-month,Yes,Credit card (automatic),28.91,117.95,No
8870-SKFKC,Male,0,Yes,No,26,Yes,No,Fiber optic,Yes,No,No,Yes,No,Yes,Month-to-month,Yes,Electronic check,90.4,2348.37,No
3271-NFIFL,Male,0,No,No,60,No,No phone service,DSL,Yes,Yes,Yes,Yes,No,Yes,One year,Yes,Bank transfer (automatic),58.71,3512.75,No
8712-QLMFW,Female,0,Yes,No,23,Yes,Yes,DSL,Yes,Yes,No,Yes,No,No,Month-to-month,Yes,Bank transfer (automatic),71.43,1647.56,No
5363-AILAW,Male,0,Yes,No,47,Yes,No,DSL,No,Yes,Yes,No,Yes,No,One year,Yes,Electronic check,78.78,3649.06,Yes
6972-SGRAO,Female,0,No,No,64,Yes,No,No,No internet service,No internet service,No internet service,No internet service,No internet service,No internet service,Month-to-month,Yes,Bank transfer (automatic),30.21,1904.33,No
7780-YXNQC,Female,1,Yes,No,5,Yes,Yes,No,No internet service,No internet service,No internet service,No internet service,No internet service,No internet service,Month-to-month,Yes,Bank transfer (automatic),18.0,153.92,No
7057-TEZHW,Female,0,Yes,No,65,Yes,No,Fiber optic,No,No,Yes,No,No,Yes,Month-to-month,Yes,Credit card (automatic),97.76,6434.03,No
9499-FEXKU,Male,0,Yes,No,24,Yes,No,Fiber optic,Yes,No,No,No,Yes,Yes,Month-to-month,Yes,Credit card (automatic),107.48,2566.55,Yes
4951-AGXNC,Male,0,Yes,No,4,Yes,No,DSL,Yes,Yes,No,No,No,No,One year,No,Electronic check,47.93,242.35,No
4784-KDCET,Female,0,Yes,No,18,Yes,Yes,No,No internet service,No internet service,No internet service,No internet service,No internet service,No internet service,Month-to-month,Yes,Electronic check,18.91,320.49,No
2337-MSCJT,Female,0,Yes,No,66,Yes,No,Fiber optic,No,No,No,Yes,Yes,No,One year,Yes,Mailed check,94.6,6312.89,No
8839-LBOOM,Male,0,No,No,61,Yes,Yes,Fiber optic,No,No,No,No,No,No,One year,Yes,Bank transfer (automatic),102.71,6304.71,No
2117-YXHES,Male,0,No,No,64,Yes,No,No,No internet service,No internet service,No internet service,No internet service,No internet service,No internet service,One year,Yes,Credit card (automatic),22.62,1352.96,No
1436-VFTNC,Female,1,Yes,Yes,11,Yes,No,No,No internet service,No internet service,No internet service,No internet service,No internet service,No internet service,Month-to-month,No,Electronic check,27.25,263.2,Yes
9235-MIPBV,Male,0,No,Yes,35,No,No phone service,Fiber optic,No,No,No,No,Yes,No,One year,Yes,Credit card (automatic),55.38,1980.21,No
8397-LAQZI,Female,0,No,No,42,Yes,Yes,Fiber optic,Yes,No,No,No,Yes,No,One year,Yes,Electronic check,97.91,4139.49,No
3902-LAPEY,Male,0,No,No,0,Yes,No,DSL,Yes,No,No,Yes,No,Yes,Month-to-month,No,Mailed check,45.71, ,No
4651-UYNLJ,Male,0,No,No,25,Yes,No,Fiber optic,No,Yes,Yes,No,Yes,No,Two year,No,Electronic check,70.65,1815.89,No
9147-CAGBH,Female,0,No,Yes,55,Yes,Yes,Fiber optic,No,Yes,No,Yes,Yes,Yes,Month-to-month,Yes,Bank transfer (automatic),70.18,3921.1,No
8986-LQBOF,Male,0,Yes,No,65,Yes,Yes,No,No internet service,No internet service,No internet service,No internet service,No internet service,No internet service,Month-to-month,Yes,Electronic check,31.7,1996.74,No
3735-PBXSQ,Female,0,No,Yes,40,Yes,No,Fiber optic,No,No,No,No,No,Yes,Two year,Yes,Electronic check,77.28,3095.51,No
8113-NEKLL,Male,0,No,Yes,56,Yes,Yes,No,No internet service,No internet service,No internet service,No internet service,No internet service,No internet service,Two year,Yes,Mailed check,19.82,1067.03,No
5478-WQSAQ,Male,0,No,No,47,Yes,No,DSL,No,Yes,Yes,Yes,No,Yes,Two year,Yes,Electronic check,69.21,3263.04,No
4640-ZGFUJ,Female,0,Yes,Yes,25,Yes,Yes,Fiber optic,No,Yes,No,Yes,No,No,Two year,No,Bank transfer (automatic),99.36,2438.84,No
3938-SMFAT,Male,0,No,No,38,Yes,Yes,No,No internet service,No internet service,No internet service,No internet service,No internet service,No internet service,Month-to-month,No,Mailed check,28.25,1062.33,No
4639-LNADC,Male,0,No,No,6,Yes,Yes,Fiber optic,No,No,Yes,No,Yes,Yes,Month-to-month,No,Credit card (automatic),104.68,671.3,Yes
3229-NRBRW,Female,0,Yes,No,59,No,No phone service,DSL,Yes,No,Yes,No,No,No,Month-to-month,No,Electronic check,49.11,2843.72,No
4990-DKZET,Female,0,No,No,0,Yes,Yes,No,No internet service,No internet service,No internet service,No internet service,No internet service,No internet service,One year,Yes,Credit card (automatic),24.43, ,No
6000-QUNNQ,Female,1,No,No,7,Yes,No,DSL,No,No,Yes,Yes,No,No,One year,No,Credit card (automatic),49.16,367.49,No
1924-IYYYJ,Male,0,No,No,27,Yes,No,Fiber optic,No,No,No,No,No,No,Month-to-month,Yes,Electronic check,109.52,2969.64,No
3493-WCLMQ,Male,0,Yes,No,8,Yes,Yes,Fiber optic,No,No,Yes,No,No,No,Two year,No,Bank transfer (automatic),84.59,719.72,No
7807-IDNZQ,Female,0,No,No,42,Yes,No,DSL,Yes,Yes,Yes,No,Yes,No,Two year,No,Credit card (automatic),52.45,2169.69,No
4815-UFYEK,Male,0,No,No,0,Yes,No,No,No internet service,No internet service,No internet service,No internet service,No internet service,No internet service,Month-to-month,Yes,Credit card (automatic),18.0, ,Yes
2091-SBLFT,Male,0,Yes,No,35,Yes,Yes,Fiber optic,No,Yes,Yes,No,Yes,Yes,Month-to-month,Yes,Electronic check,98.24,3475.07,Yes
3649-OUCUF,Female,0,No,Yes,1,Yes,No,Fiber optic,No,No,No,Yes,No,No,Two year,Yes,Electronic check,96.63,118.23,Yes
4883-CVDSA,Male,0,Yes,Yes,4,Yes,No,No,No internet service,No internet service,No internet service,No internet service,No internet service,No internet service,Two year,Yes,Bank transfer (automatic),25.96,96.73,No
8009-RPLVU,Male,0,No,No,27,Yes,Yes,DSL,No,Yes,No,No,Yes,Yes,Two year,Yes,Electronic check,56.52,1565.45,No
9516-NUEIS,Male,0,No,No,48,No,No phone service,Fiber optic,No,No,Yes,No,Yes,Yes,Month-to-month,No,Bank transfer (automatic),75.53,3574.48,No
8683-BVDXF,Male,0,No,Yes,59,Yes,No,Fiber optic,No,No,No,No,No,Yes,Month-to-month,No,Mailed check,91.42,5464.68,No
3386-UFHCN,Female,0,No,No,68,Yes,No,DSL,Yes,No,Yes,Yes,No,No,Month-to-month,No,Electronic check,56.7,3808.14,No
2410-TCAZV,Female,0,Yes,Yes,70,Yes,No,DSL,No,No,No,No,No,Yes,One year,Yes,Electronic check,68.53,4742.68,No
4738-WZFFC,Male,0,No,No,1,Yes,No,Fiber optic,No,Yes,No,Yes,No,No,Two year,Yes,Electronic check,62.46,60.67,Yes
9720-IFRPL,Male,0,Yes,No,7,Yes,No,No,No internet service,No internet service,No internet service,No internet service,No internet service,No internet service,Month-to-month,Yes,Electronic check,19.37,21.48,Yes
3178-LJTVP,Female,0,No,No,1,Yes,No,Fiber optic,No,No,Yes,No,Yes,No,Month-to-month,No,Electronic check,62.31,20.66,No
9228-QFRBH,Male,0,Yes,No,0,Yes,Yes,Fiber optic,Yes,No,No,Yes,No,Yes,One year,Yes,Mailed check,64.08, ,Yes
4829-MQCOV,Male,0,No,Yes,30,Yes,No,Fiber optic,No,No,No,No,No,Yes,One year,Yes,Bank transfer (automatic),64.23,1847.27,No
6933-XJADY,Female,0,No,No,0,Yes,No,DSL,Yes,Yes,Yes,No,No,No,Two year,No,Mailed check,70.92, ,No
4025-STFLA,Female,0,Yes,No,7,Yes,No,DSL,Yes,No,No,No,No,No,Month-to-month,Yes,Credit card (automatic),61.68,416.78,No
6236-RQUPQ,Male,0,Yes,Yes,30,Yes,No,Fiber optic,No,No,No,No,No,Yes,Two year,No,Electronic check,91.63,2837.85,No
5219-KZDQV,Female,0,Yes,No,39,Yes,Yes,Fiber optic,No,Yes,No,Yes,Yes,No,One year,No,Mailed check,82.76,3276.04,No
2949-KPTUP,Male,0,Yes,No,28,Yes,No,DSL,No,No,No,No,No,No,One year,Yes,Electronic check,62.25,1772.59,No
9396-NVFWP,Female,0,Yes,Yes,43,Yes,Yes,DSL,No,No,No,Yes,Yes,Yes,Two year,Yes,Credit card (automatic),52.56,2199.02,No
6405-DSBBY,Male,0,No,No,14,Yes,No,Fiber optic,Yes,No,Yes,No,No,No,Month-to-month,Yes,Mailed check,91.85,1253.62,No
8370-GRFMZ,Male,0,No,No,2,Yes,No,Fiber optic,No,No,No,No,Yes,No,Month-to-month,Yes,Bank transfer (automatic),100.25,261.14,Yes
2395-HTDMM,Female,0,No,No,1,Yes,No,No,No internet service,No internet service,No internet service,No internet service,No internet service,No internet service,Month-to-month,Yes,Electronic check,19.86,24.88,No
6762-ANWTD,Female,0,Yes,No,5,Yes,No,No,No internet service,No internet service,No internet service,No internet service,No internet service,No internet service,One year,No,Bank transfer (automatic),19.08,105.59,No
1951-ISWBX,Male,0,Yes,No,35,Yes,Yes,Fiber optic,Yes,No,No,No,Yes,Yes,Month-to-month,No,Electronic check,72.53,2546.98,No
3899-YFIAL,Male,0,Yes,No,60,No,No phone service,Fiber optic,No,Yes,No,Yes,Yes,No,Month-to-month,Yes,Electronic check,56.96,3397.49,No
1333-GFSWA,Female,1,No,No,11,Yes,Yes,No,No internet service,No internet service,No internet service,No internet service,No internet service,No internet service,Month-to-month,Yes,Credit card (automatic),41.38,468.05,No
6401-VGGBE,Female,1,No,No,24,Yes,No,Fiber optic,No,No,Yes,No,No,No,Two year,Yes,Credit card (automatic),70.55,1700.18,No
8207-WALFG,Male,0,No,No,24,Yes,No,DSL,No,No,No,No,No,No,Month-to-month,Yes,Electronic check,53.54,1221.45,No
1980-YAIDU,Female,1,No,Yes,69,Yes,Yes,Fiber optic,No,No,Yes,No,No,No,Month-to-month,No,Mailed check,59.97,4117.74,No
7944-LYNNQ,Female,1,No,No,42,Yes,Yes,DSL,No,No,No,No,Yes,No,Month-to-month,Yes,Electronic check,65.42,2705.05,Yes
5526-WPSEB,Male,0,No,No,11,Yes,No,No,No internet service,No internet service,No internet service,No internet service,No internet service,No internet service,One year,Yes,Electronic check,31.71,334.04,No
8824-EXWKY,Male,0,Yes,Yes,31,Yes,No,No,No internet service,No internet service,No internet service,No internet service,No internet service,No internet service,One year,Yes,Credit card (automatic),22.12,807.55,No
9741-DPOEQ,Male,0,No,No,0,Yes,Yes,DSL,No,Yes,No,Yes,No,Yes,Month-to-month,Yes,Electronic check,61.79, ,Yes
2329-GUNHD,Male,0,No,No,32,Yes,No,DSL,Yes,No,Yes,Yes,No,Yes,Two year,No,Electronic check,46.68,1592.15,No
7180-WUHVU,Male,0,Yes,No,11,Yes,Yes,Fiber optic,No,Yes,Yes,Yes,No,No,One year,Yes,Mailed check,78.24,814.71,Yes
3703-BVTXA,Male,0,No,No,10,Yes,No,No,No internet service,No internet service,No internet service,No internet service,No internet service,No internet service,Two year,No,Bank transfer (automatic),20.47,177.35,No
5512-WJJKY,Male,0,No,Yes,51,No,No phone service,Fiber optic,Yes,Yes,No,No,Yes,No,Two year,No,Bank transfer (automatic),88.16,4415.92,No
4307-GLXOT,Male,0,No,Yes,0,Yes,Yes,Fiber optic,No,No,Yes,No,No,Yes,Two year,No,Electronic check,75.38, ,No
1787-NQUNX,Female,0,Yes,Yes,3,Yes,No,No,No internet service,No internet service,No internet service,No internet service,No internet service,No internet service,Month-to-month,No,Mailed check,25.59,104.66,Yes
6428-PWPEI,Male,0,Yes,No,4,Yes,No,Fiber optic,No,Yes,No,No,Yes,No,Two year,Yes,Bank transfer (automatic),66.84,234.97,Yes
3072-ANJWJ,Female,0,No,No,1,Yes,No,No,No internet service,No internet service,No internet service,No internet service,No internet service,No internet service,Month-to-month,Yes,Bank transfer (automatic),24.4,0.0,No
3383-BGLMJ,Female,0,Yes,No,37,Yes,No,DSL,No,No,No,No,Yes,No,Month-to-month,Yes,Bank transfer (automatic),60.31,2227.98,Yes
5918-JAMDO,Female,0,Yes,No,4,Yes,Yes,DSL,Yes,Yes,Yes,Yes,Yes,Yes,One year,Yes,Electronic check,62.03,252.18,No
6948-BFQOS,Female,0,Yes,No,46,Yes,Yes,Fiber optic,Yes,No,Yes,No,Yes,Yes,One year,Yes,Electronic check,102.41,4814.07,No
8638-LPCRB,Female,0,Yes,Yes,31,Yes,No,Fiber optic,No,Yes,No,Yes,No,Yes,One year,Yes,Credit card (automatic),93.69,2814.46,No
6141-VLFCX,Male,0,No,Yes,8,Yes,Yes,DSL,No,No,Yes,No,No,No,One year,No,Bank transfer (automatic),52.34,366.94,No
1594-VHDMC,Female,0,No,No,24,Yes,No,DSL,No,Yes,No,No,No,No,Two year,No,Mailed check,54.2,1291.02,No
6033-HDLMZ,Male,0,Yes,Yes,44,Yes,No,No,No internet service,No internet service,No internet service,No internet service,No internet service,No internet service,Month-to-month,Yes,Mailed check,27.63,1188.51,No
9201-AAAFW,Female,0,No,No,28,Yes,No,Fiber optic,No,No,No,Yes,No,Yes,Two year,Yes,Bank transfer (automatic),82.24,2294.74,No
6765-VEMZI,Male,0,Yes,Yes,45,Yes,No,DSL,No,Yes,No,No,Yes,Yes,Two year,Yes,Mailed check,72.96,3306.04,No
2242-DSEWD,Male,0,Yes,No,62,Yes,No,DSL,No,Yes,No,Yes,No,No,One year,No,Bank transfer (automatic),51.4,3140.75,No
5830-CFJEP,Male,1,No,No,39,Yes,No,No,No internet service,No internet service,No internet service,No internet service,No internet service,No internet service,One year,No,Credit card (automatic),25.03,934.59,No
3435-UYWUI,Female,0,No,No,58,Yes,No,DSL,No,Yes,No,Yes,No,No,Month-to-month,Yes,Mailed check,55.6,3176.41,No
5623-TSJQL,Male,1,Yes,No,45,Yes,No,Fiber optic,No,No,Yes,No,No,No,Month-to-month,No,Credit card (automatic),92.5,4108.53,Yes
1352-QCZTY,Male,0,No,No,36,Yes,Yes,Fiber optic,No,No,No,Yes,Yes,No,Month-to-month,No,Credit card (automatic),95.63,3364.05,No
1020-WWTTY,Male,0,Yes,Yes,39,Yes,No,No,No internet service,No internet service,No internet service,No internet service,No internet service,No internet service,Two year,Yes,Credit card (automatic),27.56,935.15,No
1985-EZQGD,Male,1,No,No,39,Yes,Yes,Fiber optic,No,No,No,No,Yes,No,Month-to-month,Yes,Bank transfer (automatic),79.84,3164.2,Yes
6656-AHRMD,Female,1,Yes,Yes,7,Yes,Yes,Fiber optic,No,No,No,No,No,No,Month-to-month,Yes,Bank transfer (automatic),85.4,671.58,Yes
3891-MLDGH,Female,0,No,Yes,34,Yes,No,Fiber optic,Yes,No,No,No,Yes,Yes,Month-to-month,No,Electronic check,98.21,3346.5,No
2795-NCSXN,Male,0,No,No,2,Yes,Yes,No,No internet service,No internet service,No internet service,No internet service,No internet service,No internet service,Month-to-month,Yes,Mailed check,36.23,137.82,No
7278-PWNTD,Male,0,Yes,Yes,57,Yes,Yes,DSL,No,Yes,Yes,Yes,Yes,Yes,One year,Yes,Electronic check,60.02,3363.64,No
5596-SFCKB,Male,0,No,Yes,3,Yes,No,DSL,Yes,Yes,No,No,No,No,One year,Yes,Credit card (automatic),44.16,152.68,No
7621-WLABE,Male,0,No,No,71,Yes,No,DSL,No,Yes,Yes,No,Yes,No,One year,Yes,Credit card (automatic),44.61,3145.36,No
7354-XWLVZ,Female,0,Yes,No,2,Yes,No,No,No internet service,No internet service,No internet service,No internet service,No internet service,No internet service,Two year,Yes,Mailed check,31.18,14.45,No
7795-FADXQ,Female,0,No,No,60,Yes,Yes,Fiber optic,Yes,No,No,No,No,Yes,Two year,Yes,Mailed check,78.78,4695.78,No
8986-ZPTRE,Male,0,No,Yes,37,Yes,No,DSL,Yes,No,Yes,Yes,No,No,Two year,No,Bank transfer (automatic),50.53,1835.08,No
5168-EYIWI,Female,0,Yes,No,50,Yes,Yes,DSL,Yes,Yes,No,Yes,No,Yes,Two year,Yes,Electronic check,62.06,3060.54,No
1095-DLWRZ,Male,0,No,No,22,No,No phone service,Fiber optic,No,No,No,Yes,Yes,No,Two year,Yes,Mailed check,76.02,1593.83,Yes
2785-VXSHY,Female,0,Yes,No,64,Yes,Yes,DSL,Yes,Yes,No,Yes,Yes,No,Month-to-month,No,Bank transfer (automatic),59.21,3838.2,No
2590-MUPEI,Female,1,No,No,24,Yes,Yes,Fiber optic,No,Yes,No,No,No,Yes,Two year,Yes,Bank transfer (automatic),100.82,2391.52,No
4249-CGLYT,Female,0,No,No,52,No,No phone service,DSL,No,No,Yes,Yes,No,No,One year,Yes,Mailed check,52.99,2762.76,No
8685-JBPIY,Female,0,No,No,2,Yes,Yes,Fiber optic,No,No,No,No,Yes,Yes,One year,Yes,Mailed check,76.82,180.31,No
7877-DFHAO,Female,0,No,No,26,Yes,No,DSL,Yes,Yes,Yes,No,Yes,Yes,Month-to-month,No,Credit card (automatic),66.66,1715.07,No
6829-JEWDQ,Male,0,No,Yes,17,Yes,No,Fiber optic,No,Yes,No,No,Yes,Yes,Month-to-month,Yes,Electronic check,94.09,1618.31,Yes
3842-OZQSJ,Male,0,Yes,No,49,Yes,Yes,DSL,Yes,No,Yes,No,No,Yes,Month-to-month,No,Bank transfer (automatic),62.2,3006.39,No
7396-PCJZS,Male,0,Yes,Yes,61,Yes,No,Fiber optic,Yes,No,No,No,No,Yes,Month-to-month,No,Bank transfer (automatic),106.24,6475.71,No
5655-UKRXK,Male,1,No,No,47,Yes,No,Fiber optic,Yes,Yes,Yes,No,No,Yes,Month-to-month,Yes,Electronic check,57.76,2729.99,Yes
3974-CNZPV,Female,1,Yes,No,10,Yes,No,No,No internet service,No internet service,No internet service,No internet service,No internet service,No internet service,Two year,Yes,Electronic check,24.42,266.07,No
8882-GVTKH,Female,0,No,Yes,66,Yes,Yes,Fiber optic,Yes,Yes,Yes,No,No,Yes,Month-to-month,Yes,Bank transfer (automatic),76.07,5010.79,No
1798-GHWFG,Female,0,Yes,Yes,2,Yes,Yes,Fiber optic,No,Yes,Yes,Yes,Yes,No,Month-to-month,Yes,Electronic check,103.17,234.87,Yes
4668-FAXTN,Male,0,Yes,No,58,Yes,No,Fiber optic,Yes,No,No,No,No,Yes,Two year,No,Credit card (automatic),105.97,6125.03,No
9849-ENVYK,Female,0,Yes,No,7,Yes,Yes,DSL,Yes,Yes,No,No,No,No,Month-to-month,No,Bank transfer (automatic),43.96,297.11,No
3938-AGNZE,Female,0,No,No,5,No,No phone service,Fiber optic,No,No,No,No,No,Yes,Month-to-month,Yes,Mailed check,92.37,441.71,Yes
8605-XENXT,Male,0,Yes,No,69,No,No phone service,DSL,Yes,Yes,No,No,No,No,Month-to-month,No,Credit card (automatic),55.04,3835.25,No
6481-XVVGE,Male,0,Yes,No,1,Yes,Yes,Fiber optic,No,Yes,No,Yes,Yes,No,Month-to-month,Yes,Electronic check,61.94,0.0,Yes
5419-WYGZF,Male,0,No,No,40,Yes,No,DSL,No,No,Yes,No,No,No,One year,No,Mailed check,68.86,2751.25,No
3366-NXOCH,Male,0,No,No,63,Yes,Yes,DSL,No,No,Yes,No,No,Yes,Two year,No,Electronic check,59.33,3765.41,No
5311-XJTGQ,Female,0,No,No,56,No,No phone service,Fiber optic,Yes,Yes,Yes,No,Yes,No,Month-to-month,Yes,Mailed check,74.46,4111.65,No
7018-TBUNM,Female,0,Yes,Yes,26,Yes,No,No,No internet service,No internet service,No internet service,No internet service,No internet service,No internet service,Month-to-month,No,Mailed check,25.31,706.22,No
1487-TKFRD,Female,0,Yes,Yes,24,Yes,No,Fiber optic,Yes,Yes,No,No,No,Yes,Two year,Yes,Mailed check,82.5,2016.67,No
5133-TCVSX,Male,0,No,Yes,0,Yes,No,Fiber optic,No,No,Yes,No,Yes,Yes,Month-to-month,Yes,Electronic check,66.09, ,No
4967-VMEEZ,Female,0,Yes,No,59,Yes,No,No,No internet service,No internet service,No internet service,No internet service,No internet service,No internet service,Month-to-month,No,Credit card (automatic),28.05,1778.5,No
1571-WNBES,Female,0,Yes,No,9,Yes,Yes,Fiber optic,No,No,No,No,No,No,Two year,Yes,Bank transfer (automatic),95.72,814.37,Yes
1281-ZUIFW,Male,0,No,Yes,63,Yes,No,Fiber optic,No,No,No,Yes,No,Yes,Month-to-month,Yes,Bank transfer (automatic),108.83,6877.78,No
7683-TDGOW,Female,0,Yes,No,28,Yes,Yes,Fiber optic,No,No,Yes,Yes,Yes,No,One year,Yes,Bank transfer (automatic),91.0,2554.21,No
9215-WDRFY,Male,0,No,No,0,Yes,No,No,No internet service,No internet service,No internet service,No internet service,No internet service,No internet service,Month-to-month,Yes,Bank transfer (automatic),21.57, ,No
1920-FCQVD,Male,0,Yes,No,14,Yes,No,Fiber optic,No,No,Yes,No,Yes,Yes,Two year,Yes,Bank transfer (automatic),81.91,1148.5,No
4322-RRRYC,Male,0,Yes,No,57,Yes,No,DSL,No,Yes,Yes,Yes,No,Yes,Month-to-month,Yes,Electronic check,46.14,2745.21,Yes
5077-AOOYY,Male,0,Yes,Yes,64,Yes,Yes,Fiber optic,No,No,No,Yes,Yes,No,Two year,Yes,Credit card (automatic),98.62,6303.62,No
6416-DVAMU,Female,1,No,No,65,Yes,No,Fiber optic,No,No,Yes,Yes,No,No,Two year,Yes,Electronic check,82.29,5334.65,No
5936-ZQYBU,Male,0,No,Yes,34,Yes,No,Fiber optic,No,No,No,No,Yes,No,Month-to-month,No,Mailed check,88.35,2959.31,No
1781-UNKFG,Male,0,No,Yes,61,No,No phone service,DSL,Yes,Yes,Yes,No,No,Yes,Month-to-month,No,Bank transfer (automatic),56.39,3452.74,No
6784-DMZZO,Male,1,Yes,Yes,8,Yes,No,Fiber optic,Yes,No,No,No,Yes,No,Month-to-month,Yes,Mailed check,88.16,684.77,Yes
9453-QJVLE,Male,0,No,No,3,Yes,Yes,Fiber optic,No,Yes,No,No,No,No,Month-to-month,Yes,Credit card (automatic),93.12,233.27,Yes
7955-LPACA,Male,0,No,Yes,61,Yes,Yes,DSL,No,Yes,No,Yes,No,Yes,Month-to-month,Yes,Bank transfer (automatic),76.09,4619.1,No
9510-CSOOJ,Male,0,No,No,49,Yes,No,Fiber optic,No,Yes,No,No,No,Yes,Two year,No,Electronic check,81.73,4060.81,No
1295-AMBYL,Female,0,No,No,10,Yes,Yes,Fiber optic,No,No,No,No,No,No,Month-to-month,No,Bank transfer (automatic),90.7,832.38,No
6806-TOCKD,Male,0,No,No,39,Yes,No,DSL,Yes,Yes,Yes,Yes,No,No,One year,Yes,Electronic check,72.4,2834.49,No
2485-QKEJK,Female,0,No,No,1,Yes,No,No,No internet service,No internet service,No internet service,No internet service,No internet service,No internet service,Month-to-month,Yes,Credit card (automatic),21.68,0.0,Yes
5025-TPBAU,Male,0,Yes,No,61,Yes,Yes,Fiber optic,No,Yes,No,No,Yes,Yes,Month-to-month,Yes,Mailed check,90.94,5465.91,No
9263-BJEBH,Female,0,No,No,65,Yes,Yes,Fiber optic,No,No,No,Yes,No,No,Month-to-month,No,Credit card (automatic),73.1,4721.01,No
9228-EVWNW,Female,0,Yes,No,4,Yes,Yes,No,No internet service,No internet service,No internet service,No internet service,No internet service,No internet service,One year,No,Mailed check,18.0,45.6,No
5280-IKFOU,Male,0,No,No,64,No,No phone service,Fiber optic,Yes,Yes,No,No,No,No,Two year,No,Credit card (automatic),99.68,6466.64,No
3490-JOYGD,Male,0,Yes,No,32,Yes,No,No,No internet service,No internet service,No internet service,No internet service,No internet service,No internet service,One year,No,Electronic check,28.6,852.8,No
7897-ZNVSA,Female,0,Yes,Yes,0,Yes,No,No,No internet service,No internet service,No internet service,No internet service,No internet service,No internet service,Month-to-month,Yes,Credit card (automatic),23.13, ,Yes
6286-KITIN,Male,1,Yes,No,4,Yes,No,Fiber optic,No,No,Yes,No,No,No,Month-to-month,Yes,Electronic check,66.16,296.91,Yes
1698-TCRAB,Female,0,No,No,26,Yes,No,Fiber optic,Yes,No,Yes,No,Yes,No,One year,No,Mailed check,85.87,2224.35,No
2190-UEGMO,Male,0,Yes,No,54,Yes,No,No,No internet service,No internet service,No internet service,No internet service,No internet service,No internet service,Month-to-month,Yes,Bank transfer (automatic),29.68,1667.01,No
6273-DVJYB,Male,0,No,No,3,Yes,Yes,DSL,No,No,Yes,No,No,No,Month-to-month,Yes,Electronic check,74.53,226.74,No
5164-UWYGX,Female,0,No,No,10,Yes,No,Fiber optic,No,No,No,No,No,No,Month-to-month,No,Bank transfer (automatic),109.22,1128.12,Yes
8427-QMUNA,Female,0,Yes,No,2,Yes,No,Fiber optic,No,Yes,No,Yes,No,Yes,Month-to-month,No,Electronic check,78.02,127.94,Yes
1157-MKGDY,Male,0,No,No,67,Yes,Yes,No,No internet service,No internet service,No internet service,No internet service,No internet service,No internet service,Month-to-month,No,Electronic check,18.0,1172.14,No
5941-CSYQJ,Female,0,No,No,71,Yes,No,Fiber optic,Yes,No,No,No,No,No,One year,No,Credit card (automatic),88.3,6375.46,No
2380-FHTLF,Female,0,No,No,56,Yes,No,DSL,Yes,No,No,No,No,Yes,Two year,Yes,Bank transfer (automatic),71.26,4070.83,No
6021-CAFHE,Male,0,Yes,No,2,Yes,Yes,Fiber optic,No,No,Yes,Yes,No,Yes,Two year,Yes,Mailed check,81.75,211.96,No
3950-ONWPJ,Male,0,No,Yes,54,Yes,Yes,Fiber optic,Yes,No,No,No,Yes,Yes,Month-to-month,Yes,Electronic check,102.72,5594.26,No
4612-WSPTF,Male,1,Yes,No,12,Yes,No,DSL,Yes,No,Yes,No,No,No,Two year,Yes,Credit card (automatic),61.45,781.67,No
4859-RFDTL,Male,1,No,Yes,3,Yes,Yes,DSL,No,Yes,Yes,Yes,No,Yes,One year,Yes,Credit card (automatic),61.67,130.73,No
2911-IUEUC,Female,1,No,No,28,Yes,No,Fiber optic,Yes,Yes,No,No,Yes,Yes,Month-to-month,No,Electronic check,97.84,2736.96,No
4806-WCSJY,Male,0,Yes,Yes,0,Yes,Yes,Fiber optic,No,No,No,Yes,Yes,No,Month-to-month,Yes,Bank transfer (automatic),84.78, ,Yes
1449-NMWFS,Male,1,Yes,Yes,31,Yes,No,Fiber optic,Yes,No,No,No,No,No,Month-to-month,Yes,Electronic check,85.42,2688.24,No
8477-ZVWSM,Female,0,No,No,59,No,No phone service,Fiber optic,Yes,Yes,No,No,Yes,No,One year,No,Credit card (automatic),95.9,5596.03,No
3625-MYKHK,Female,0,Yes,Yes,5,Yes,Yes,No,No internet service,No internet service,No internet service,No internet service,No internet service,No internet service,Month-to-month,No,Electronic check,25.61,149.74,Yes
6172-HXVLV,Female,0,Yes,No,57,No,No phone service,Fiber optic,No,No,No,Yes,No,Yes,Two year,No,Electronic check,77.91,4478.51,No
2620-LJJMR,Female,1,Yes,No,28,Yes,Yes,DSL,No,No,No,No,No,No,Month-to-month,Yes,Credit card (automatic),50.79,1394.29,No
6622-IMTYX,Male,0,No,Yes,7,Yes,No,Fiber optic,No,No,No,No,No,No,Month-to-month,Yes,Bank transfer (automatic),78.25,530.34,Yes
5333-SAGSY,Female,0,Yes,No,44,Yes,No,DSL,No,No,No,No,Yes,No,Month-to-month,Yes,Electronic check,63.01,2728.59,No
9285-YIMHY,Male,0,No,Yes,7,Yes,No,DSL,No,No,Yes,Yes,No,No,Month-to-month,No,Mailed check,78.73,563.88,Yes
7184-CDOAB,Male,0,No,No,29,Yes,No,Fiber optic,No,No,No,Yes,Yes,Yes,Two year,No,Mailed check,76.53,2188.84,No
5950-VNAEF,Male,0,No,No,8,Yes,No,Fiber optic,No,No,No,Yes,Yes,No,Two year,Yes,Electronic check,104.31,850.27,No
9986-PTBVC,Female,0,No,No,43,Yes,No,No,No internet service,No internet service,No internet service,No internet service,No internet service,No internet service,Month-to-month,No,Mailed check,34.98,1464.58,Yes
4467-NBHPB,Female,0,No,No,67,Yes,Yes,Fiber optic,Yes,No,Yes,Yes,No,No,One year,Yes,Electronic check,82.79,5542.71,No
7239-EHFTU,Male,0,Yes,No,9,Yes,Yes,Fiber optic,No,No,Yes,Yes,Yes,No,Month-to-month,Yes,Credit card (automatic),91.34,857.38,Yes
3132-ZDYTE,Female,0,Yes,No,1,Yes,Yes,DSL,Yes,No,Yes,Yes,No,No,Month-to-month,Yes,Bank transfer (automatic),70.47,20.25,Yes
5755-KJSYM,Female,0,Yes,No,29,Yes,No,No,No internet service,No internet service,No internet service,No internet service,No internet service,No internet service,Month-to-month,No,Credit card (automatic),18.27,637.12,No
3910-OOCVA,Male,0,Yes,No,36,Yes,Yes,DSL,No,No,No,Yes,No,Yes,Month-to-month,No,Electronic check,38.71,1343.62,No
6928-JWSXZ,Female,0,Yes,No,4,Yes,No,Fiber optic,No,No,Yes,No,No,Yes,Two year,Yes,Bank transfer (automatic),87.64,258.78,No
1035-IPBXF,Male,0,No,No,62,Yes,Yes,Fiber optic,No,No,No,No,No,No,Month-to-month,Yes,Bank transfer (automatic),70.7,4396.3,No
7263-VHEUJ,Female,0,Yes,No,6,Yes,No,No,No internet service,No internet service,No internet service,No internet service,No internet service,No internet service,Month-to-month,No,Mailed check,33.43,285.49,No
4771-TNORU,Male,0,Yes,Yes,28,Yes,Yes,DSL,No,No,Yes,No,No,No,Two year,Yes,Mailed check,68.9,1847.85,Yes
4763-SEDAZ,Male,1,No,No,65,No,No phone service,Fiber optic,No,No,Yes,No,Yes,No,Two year,Yes,Electronic check,71.86,4634.71,No
5338-YRPMI,Male,0,Yes,Yes,29,Yes,Yes,Fiber optic,No,No,No,No,Yes,Yes,Two year,Yes,Electronic check,69.73,1972.89,No
9092-VNDRO,Male,1,No,Yes,61,Yes,No,DSL,Yes,No,Yes,Yes,No,No,Month-to-month,Yes,Bank transfer (automatic),60.74,3612.83,No
4269-MBYPT,Female,1,Yes,No,16,Yes,Yes,Fiber optic,No,No,No,Yes,No,No,Month-to-month,Yes,Bank transfer (automatic),70.12,1129.71,No
6316-XOPMZ,Male,0,No,Yes,3,Yes,No,DSL,No,No,No,No,No,Yes,Two year,Yes,Credit card (automatic),52.38,285.65,No
5348-XVGKN,Male,0,Yes,No,12,No,No phone service,DSL,Yes,No,No,No,No,No,Month-to-month,No,Electronic check,62.59,773.18,Yes
4921-AZASV,Female,0,Yes,No,36,Yes,No,DSL,No,Yes,Yes,Yes,No,No,Month-to-month,No,Bank transfer (automatic),58.61,2076.59,No
5394-NOFDU,Female,0,No,Yes,0,No,No phone service,DSL,Yes,No,Yes,No,No,Yes,One year,Yes,Credit card (automatic),56.15, ,Yes
2148-VWKSG,Female,0,Yes,Yes,3,No,No phone service,Fiber optic,Yes,Yes,No,No,No,Yes,Two year,No,Credit card (automatic),90.12,258.96,Yes
5425-UUTJT,Male,0,Yes,Yes,22,Yes,Yes,DSL,No,No,No,No,No,No,Month-to-month,Yes,Bank transfer (automatic),52.14,1088.49,No
6204-RTLGD,Male,0,Yes,No,24,Yes,Yes,Fiber optic,Yes,No,Yes,No,Yes,No,Month-to-month,No,Electronic check,98.36,2396.49,No
8083-EKHAP,Male,0,No,Yes,55,Yes,No,Fiber optic,Yes,No,Yes,No,Yes,Yes,One year,Yes,Bank transfer (automatic),85.07,4795.52,No
4524-UIVYT,Female,0,Yes,No,28,Yes,No,DSL,No,Yes,Yes,No,No,Yes,Month-to-month,No,Electronic check,50.24,1459.36,No
9555-XKOGR,Female,0,No,No,1,Yes,No,DSL,No,No,No,No,Yes,Yes,One year,Yes,Credit card (automatic),52.44,31.39,No
2208-VAEVK,Female,0,No,No,18,Yes,Yes,Fiber optic,No,No,No,No,Yes,Yes,Month-to-month,No,Mailed check,80.41,1423.98,Yes
2770-JAUJJ,Female,0,No,Yes,24,No,No phone service,Fiber optic,No,No,No,No,Yes,Yes,Month-to-month,No,Electronic check,83.09,1989.51,Yes
7800-CYMQT,Male,1,No,No,31,Yes,Yes,Fiber optic,No,No,No,No,No,Yes,One year,Yes,Electronic check,92.56,2879.03,Yes
8746-GSGFE,Female,0,Yes,No,56,No,No phone service,Fiber optic,Yes,Yes,No,No,Yes,No,Month-to-month,No,Credit card (automatic),96.39,5442.83,No
3646-EUJFY,Male,0,No,No,11,Yes,No,No,No internet service,No internet service,No internet service,No internet service,No internet service,No internet service,Month-to-month,Yes,Mailed check,23.99,270.23,No
1152-VZVIG,Male,1,Yes,No,0,Yes,No,No,No internet service,No internet service,No internet service,No internet service,No internet service,No internet service,One year,Yes,Mailed check,24.48, ,No
1416-EPAWK,Male,1,Yes,Yes,59,Yes,Yes,DSL,No,No,No,No,No,Yes,Two year,No,Bank transfer (automatic),77.89,4539.73,No
6512-VZCUX,Male,0,No,Yes,32,Yes,Yes,Fiber optic,No,No,Yes,No,Yes,No,One year,Yes,Bank transfer (automatic),98.5,3210.4,No
7291-AKTUG,Female,0,No,No,45,Yes,Yes,Fiber optic,No,Yes,No,Yes,No,Yes,Month-to-month,Yes,Bank transfer (automatic),96.81,4345.72,No
4457-JZDFD,Male,0,Yes,No,17,Yes,No,DSL,Yes,No,No,No,No,No,Two year,Yes,Bank transfer (automatic),72.59,1283.84,Yes
1696-USGDR,Female,0,No,No,34,Yes,No,DSL,No,Yes,Yes,No,No,Yes,Two year,No,Mailed check,70.66,2414.54,No
3929-FYKOW,Female,0,No,No,41,Yes,No,DSL,No,No,No,Yes,No,Yes,Two year,Yes,Credit card (automatic),41.39,1629.64,No
1678-MBZVZ,Female,0,Yes,Yes,5,Yes,No,DSL,Yes,Yes,No,Yes,No,Yes,Month-to-month,No,Bank transfer (automatic),62.77,271.78,No
5889-KEIIJ,Female,0,No,No,5,No,No phone service,DSL,Yes,No,Yes,No,Yes,No,Month-to-month,Yes,Credit card (automatic),42.88,276.12,No
6111-RFFSH,Male,0,No,No,5,Yes,No,DSL,No,No,No,No,No,No,Two year,No,Mailed check,77.63,357.66,No
3782-KPGEA,Male,0,No,No,69,Yes,No,Fiber optic,No,Yes,Yes,Yes,No,No,Month-to-month,Yes,Credit card (automatic),90.32,6209.61,No
1102-BLKRN,Male,0,No,No,8,Yes,No,Fiber optic,Yes,No,No,No,Yes,No,One year,Yes,Electronic check,64.6,612.26,No
1505-NNJJU,Male,0,Yes,No,7,Yes,No,Fiber optic,Yes,No,Yes,No,No,Yes,Month-to-month,No,Electronic check,104.28,656.94,Yes
8419-OAEMG,Female,0,No,No,67,Yes,No,Fiber optic,No,No,Yes,No,No,Yes,Month-to-month,Yes,Bank transfer (automatic),79.87,5391.63,No
2674-LAUOX,Male,0,Yes,Yes,57,No,No phone service,DSL,No,No,Yes,No,Yes,No,Month-to-month,No,Bank transfer (automatic),74.83,4295.85,No
9846-GTJFP,Male,0,No,No,2,No,No phone service,Fiber optic,No,Yes,No,Yes,Yes,Yes,Month-to-month,Yes,Bank transfer (automatic),85.97,126.98,No
7435-JTRXW,Male,0,No,Yes,0,Yes,No,DSL,No,No,Yes,No,No,No,One year,Yes,Mailed check,65.13, ,No
7462-RFRHR,Male,0,No,No,2,Yes,No,DSL,Yes,No,No,No,No,No,Two year,No,Electronic check,56.1,157.69,No
9710-AGRRC,Female,0,Yes,Yes,3,Yes,Yes,No,No internet service,No internet service,No internet service,No internet service,No internet service,No internet service,Two year,Yes,Bank transfer (automatic),24.72,86.62,No
7960-POXTL,Male,1,No,No,24,Yes,Yes,Fiber optic,No,No,Yes,Yes,Yes,Yes,One year,Yes,Electronic check,82.86,2038.74,No
3231-XGJZS,Female,0,No,No,52,Yes,No,Fiber optic,No,Yes,No,No,No,No,Month-to-month,Yes,Bank transfer (automatic),64.34,3329.19,No
7000-TFCQD,Female,0,Yes,No,35,Yes,No,DSL,No,Yes,No,No,No,Yes,Two year,No,Mailed check,72.08,2491.96,No
4056-MKUND,Female,0,Yes,No,28,No,No phone service,No,No internet service,No internet service,No internet service,No internet service,No internet service,No internet service,Month-to-month,Yes,Credit card (automatic),32.17,914.25,Yes
3005-EZYYE,Male,0,Yes,No,1,Yes,No,Fiber optic,No,No,Yes,No,Yes,Yes,Month-to-month,No,Bank transfer (automatic),83.68,112.18,No
2200-MUGRN,Female,0,No,No,22,Yes,No,Fiber optic,No,No,Yes,No,No,No,Month-to-month,No,Mailed check,82.63,1827.44,Yes
7376-SAIHW,Male,0,Yes,No,66,Yes,Yes,Fiber optic,No,Yes,No,No,Yes,No,Month-to-month,No,Mailed check,96.88,6410.08,No
2225-XHTVE,Male,1,No,Yes,6,Yes,Yes,No,No internet service,No internet service,No internet service,No internet service,No internet service,No internet service,Month-to-month,No,Bank transfer (automatic),29.14,226.24,No
3572-THVMF,Female,0,No,No,59,No,No phone service,No,No internet service,No internet service,No internet service,No internet service,No internet service,No internet service,Month-to-month,Yes,Mailed check,18.0,1070.62,No
6099-DLOBX,Female,0,No,No,38,Yes,Yes,DSL,No,No,No,Yes,No,No,Two year,Yes,Bank transfer (automatic),58.27,2194.13,No
6079-QSXDX,Male,0,No,Yes,51,Yes,No,DSL,No,Yes,Yes,Yes,No,No,One year,No,Electronic check,53.83,2764.99,No
8558-IHKSU,Female,0,Yes,No,26,Yes,No,No,No internet service,No internet service,No internet service,No internet service,No internet service,No internet service,Month-to-month,Yes,Credit card (automatic),31.38,777.86,No
4979-VHTZF,Male,0,Yes,No,12,Yes,Yes,DSL,Yes,Yes,No,No,No,Yes,One year,Yes,Credit card (automatic),78.66,837.68,No
9489-EBTJG,Female,0,Yes,No,15,Yes,Yes,No,No internet service,No internet service,No internet service,No internet service,No internet service,No internet service,Two year,Yes,Bank transfer (automatic),20.87,279.08,No
2387-SCIFK,Female,0,No,Yes,46,Yes,No,Fiber optic,No,No,Yes,Yes,No,Yes,Month-to-month,Yes,Electronic check,78.47,3685.94,No
8429-ZICYV,Female,0,No,No,33,Yes,Yes,Fiber optic,No,Yes,No,No,No,Yes,Month-to-month,Yes,Electronic check,80.17,2673.97,No
4131-QSTUT,Female,1,No,No,71,Yes,Yes,DSL,No,No,Yes,No,Yes,Yes,One year,No,Credit card (automatic),65.98,4758.29,No
1665-YREBU,Female,0,No,No,7,Yes,Yes,No,No internet service,No internet service,No internet service,No internet service,No internet service,No internet service,Two year,Yes,Bank transfer (automatic),25.61,169.89,No
3831-MTQQI,Female,1,No,Yes,44,Yes,No,DSL,No,No,No,Yes,No,No,Two year,Yes,Mailed check,70.11,3146.14,No
2690-CVFSY,Female,0,No,No,36,No,No phone service,Fiber optic,No,Yes,Yes,Yes,Yes,Yes,Month-to-month,Yes,Electronic check,86.32,3094.33,No
9907-GDIJY,Female,1,No,No,6,Yes,Yes,Fiber optic,No,No,No,No,No,No,Two year,No,Electronic check,99.12,538.69,Yes
9475-IZPBN,Male,0,Yes,Yes,67,Yes,No,Fiber optic,No,No,No,Yes,Yes,Yes,Month-to-month,Yes,Credit card (automatic),82.08,5459.67,No
3731-AVXRR,Female,0,Yes,Yes,12,Yes,No,DSL,Yes,No,Yes,Yes,Yes,No,Month-to-month,Yes,Electronic check,49.85,560.84,No
8870-EYXGG,Male,0,No,No,0,Yes,No,DSL,No,No,No,Yes,Yes,No,Two year,Yes,Credit card (automatic),60.42, ,No
4493-NSBKV,Female,0,No,No,28,Yes,Yes,DSL,No,Yes,Yes,Yes,Yes,Yes,Month-to-month,Yes,Electronic check,56.49,1647.62,No
7827-BPQKM,Male,0,No,Yes,2,Yes,Yes,No,No internet service,No internet service,No internet service,No internet service,No internet service,No internet service,Month-to-month,Yes,Electronic check,27.79,36.0,Yes
4279-GAWDW,Male,0,Yes,No,53,Yes,No,Fiber optic,No,Yes,No,No,Yes,No,Two year,No,Mailed check,83.28,4390.93,No
2133-LVHOQ,Female,0,No,Yes,10,No,No phone service,DSL,No,No,No,Yes,No,No,Month-to-month,Yes,Electronic check,78.2,820.33,Yes
1230-JOFDU,Male,0,Yes,Yes,64,Yes,No,Fiber optic,No,No,No,No,Yes,No,Month-to-month,No,Bank transfer (automatic),81.82,5279.06,No
3127-FDONL,Male,0,Yes,Yes,1,Yes,No,Fiber optic,No,No,No,No,Yes,No,Month-to-month,Yes,Mailed check,63.95,73.52,Yes
6582-MAAGV,Female,0,No,Yes,67,Yes,Yes,Fiber optic,No,No,No,No,Yes,No,Month-to-month,Yes,Mailed check,84.45,5662.73,No
9324-BZXHL,Male,1,No,No,14,Yes,No,DSL,No,Yes,No,Yes,Yes,No,Month-to-month,No,Bank transfer (automatic),46.01,625.06,Yes
2125-DDASS,Male,0,Yes,Yes,55,Yes,Yes,DSL,No,No,Yes,Yes,No,No,Two year,Yes,Mailed check,51.32,2838.54,No
1391-BFXTY,Male,0,Yes,No,41,Yes,No,Fiber optic,No,No,No,No,No,No,Month-to-month,Yes,Electronic check,91.54,3692.9,No
6588-ZEABE,Male,0,No,No,3,No,No phone service,No,No internet service,No internet service,No internet service,No internet service,No internet service,No internet service,Month-to-month,Yes,Bank transfer (automatic),33.48,137.09,No
9629-CLZFN,Male,1,Yes,No,54,Yes,No,Fiber optic,No,Yes,Yes,No,No,Yes,Two year,Yes,Mailed check,71.05,3810.18,No
6550-ULUDL,Male,0,Yes,No,6,Yes,No,DSL,No,No,No,Yes,Yes,No,Month-to-month,No,Electronic check,59.09,321.02,Yes
6106-PMDQO,Male,0,No,No,7,Yes,No,No,No internet service,No internet service,No internet service,No internet service,No internet service,No internet service,One year,No,Electronic check,32.81,236.2,No
1496-OEHPS,Male,1,No,No,13,Yes,No,Fiber optic,No,Yes,No,No,No,No,Two year,No,Electronic check,75.56,986.46,No
5224-PCOVL,Male,0,Yes,Yes,52,Yes,No,Fiber optic,No,No,No,No,Yes,No,One year,No,Mailed check,65.65,3497.22,No
6796-DSLBP,Female,1,No,No,32,Yes,No,DSL,No,No,No,No,No,No,Two year,Yes,Mailed check,57.94,1911.94,No
4986-HGFRI,Female,0,No,Yes,67,Yes,No,No,No internet service,No internet service,No internet service,No internet service,No internet service,No internet service,Two year,Yes,Mailed check,24.81,1594.64,No
2235-AFZPC,Male,0,Yes,Yes,6,Yes,No,DSL,No,No,Yes,No,Yes,No,Month-to-month,No,Electronic check,67.25,392.06,Yes
5944-VILLW,Male,0,Yes,No,2,Yes,Yes,Fiber optic,No,No,No,Yes,No,No,Month-to-month,Yes,Electronic check,113.22,213.81,No
6270-YZEDC,Female,1,Yes,Yes,42,Yes,Yes,Fiber optic,No,Yes,No,No,Yes,Yes,One year,Yes,Credit card (automatic),89.24,3796.19,No
7461-NVKKI,Female,1,Yes,No,57,Yes,Yes,Fiber optic,No,No,No,No,No,Yes,One year,No,Electronic check,78.93,4555.49,No
3735-XCNCD,Male,0,No,Yes,1,Yes,No,DSL,No,No,Yes,No,Yes,No,Month-to-month,Yes,Bank transfer (automatic),62.05,50.34,Yes
3858-ZZUPJ,Male,0,Yes,No,11,Yes,No,No,No internet service,No internet service,No internet service,No internet service,No internet service,No internet service,Two year,Yes,Electronic check,21.26,153.15,No
3669-QKUMQ,Male,0,No,No,44,Yes,Yes,Fiber optic,No,Yes,Yes,No,Yes,No,One year,No,Mailed check,60.86,2690.63,No
2156-BGHLE,Female,0,Yes,Yes,9,Yes,Yes,Fiber optic,Yes,No,No,No,No,Yes,Two year,Yes,Bank transfer (automatic),91.92,775.47,No
4907-PJPZX,Female,0,No,No,6,Yes,No,DSL,No,No,Yes,No,Yes,No,Month-to-month,Yes,Electronic check,77.49,398.23,Yes
2923-UQZAU,Female,0,No,Yes,10,Yes,No,DSL,Yes,Yes,No,No,No,Yes,Two year,Yes,Credit card (automatic),65.57,653.31,No
8650-QHTGX,Male,0,No,Yes,16,Yes,No,Fiber optic,No,Yes,Yes,Yes,No,No,Month-to-month,Yes,Bank transfer (automatic),75.59,1187.95,No
8268-QIKBF,Male,0,No,No,7,No,No phone service,DSL,No,Yes,No,No,No,No,Two year,No,Electronic check,58.0,384.83,No
8713-RIACC,Male,1,No,No,24,Yes,No,Fiber optic,No,No,No,Yes,No,Yes,Two year,No,Electronic check,87.54,2118.09,No
2039-TCGXO,Male,0,No,No,3,Yes,No,DSL,No,No,No,No,No,No,Month-to-month,Yes,Bank transfer (automatic),62.67,153.21,No
2971-JCRFL,Male,0,No,Yes,15,Yes,No,Fiber optic,No,Yes,Yes,No,No,No,Month-to-month,No,Bank transfer (automatic),78.03,1142.74,Yes
7334-VRMEI,Female,0,No,No,14,Yes,No,Fiber optic,No,Yes,No,No,Yes,No,Month-to-month,Yes,Electronic check,108.31,1442.21,Yes
9452-PGVFF,Male,0,No,No,12,Yes,No,Fiber optic,No,No,Yes,No,No,No,One year,Yes,Mailed check,81.84,938.77,No
6471-SAGFY,Female,0,Yes,Yes,47,Yes,No,DSL,Yes,Yes,Yes,Yes,Yes,No,One year,Yes,Mailed check,77.44,3680.53,No
4101-KSEFZ,Male,0,Yes,No,8,Yes,No,Fiber optic,No,Yes,Yes,No,Yes,No,Month-to-month,No,Credit card (automatic),91.22,725.6,Yes
6667-XUOSG,Male,0,Yes,No,0,Yes,No,No,No internet service,No internet service,No internet service,No internet service,No internet service,No internet service,Month-to-month,Yes,Credit card (automatic),37.92, ,Yes
7704-ZCOZG,Female,0,No,No,40,No,No phone service,Fiber optic,No,No,Yes,No,Yes,No,Month-to-month,Yes,Credit card (automatic),63.56,2494.39,No
3276-LUOMI,Female,1,Yes,No,67,Yes,Yes,Fiber optic,No,No,No,No,No,No,Month-to-month,No,Electronic check,96.8,6435.87,Yes
3311-KAHGX,Male,0,Yes,No,48,Yes,No,DSL,Yes,No,Yes,Yes,Yes,No,One year,Yes,Credit card (automatic),52.36,2398.04,No
7211-DDVWU,Female,0,No,No,0,Yes,No,Fiber optic,No,Yes,Yes,No,No,No,Month-to-month,No,Mailed check,93.59, ,Yes
6888-SPQCN,Male,0,Yes,No,52,Yes,Yes,DSL,Yes,Yes,No,No,Yes,No,One year,No,Electronic check,69.77,3610.2,No
3260-GTBSM,Male,0,No,Yes,43,Yes,No,DSL,Yes,No,No,No,Yes,No,Two year,Yes,Electronic check,59.63,2563.63,No
9059-MXVJP,Male,0,Yes,No,7,No,No phone service,Fiber optic,Yes,No,Yes,Yes,Yes,No,Month-to-month,Yes,Mailed check,89.55,575.4,Yes
9470-QWKHI,Male,0,No,No,8,Yes,No,DSL,No,No,Yes,No,No,No,Two year,Yes,Bank transfer (automatic),62.03,420.33,Yes
8897-YBSFM,Female,1,Yes,Yes,2,Yes,Yes,Fiber optic,Yes,Yes,Yes,Yes,Yes,No,Month-to-month,No,Mailed check,93.03,165.48,Yes
1620-EFMTP,Male,0,No,No,14,Yes,No,No,No internet service,No internet service,No internet service,No internet service,No internet service,No internet service,Two year,No,Bank transfer (automatic),39.61,533.74,Yes
3578-VCCSI,Female,0,No,Yes,2,Yes,No,Fiber optic,No,Yes,No,Yes,No,No,Two year,Yes,Electronic check,85.11,224.63,No
3666-GOVRV,Female,0,Yes,No,19,No,No phone service,DSL,No,No,No,Yes,No,No,One year,Yes,Credit card (automatic),71.17,1279.11,No
9297-XUTRQ,Male,0,Yes,No,38,No,No phone service,DSL,No,Yes,Yes,No,Yes,No,Two year,Yes,Bank transfer (automatic),72.48,2744.56,No
2449-HWRMH,Male,0,No,No,46,Yes,No,Fiber optic,No,No,No,No,Yes,No,Two year,No,Mailed check,83.84,3915.43,No
7885-KVQQC,Male,0,No,No,10,No,No phone service,Fiber optic,No,No,Yes,No,Yes,No,One year,No,Electronic check,71.08,652.55,No
5779-DNNKA,Female,0,Yes,Yes,5,No,No phone service,Fiber optic,Yes,Yes,No,Yes,Yes,No,Month-to-month,No,Credit card (automatic),88.68,400.76,Yes
3317-OBTXB,Female,0,No,No,38,Yes,Yes,No,No internet service,No internet service,No internet service,No internet service,No internet service,No internet service,Month-to-month,Yes,Credit card (automatic),20.62,777.76,No
6726-OLUDM,Female,0,Yes,Yes,24,No,No phone service,No,No internet service,No internet service,No internet service,No internet service,No internet service,No internet service,One year,Yes,Electronic check,28.52,713.11,No
2055-VFLUQ,Male,0,No,No,39,Yes,No,Fiber optic,No,No,Yes,Yes,Yes,No,Month-to-month,Yes,Electronic check,96.88,3792.77,No
9091-OGURB,Male,0,Yes,No,28,Yes,No,DSL,No,Yes,No,Yes,No,Yes,Month-to-month,Yes,Electronic check,51.23,1462.73,No
8674-OBXXR,Female,1,No,Yes,42,Yes,Yes,DSL,No,No,No,No,No,Yes,One year,Yes,Electronic check,50.01,2060.79,No
6570-VTSXR,Male,0,Yes,Yes,10,Yes,Yes,DSL,No,Yes,Yes,Yes,No,Yes,Month-to-month,Yes,Electronic check,57.53,588.96,No
3559-DJSWR,Female,0,Yes,Yes,71,No,No phone service,Fiber optic,No,Yes,Yes,No,No,No,One year,No,Credit card (automatic),63.11,4511.74,No
1281-IZMWH,Male,1,Yes,No,4,Yes,Yes,No,No internet service,No internet service,No internet service,No internet service,No internet service,No internet service,Month-to-month,Yes,Electronic check,27.68,44.67,Yes
2321-JZNXU,Male,0,Yes,Yes,1,Yes,Yes,Fiber optic,No,No,Yes,Yes,Yes,No,Two year,Yes,Electronic check,69.34,158.3,No
7560-MIPDJ,Female,0,No,No,61,Yes,No,No,No internet service,No internet service,No internet service,No internet service,No internet service,No internet service,Two year,No,Bank transfer (automatic),32.6,1972.07,No
5287-YDNFN,Male,0,No,Yes,1,Yes,No,DSL,Yes,Yes,Yes,Yes,No,No,Month-to-month,No,Credit card (automatic),44.99,0.0,No
3288-URLIE,Female,0,Yes,Yes,1,Yes,Yes,Fiber optic,Yes,No,No,Yes,Yes,No,One year,No,Bank transfer (automatic),94.31,142.62,No
9635-DDAWO,Male,0,Yes,No,33,Yes,No,DSL,No,No,Yes,No,No,No,Month-to-month,No,Mailed check,65.31,2146.8,Yes
6078-ZUVEY,Female,0,No,No,4,Yes,Yes,Fiber optic,No,No,Yes,No,No,No,Month-to-month,No,Bank transfer (automatic),80.94,355.57,Yes
5873-PVWYJ,Female,0,No,Yes,0,Yes,Yes,DSL,No,No,No,No,No,Yes,Two year,No,Credit card (automatic),68.71, ,No
5995-KFZOS,Female,0,No,Yes,71,No,No phone service,Fiber optic,Yes,No,No,Yes,No,No,One year,Yes,Mailed check,102.69,7306.38,No
1419-SRIVV,Female,0,Yes,Yes,0,Yes,No,No,No internet service,No internet service,No internet service,No internet service,No internet service,No internet service,Month-to-month,Yes,Credit card (automatic),23.86, ,No
4792-RODXF,Female,1,Yes,No,69,Yes,Yes,DSL,No,No,No,No,No,Yes,Two year,No,Bank transfer (automatic),75.82,5189.26,No
4795-VIKCP,Female,0,Yes,No,37,Yes,Yes,No,No internet service,No internet service,No internet service,No internet service,No internet service,No internet service,Month-to-month,Yes,Bank transfer (automatic),25.6,1019.68,No
4188-WSOYA,Male,0,No,No,28,Yes,Yes,DSL,No,Yes,No,No,No,No,Two year,No,Bank transfer (automatic),52.42,1387.16,No
4377-WZNTL,Male,0,No,No,12,Yes,No,Fiber optic,No,No,No,Yes,No,Yes,One year,No,Electronic check,94.46,1170.76,No
1608-DTYKW,Female,0,Yes,No,40,Yes,Yes,Fiber optic,Yes,Yes,No,No,Yes,No,Month-to-month,Yes,Credit card (automatic),91.08,3656.62,No
2870-ANGLP,Male,0,Yes,Yes,3,Yes,Yes,DSL,Yes,No,Yes,No,No,No,Month-to-month,Yes,Mailed check,59.13,240.64,Yes
5404-UQDOW,Male,0,No,Yes,8,Yes,No,Fiber optic,No,No,No,Yes,No,No,Month-to-month,No,Electronic check,80.41,591.27,Yes
2727-BORYU,Female,0,Yes,No,0,Yes,No,DSL,Yes,No,No,No,No,Yes,Two year,Yes,Bank transfer (automatic),67.08, ,No
8934-VZXBO,Male,1,No,No,25,Yes,No,Fiber optic,No,No,No,No,Yes,No,Month-to-month,Yes,Mailed check,104.99,2718.22,Yes
2280-IVDRX,Female,0,Yes,Yes,0,No,No phone service,DSL,Yes,No,No,No,Yes,Yes,One year,No,Mailed check,55.93, ,No
2819-OJFPH,Female,1,Yes,No,32,Yes,No,DSL,Yes,No,No,No,Yes,Yes,Month-to-month,Yes,Bank transfer (automatic),41.42,1287.27,No
3204-WDYYZ,Male,0,Yes,No,33,Yes,Yes,DSL,Yes,Yes,No,No,Yes,No,Month-to-month,Yes,Electronic check,55.07,1898.14,No
5750-FVJXZ,Female,0,No,No,18,Yes,No,Fiber optic,No,No,No,No,No,Yes,Month-to-month,No,Mailed check,70.01,1347.45,Yes
2610-UUFKA,Male,1,Yes,No,43,Yes,Yes,DSL,Yes,Yes,No,Yes,No,No,Month-to-month,No,Mailed check,55.04,2369.63,No
6145-PMBNN,Female,1,Yes,No,0,Yes,No,DSL,No,Yes,No,No,No,Yes,Month-to-month,Yes,Credit card (automatic),51.83, ,Yes
5336-VATHX,Female,0,No,No,8,Yes,No,DSL,Yes,No,No,Yes,No,No,Two year,Yes,Credit card (automatic),46.89,334.72,No
1222-ELNXG,Male,0,Yes,No,36,Yes,No,DSL,No,No,Yes,No,Yes,No,Month-to-month,No,Mailed check,57.59,2009.29,No
8448-ZIPBN,Male,1,Yes,No,38,Yes,No,DSL,Yes,No,No,Yes,Yes,Yes,Month-to-month,No,Mailed check,56.35,2237.23,No
4186-RRMTK,Male,0,Yes,No,5,Yes,Yes,Fiber optic,Yes,No,No,No,Yes,No,One year,No,Bank transfer (automatic),98.02,482.27,No
3622-RWHAW,Male,0,No,No,50,Yes,No,Fiber optic,No,Yes,No,Yes,No,No,Month-to-month,Yes,Electronic check,80.76,3996.58,No
1190-DPHVQ,Male,0,Yes,No,3,Yes,Yes,DSL,Yes,Yes,No,Yes,Yes,Yes,Month-to-month,Yes,Mailed check,56.81,176.39,No
7139-UNBNA,Female,0,No,No,64,Yes,Yes,DSL,Yes,Yes,No,No,No,Yes,Month-to-month,No,Credit card (automatic),71.53,4529.6,No
5982-EKGLE,Male,0,No,Yes,19,No,No phone service,No,No internet service,No internet service,No internet service,No internet service,No internet service,No internet service,One year,Yes,Mailed check,35.01,645.88,No
7129-PQTWY,Female,0,No,No,3,Yes,No,No,No internet service,No internet service,No internet service,No internet service,No internet service,No internet service,Two year,Yes,Electronic check,38.46,115.2,No
9293-TYSBP,Male,0,Yes,No,50,Yes,No,No,No internet service,No internet service,No internet service,No internet service,No internet service,No internet service,Month-to-month,Yes,Bank transfer (automatic),29.58,1430.53,No
6867-HTPRG,Female,0,No,No,52,Yes,Yes,Fiber optic,No,No,Yes,No,No,No,Month-to-month,Yes,Credit card (automatic),101.68,5194.65,No
3905-RQPNM,Male,0,No,No,12,Yes,Yes,DSL,No,No,No,No,Yes,No,Two year,No,Bank transfer (automatic),78.39,955.17,No
6212-OMIZR,Male,0,No,No,44,Yes,No,DSL,No,No,No,No,No,No,Month-to-month,Yes,Credit card (automatic),61.24,2749.08,No
6664-VUTFV,Female,0,Yes,Yes,3,Yes,Yes,DSL,Yes,No,Yes,No,No,No,Two year,Yes,Bank transfer (automatic),44.76,79.39,No
5751-DNEQT,Male,0,No,No,7,Yes,No,Fiber optic,No,No,Yes,Yes,No,Yes,One year,Yes,Credit card (automatic),74.6,579.1,Yes
4302-FIABY,Female,0,No,Yes,10,Yes,Yes,Fiber optic,Yes,Yes,No,Yes,No,No,Month-to-month,Yes,Electronic check,85.87,813.61,Yes
1614-ZRYNP,Male,1,No,Yes,29,Yes,Yes,DSL,No,No,Yes,Yes,No,Yes,One year,Yes,Credit card (automatic),61.84,1802.12,No
4379-FJPZW,Female,0,Yes,Yes,12,Yes,No,DSL,No,No,No,Yes,Yes,Yes,Month-to-month,No,Credit card (automatic),46.43,565.29,No
6877-KXCDU,Female,0,No,No,7,Yes,Yes,No,No internet service,No internet service,No internet service,No internet service,No internet service,No internet service,One year,Yes,Electronic check,20.44,69.15,No
9140-XUSSJ,Female,0,No,Yes,5,Yes,Yes,DSL,Yes,Yes,No,Yes,Yes,No,Month-to-month,Yes,Electronic check,46.28,186.37,No
6539-EBONZ,Male,0,No,No,48,Yes,Yes,DSL,No,Yes,No,No,Yes,No,Month-to-month,Yes,Mailed check,72.7,3454.89,No
5282-LIJID,Male,0,No,No,20,Yes,Yes,DSL,No,Yes,Yes,Yes,No,Yes,Month-to-month,Yes,Mailed check,64.38,1269.07,Yes
9096-LRBRA,Male,0,No,No,16,Yes,No,Fiber optic,No,Yes,Yes,No,No,Yes,Month-to-month,No,Bank transfer (automatic),103.11,1685.45,Yes
8780-UURMM,Male,0,Yes,No,37,Yes,No,DSL,No,No,Yes,No,No,Yes,Month-to-month,Yes,Electronic check,51.33,1946.53,Yes
2379-KVUHA,Male,0,Yes,No,56,Yes,No,Fiber optic,No,Yes,Yes,No,No,Yes,Two year,Yes,Bank transfer (automatic),109.23,6071.03,No
7569-BKUCL,Female,0,Yes,Yes,5,Yes,No,Fiber optic,No,No,No,No,Yes,No,Two year,No,Mailed check,74.94,462.98,Yes
4069-TOUJP,Female,0,No,No,33,Yes,Yes,No,No internet service,No internet service,No internet service,No internet service,No internet service,No internet service,One year,Yes,Bank transfer (automatic),18.0,527.72,No
6490-PNIPJ,Female,0,Yes,No,47,No,No phone service,DSL,Yes,Yes,No,Yes,Yes,No,Month-to-month,No,Bank transfer (automatic),57.75,2688.58,No
8877-IKYFA,Male,0,No,No,42,Yes,No,DSL,No,Yes,Yes,No,No,No,Month-to-month,No,Electronic check,61.44,2563.63,Yes
7960-MVGXZ,Male,0,No,Yes,0,Yes,Yes,Fiber optic,Yes,No,No,No,No,Yes,Two year,Yes,Mailed check,84.82, ,No
7065-ZRFVR,Male,0,No,No,40,Yes,No,Fiber optic,Yes,No,No,Yes,No,Yes,Two year,Yes,Mailed check,81.33,3232.59,No
7820-TTYKM,Male,0,No,No,3,No,No phone service,Fiber optic,No,No,No,Yes,Yes,No,Month-to-month,Yes,Mailed check,108.11,226.88,Yes
4762-BHPYF,Male,0,No,No,47,Yes,No,Fiber optic,No,Yes,No,No,No,No,Month-to-month,No,Electronic check,83.27,3892.62,Yes
7784-LDSRY,Male,0,Yes,Yes,45,Yes,No,No,No internet service,No internet service,No internet service,No internet service,No internet service,No internet service,One year,Yes,Electronic check,20.09,949.25,No
4307-SJIEV,Female,0,No,No,58,Yes,No,DSL,No,Yes,Yes,No,No,No,Month-to-month,Yes,Bank transfer (automatic),70.6,4137.5,Yes
5251-MKBIL,Female,0,No,Yes,61,Yes,Yes,No,No internet service,No internet service,No internet service,No internet service,No internet service,No internet service,Month-to-month,Yes,Bank transfer (automatic),21.42,1267.8,No
3937-LQEGS,Male,0,No,No,19,Yes,No,DSL,No,No,No,No,No,No,Month-to-month,No,Credit card (automatic),54.79,1018.03,Yes
8936-GDHTT,Male,0,Yes,Yes,0,Yes,No,DSL,No,No,No,No,No,Yes,Two year,No,Bank transfer (automatic),48.08, ,No
8016-LUAUJ,Male,0,Yes,No,28,Yes,No,DSL,No,No,No,Yes,No,No,Two year,No,Bank transfer (automatic),64.96,1843.38,No
9617-YSJGN,Male,0,No,No,18,Yes,No,Fiber optic,No,No,No,Yes,No,Yes,Month-to-month,No,Bank transfer (automatic),83.35,1505.64,Yes
6457-HDFQC,Female,0,No,No,59,Yes,Yes,Fiber optic,No,No,Yes,Yes,No,No,Month-to-month,No,Bank transfer (automatic),61.21,3512.61,No
7044-DFHVR,Male,1,No,No,55,Yes,No,DSL,Yes,No,No,No,Yes,No,One year,Yes,Mailed check,79.1,4330.67,No
1226-QSBVS,Female,1,Yes,No,38,Yes,No,No,No internet service,No internet service,No internet service,No internet service,No internet service,No internet service,Two year,Yes,Bank transfer (automatic),19.47,737.81,No
4394-DURBD,Male,0,No,Yes,25,Yes,No,No,No internet service,No internet service,No internet service,No internet service,No internet service,No internet service,Month-to-month,Yes,Mailed check,18.0,473.46,No
3017-RCITA,Male,0,No,No,2,Yes,Yes,Fiber optic,No,No,No,No,No,No,Two year,Yes,Electronic check,104.95,187.28,No
9339-VJYUD,Female,0,No,No,7,Yes,No,DSL,Yes,No,No,Yes,No,No,One year,Yes,Bank transfer (automatic),47.89,267.23,No
1034-IGZIA,Male,0,No,No,61,Yes,Yes,Fiber optic,No,Yes,No,No,Yes,Yes,One year,No,Electronic check,89.22,5461.11,No
9868-NMXQG,Female,1,Yes,Yes,57,Yes,No,Fiber optic,Yes,Yes,No,No,No,No,One year,No,Electronic check,96.15,5521.16,No
1051-ZJEQC,Male,0,Yes,No,36,Yes,No,DSL,Yes,Yes,No,No,No,Yes,Two year,No,Credit card (automatic),58.0,2058.23,No
6731-PPKLT,Female,0,No,No,7,Yes,No,DSL,Yes,No,No,Yes,Yes,No,One year,No,Electronic check,50.53,291.17,No
8626-UREJD,Male,0,Yes,No,47,Yes,Yes,Fiber optic,Yes,No,No,No,Yes,No,One year,Yes,Bank transfer (automatic),92.95,4318.64,No
7146-YPWVJ,Male,0,No,No,1,Yes,Yes,No,No internet service,No internet service,No internet service,No internet service,No internet service,No internet service,One year,Yes,Electronic check,29.11,0.0,No
4611-NPZCN,Female,1,Yes,No,41,Yes,Yes,DSL,No,No,No,No,No,No,Month-to-month,Yes,Credit card (automatic),54.69,2213.86,Yes
9950-ZVOZK,Male,0,No,Yes,10,Yes,Yes,Fiber optic,No,No,Yes,Yes,Yes,Yes,One year,No,Electronic check,85.3,851.25,No
9442-XKLQL,Male,0,Yes,No,2,No,No phone service,No,No internet service,No internet service,No internet service,No internet service,No internet service,No internet service,Month-to-month,No,Mailed check,30.57,49.85,No
3747-HBCGA,Female,0,No,Yes,10,Yes,No,Fiber optic,No,No,Yes,No,No,No,Two year,No,Electronic check,96.49,1061.61,No
7574-LBDRI,Female,0,No,No,1,Yes,No,Fiber optic,No,No,No,Yes,Yes,No,Month-to-month,Yes,Credit card (automatic),100.59,115.32,Yes
9410-KUEGL,Female,0,Yes,Yes,62,Yes,No,DSL,No,No,No,No,No,Yes,Month-to-month,Yes,Electronic check,60.19,3725.57,No
3387-ZNKOK,Female,0,No,No,59,Yes,No,No,No internet service,No internet service,No internet service,No internet service,No internet service,No internet service,Month-to-month,Yes,Credit card (automatic),27.42,1612.12,No
2287-WBADG,Female,0,No,Yes,37,Yes,Yes,Fiber optic,No,No,Yes,No,Yes,Yes,Month-to-month,Yes,Credit card (automatic),79.11,2977.22,No
3520-EEUNT,Female,1,No,Yes,0,Yes,No,DSL,No,No,No,Yes,Yes,No,Month-to-month,Yes,Bank transfer (automatic),77.42, ,Yes
8262-TTBDX,Female,0,No,No,26,No,No phone service,DSL,No,Yes,Yes,Yes,No,No,Month-to-month,Yes,Bank transfer (automatic),48.7,1303.71,Yes
2923-RUQBS,Male,0,No,Yes,15,Yes,Yes,Fiber optic,No,Yes,No,No,Yes,No,Two year,Yes,Electronic check,83.97,1367.96,Yes
5910-TDMLS,Male,0,No,Yes,50,No,No phone service,DSL,No,Yes,Yes,No,Yes,No,One year,No,Mailed check,68.36,3437.85,No
6649-GIPUH,Female,0,No,No,58,Yes,No,DSL,Yes,No,No,Yes,Yes,No,Month-to-month,Yes,Electronic check,56.27,3286.21,No
6797-RDJJQ,Female,0,No,No,7,No,No phone service,Fiber optic,No,No,No,Yes,No,No,Month-to-month,No,Bank transfer (automatic),98.57,750.71,Yes
1632-BDEWR,Male,0,No,Yes,64,Yes,Yes,No,No internet service,No internet service,No internet service,No internet service,No internet service,No internet service,One year,Yes,Mailed check,27.12,1728.13,No
1480-AUGNH,Male,0,Yes,No,44,Yes,No,Fiber optic,No,No,No,No,Yes,Yes,One year,No,Bank transfer (automatic),92.95,4050.16,No
9147-RBIRI,Male,0,No,Yes,63,Yes,No,DSL,No,No,Yes,Yes,Yes,No,Two year,Yes,Credit card (automatic),56.9,3576.11,No
7278-KLMJY,Female,1,No,No,45,Yes,No,DSL,No,No,Yes,No,No,Yes,Two year,Yes,Electronic check,58.61,2670.55,No
8129-TGYMG,Female,0,Yes,No,58,Yes,Yes,Fiber optic,No,No,No,Yes,Yes,No,Month-to-month,No,Electronic check,71.02,4175.55,Yes
1223-VHLLG,Male,0,Yes,No,10,Yes,Yes,DSL,No,Yes,No,No,No,No,Month-to-month,Yes,Electronic check,78.26,810.19,No
7410-RTUIF,Female,0,No,No,68,Yes,Yes,Fiber optic,No,No,Yes,No,No,No,Two year,Yes,Electronic check,79.83,5472.47,No
1971-ZMCLL,Female,0,No,No,42,Yes,Yes,No,No internet service,No internet service,No internet service,No internet service,No internet service,No internet service,Month-to-month,Yes,Electronic check,18.0,792.6,No
6729-WKMGZ,Female,1,Yes,No,24,Yes,No,Fiber optic,No,Yes,No,No,No,Yes,Month-to-month,No,Electronic check,118.75,2889.26,Yes
1763-BLOMT,Male,0,No,No,0,Yes,Yes,Fiber optic,Yes,No,Yes,No,No,Yes,Month-to-month,No,Electronic check,90.86, ,Yes
9391-DASUO,Female,0,No,No,7,Yes,Yes,DSL,Yes,Yes,Yes,Yes,No,No,Month-to-month,No,Credit card (automatic),51.34,299.24,No
2656-PNCXQ,Female,1,Yes,No,6,Yes,Yes,DSL,No,Yes,Yes,No,Yes,Yes,Month-to-month,Yes,Mailed check,61.86,372.18,No
2930-NGYXW,Female,0,No,No,53,No,No phone service,Fiber optic,No,No,Yes,Yes,Yes,Yes,Month-to-month,No,Bank transfer (automatic),82.17,4388.02,No
6153-LXXWP,Male,0,Yes,No,35,Yes,Yes,Fiber optic,No,No,Yes,No,No,No,Month-to-month,Yes,Mailed check,64.14,2207.13,No
9551-JIQAU,Female,0,No,Yes,66,Yes,Yes,DSL,No,No,No,Yes,No,No,Month-to-month,Yes,Credit card (automatic),45.08,2966.27,No
9969-KMQAI,Female,0,Yes,Yes,62,Yes,Yes,Fiber optic,No,No,No,No,Yes,Yes,One year,Yes,Electronic check,85.91,5239.38,No
7166-DCEQC,Male,0,No,No,56,Yes,No,Fiber optic,No,No,Yes,No,Yes,No,Month-to-month,No,Electronic check,103.6,5786.62,No
5950-JTFFZ,Male,0,Yes,Yes,3,Yes,No,DSL,No,No,No,No,No,No,Month-to-month,Yes,Bank transfer (automatic),49.64,187.7,Yes
2084-VOMYH,Female,0,No,Yes,1,No,No phone service,No,No internet service,No internet service,No internet service,No internet service,No internet service,No internet service,Two year,Yes,Electronic check,27.8,153.74,No
7798-PJECJ,Female,1,No,No,10,Yes,No,Fiber optic,No,No,No,No,No,Yes,One year,Yes,Electronic check,77.44,737.24,Yes
1962-VMTAA,Male,0,Yes,No,38,Yes,No,No,No internet service,No internet service,No internet service,No internet service,No internet service,No internet service,Two year,No,Bank transfer (automatic),22.39,823.9,No
7236-ENNHB,Male,0,No,Yes,63,Yes,Yes,Fiber optic,Yes,Yes,No,No,No,No,Month-to-month,Yes,Credit card (automatic),105.26,6739.86,No
9225-KEPAH,Male,0,No,No,49,Yes,No,Fiber optic,No,No,No,Yes,Yes,Yes,Month-to-month,Yes,Electronic check,72.27,3642.59,Yes
4847-JHZFU,Female,1,No,Yes,17,No,No phone service,DSL,Yes,Yes,Yes,No,No,Yes,Two year,Yes,Mailed check,60.73,1124.36,No
3887-UCIUA,Female,0,No,No,56,No,No phone service,Fiber optic,No,Yes,Yes,No,No,No,Month-to-month,No,Electronic check,97.55,5405.04,No
8911-IDQTE,Male,0,No,No,2,Yes,No,DSL,No,No,No,No,No,Yes,Month-to-month,No,Bank transfer (automatic),66.27,190.5,No
5107-DDFDN,Male,1,No,No,0,Yes,No,Fiber optic,Yes,No,Yes,No,No,No,Month-to-month,No,Mailed check,76.64, ,Yes
4150-LLNRY,Male,0,No,No,47,Yes,No,Fiber optic,Yes,No,No,No,Yes,No,Two year,Yes,Credit card (automatic),97.35,4653.16,No
6231-OVQGA,Male,0,Yes,No,54,Yes,Yes,Fiber optic,No,Yes,Yes,No,No,No,Month-to-month,Yes,Credit card (automatic),64.71,3490.4,Yes
8799-BOHOK,Female,1,Yes,No,32,Yes,No,Fiber optic,Yes,No,Yes,Yes,Yes,Yes,Two year,Yes,Electronic check,92.0,2999.78,No
7918-XRSDV,Male,0,Yes,No,58,Yes,Yes,DSL,No,No,Yes,Yes,No,Yes,One year,No,Electronic check,58.41,3398.24,No
6120-XDIBP,Male,0,Yes,No,58,Yes,No,DSL,No,Yes,No,Yes,No,No,Two year,No,Bank transfer (automatic),59.74,3510.48,No
7240-JRZOI,Male,0,No,No,59,Yes,Yes,Fiber optic,Yes,Yes,Yes,Yes,No,Yes,Month-to-month,Yes,Mailed check,96.61,5674.76,No
8663-KJDHX,Male,0,Yes,No,46,Yes,No,DSL,Yes,Yes,Yes,No,No,No,Month-to-month,No,Mailed check,50.68,2413.64,No
8387-TDQYQ,Female,1,No,No,55,Yes,Yes,DSL,Yes,Yes,No,Yes,No,No,Month-to-month,Yes,Credit card (automatic),63.18,3491.6,No
1077-JUNAR,Female,0,Yes,Yes,50,Yes,No,DSL,Yes,Yes,No,No,No,Yes,Month-to-month,No,Mailed check,57.12,2800.69,No
5597-JVITW,Female,0,Yes,No,35,Yes,No,No,No internet service,No internet service,No internet service,No internet service,No internet service,No internet service,Two year,Yes,Mailed check,29.13,1031.87,No
5415-LKBJQ,Male,0,No,No,26,Yes,No,DSL,Yes,No,No,No,No,Yes,One year,Yes,Electronic check,65.18,1575.47,No
8827-KBEEI,Female,0,Yes,No,0,Yes,No,No,No internet service,No internet service,No internet service,No internet service,No internet service,No internet service,Month-to-month,No,Bank transfer (automatic),22.78, ,No
8005-WAGQP,Male,0,No,No,63,Yes,No,DSL,No,No,Yes,Yes,Yes,No,Month-to-month,Yes,Mailed check,46.52,2944.24,No
1721-VQYBA,Female,0,No,No,4,Yes,No,Fiber optic,No,Yes,Yes,No,Yes,No,Month-to-month,Yes,Credit card (automatic),109.64,445.12,Yes
7122-TTILM,Female,0,No,No,60,Yes,Yes,Fiber optic,Yes,No,No,Yes,Yes,Yes,Two year,Yes,Credit card (automatic),90.45,5516.84,No
9816-QYRKN,Male,0,No,No,55,Yes,No,Fiber optic,Yes,No,Yes,No,Yes,No,Two year,Yes,Bank transfer (automatic),71.04,3895.31,No
1714-DKMHH,Female,0,No,No,13,Yes,No,DSL,Yes,No,Yes,Yes,Yes,No,One year,Yes,Mailed check,56.4,747.96,No
5786-OOFXR,Male,0,Yes,No,25,Yes,No,No,No internet service,No internet service,No internet service,No internet service,No internet service,No internet service,Two year,Yes,Mailed check,24.36,707.21,No
6970-XGZTF,Female,0,No,Yes,45,No,No phone service,No,No internet service,No internet service,No internet service,No internet service,No internet service,No internet service,Month-to-month,No,Credit card (automatic),20.93,1001.61,No
6215-IHNBH,Male,0,Yes,No,6,Yes,No,Fiber optic,No,No,Yes,No,Yes,No,One year,Yes,Bank transfer (automatic),88.95,578.88,No
5292-JSPWN,Male,0,Yes,Yes,31,Yes,Yes,DSL,No,Yes,No,No,No,Yes,Month-to-month,No,Electronic check,48.61,1475.83,Yes
8654-RJKBP,Male,0,No,No,4,Yes,Yes,DSL,Yes,No,Yes,No,No,Yes,Two year,No,Mailed check,67.47,360.17,No
3717-RWEVS,Male,0,No,No,69,Yes,No,DSL,No,Yes,No,No,No,No,One year,No,Electronic check,43.67,2993.22,No
5312-VYSIW,Male,0,No,Yes,30,Yes,Yes,No,No internet service,No internet service,No internet service,No internet service,No internet service,No internet service,Two year,Yes,Electronic check,18.0,600.4,No
5313-GZNLY,Male,0,No,Yes,2,Yes,Yes,No,No internet service,No internet service,No internet service,No internet service,No internet service,No internet service,Month-to-month,Yes,Bank transfer (automatic),30.12,100.66,Yes
5583-CTTSI,Female,1,No,No,0,Yes,Yes,Fiber optic,Yes,No,No,No,No,No,Two year,Yes,Electronic check,71.21, ,No
1627-PJFAZ,Male,0,No,No,19,Yes,No,Fiber optic,Yes,No,No,No,Yes,No,One year,No,Mailed check,101.38,1975.49,Yes
9324-YMTTS,Male,0,Yes,No,68,No,No phone service,No,No internet service,No internet service,No internet service,No internet service,No internet service,No internet service,Month-to-month,Yes,Electronic check,23.15,1585.5,No
9282-MDRZB,Female,1,Yes,Yes,0,Yes,Yes,DSL,No,Yes,Yes,No,No,No,One year,No,Electronic check,49.23, ,Yes
1456-BROAJ,Female,0,No,No,45,Yes,Yes,Fiber optic,No,No,No,No,No,Yes,Month-to-month,No,Mailed check,68.8,3092.87,No
9054-FQVNI,Male,0,No,Yes,5,Yes,No,DSL,No,Yes,No,No,Yes,No,Two year,Yes,Electronic check,71.71,375.39,Yes
2297-THZGR,Male,0,Yes,Yes,42,Yes,No,No,No internet service,No internet service,No internet service,No internet service,No internet service,No internet service,Two year,Yes,Mailed check,18.0,726.04,No
3286-KNWZU,Female,0,Yes,Yes,29,Yes,No,Fiber optic,Yes,Yes,Yes,No,Yes,Yes,Month-to-month,Yes,Bank transfer (automatic),82.64,2399.15,Yes
3033-LSNIE,Female,0,Yes,No,58,Yes,Yes,DSL,No,Yes,Yes,No,No,Yes,Month-to-month,No,Bank transfer (automatic),54.66,3122.0,No
4070-QGQBH,Male,0,No,No,51,Yes,No,No,No internet service,No internet service,No internet service,No internet service,No internet service,No internet service,Month-to-month,No,Electronic check,31.24,1598.67,No
3331-YXQEE,Female,0,Yes,No,62,Yes,Yes,No,No internet service,No internet service,No internet service,No internet service,No internet service,No internet service,Month-to-month,No,Electronic check,40.54,2521.38,No
6154-FUHSE,Male,0,Yes,No,54,No,No phone service,Fiber optic,No,No,No,No,No,No,Two year,Yes,Electronic check,100.41,5409.65,No
2398-AQPHM,Male,0,Yes,Yes,9,Yes,No,No,No internet service,No internet service,No internet service,No internet service,No internet service,No internet service,Month-to-month,Yes,Electronic check,31.65,215.39,Yes
6041-GVECA,Female,1,Yes,Yes,4,Yes,Yes,DSL,Yes,No,No,No,No,No,Two year,No,Credit card (automatic),41.25,164.88,No
1888-WFBKD,Female,0,No,No,7,Yes,Yes,Fiber optic,No,No,No,No,Yes,Yes,Month-to-month,No,Credit card (automatic),93.75,629.9,Yes
8394-JVYWK,Female,0,No,Yes,19,Yes,Yes,Fiber optic,Yes,No,No,No,No,Yes,Two year,No,Electronic check,84.73,1630.51,No
2840-QNHYF,Male,0,Yes,Yes,48,Yes,Yes,Fiber optic,No,No,No,Yes,Yes,Yes,Two year,Yes,Mailed check,99.47,4787.94,No
3168-TZDYL,Male,0,No,No,33,Yes,No,Fiber optic,No,No,Yes,No,Yes,Yes,Month-to-month,Yes,Electronic check,73.82,2412.81,Yes
5421-SQNKQ,Male,1,No,Yes,42,Yes,Yes,DSL,Yes,Yes,Yes,No,Yes,No,One year,Yes,Electronic check,53.24,2201.77,No
1507-TGIOC,Male,0,No,No,2,Yes,Yes,Fiber optic,Yes,Yes,Yes,No,No,Yes,Month-to-month,Yes,Credit card (automatic),70.36,65.27,Yes
5292-DDFKT,Male,0,Yes,No,68,Yes,Yes,DSL,Yes,No,No,Yes,Yes,No,One year,Yes,Mailed check,68.12,4679.63,No
9024-PNWTP,Male,0,Yes,No,60,Yes,No,DSL,No,No,No,No,No,Yes,Month-to-month,Yes,Mailed check,64.9,3898.57,No
1715-RTSDK,Female,0,No,No,2,Yes,Yes,No,No internet service,No internet service,No internet service,No internet service,No internet service,No internet service,Two year,No,Electronic check,28.55,80.61,No
8062-YGNEA,Female,0,No,No,63,No,No phone service,No,No internet service,No internet service,No internet service,No internet service,No internet service,No internet service,One year,Yes,Mailed check,38.63,2400.16,No
6676-UHHUX,Male,0,Yes,No,5,Yes,Yes,DSL,No,Yes,Yes,Yes,Yes,No,Two year,No,Mailed check,82.59,458.28,No
7025-GSHBU,Male,0,No,Yes,8,Yes,Yes,DSL,No,Yes,No,No,No,Yes,Two year,No,Bank transfer (automatic),62.79,454.73,Yes
3946-JBFZE,Female,0,Yes,No,10,Yes,Yes,DSL,Yes,Yes,Yes,No,No,No,One year,No,Bank transfer (automatic),48.41,432.15,No
7353-XHBOC,Male,0,Yes,Yes,4,Yes,No,Fiber optic,No,No,No,No,No,No,Two year,No,Mailed check,72.9,261.38,No
2400-ACZJR,Female,1,Yes,No,8,Yes,No,Fiber optic,No,No,Yes,No,Yes,No,Two year,Yes,Credit card (automatic),96.83,732.79,No
8235-KXLFT,Male,0,No,No,70,Yes,Yes,Fiber optic,No,No,No,Yes,No,No,Month-to-month,Yes,Electronic check,79.83,5538.01,No
6751-TZLQK,Female,0,Yes,No,1,No,No phone service,No,No internet service,No internet service,No internet service,No internet service,No internet service,No internet service,Month-to-month,No,Electronic check,29.19,0.0,No
2971-DOUKI,Female,1,Yes,Yes,7,Yes,Yes,DSL,No,No,No,Yes,No,No,Month-to-month,Yes,Electronic check,72.58,404.93,Yes
5603-ANRQX,Female,0,Yes,Yes,49,Yes,Yes,No,No internet service,No internet service,No internet service,No internet service,No internet service,No internet service,Month-to-month,No,Bank transfer (automatic),23.72,1187.92,No
9113-HKCEL,Female,0,Yes,Yes,28,Yes,No,Fiber optic,No,No,No,No,Yes,Yes,Month-to-month,Yes,Electronic check,104.07,2887.51,No
9536-PTRQJ,Female,1,Yes,No,3,Yes,No,Fiber optic,No,No,No,Yes,No,Yes,Two year,Yes,Bank transfer (automatic),69.52,193.11,No
5985-IMCHM,Male,1,No,No,46,Yes,Yes,Fiber optic,No,No,No,No,No,No,Month-to-month,Yes,Mailed check,90.32,4262.0,Yes
3626-XXUPP,Female,0,No,No,0,Yes,Yes,No,No internet service,No internet service,No internet service,No internet service,No internet service,No internet service,Two year,No,Credit card (automatic),18.0, ,No
3301-YVJDR,Female,0,Yes,Yes,7,Yes,Yes,DSL,Yes,No,No,No,No,Yes,Month-to-month,Yes,Mailed check,68.62,474.25,Yes
7734-DJDVZ,Female,1,Yes,No,61,No,No phone service,Fiber optic,Yes,No,No,Yes,No,Yes,One year,Yes,Mailed check,86.58,5328.2,No
2924-TNBTP,Male,0,No,No,42,Yes,No,DSL,Yes,No,Yes,No,Yes,Yes,Two year,Yes,Electronic check,70.14,2928.11,No
1688-QVNGQ,Male,0,Yes,Yes,65,No,No phone service,DSL,Yes,No,No,No,No,Yes,Month-to-month,Yes,Bank transfer (automatic),77.55,5058.02,No
6202-NIYAN,Female,0,Yes,No,3,Yes,Yes,No,No internet service,No internet service,No internet service,No internet service,No internet service,No internet service,Two year,Yes,Electronic check,38.12,43.6,No
1425-UBZUH,Female,0,No,No,55,No,No phone service,Fiber optic,Yes,Yes,Yes,No,Yes,No,One year,No,Electronic check,80.62,4389.05,No
4844-ALDLY,Male,0,No,No,17,Yes,No,DSL,Yes,Yes,Yes,No,Yes,Yes,Month-to-month,No,Bank transfer (automatic),44.5,707.23,No
5606-XQQVC,Male,1,Yes,No,0,Yes,No,No,No internet service,No internet service,No internet service,No internet service,No internet service,No internet service,One year,Yes,Credit card (automatic),18.38, ,Yes
1925-VLHXH,Male,0,Yes,No,63,Yes,Yes,DSL,Yes,Yes,No,Yes,No,Yes,One year,Yes,Mailed check,61.94,4000.04,No
8196-GMLZI,Male,0,Yes,No,65,No,No phone service,Fiber optic,Yes,Yes,Yes,No,No,Yes,One year,Yes,Credit card (automatic),101.39,6606.71,No
8854-CBZYJ,Male,0,Yes,No,25,Yes,No,Fiber optic,No,No,Yes,No,Yes,No,One year,Yes,Mailed check,81.39,1956.02,No
1426-JQJXM,Male,0,No,No,1,No,No phone service,No,No internet service,No internet service,No internet service,No internet service,No internet service,No internet service,Month-to-month,Yes,Bank transfer (automatic),32.88,35.58,No
7850-DXCNS,Male,0,No,No,35,No,No phone service,Fiber optic,Yes,Yes,No,No,Yes,No,One year,No,Mailed check,79.94,2832.8,No
7166-BGYUZ,Female,0,Yes,No,48,No,No phone service,Fiber optic,No,Yes,Yes,Yes,No,Yes,Month-to-month,Yes,Credit card (automatic),69.2,3272.01,No
3979-THQLJ,Male,0,Yes,No,58,Yes,Yes,DSL,No,Yes,No,No,No,Yes,Month-to-month,Yes,Electronic check,47.18,2722.44,Yes
4009-EAGOF,Male,0,Yes,No,2,Yes,No,Fiber optic,No,No,No,No,Yes,Yes,Two year,No,Mailed check,78.4,175.81,No
3170-LZAHZ,Male,0,Yes,No,4,Yes,Yes,DSL,Yes,No,Yes,No,Yes,No,Two year,Yes,Credit card (automatic),62.29,355.24,No
7581-NZEID,Male,0,No,No,48,Yes,Yes,Fiber optic,No,Yes,Yes,No,No,Yes,Month-to-month,Yes,Mailed check,62.2,3003.29,No
7646-YUUJY,Female,1,Yes,No,39,Yes,No,DSL,Yes,No,No,No,Yes,No,Two year,Yes,Credit card (automatic),47.17,1822.0,No
3790-ZGIOY,Female,0,No,No,53,Yes,Yes,Fiber optic,No,Yes,Yes,No,No,No,Month-to-month,No,Electronic check,61.75,3293.09,No
6886-IFSAK,Male,0,No,No,7,Yes,Yes,Fiber optic,No,Yes,Yes,Yes,No,No,Month-to-month,Yes,Credit card (automatic),75.9,620.29,Yes
4271-RNNZT,Male,0,No,No,44,No,No phone service,Fiber optic,No,No,No,Yes,No,No,Month-to-month,No,Credit card (automatic),101.88,4503.28,No
1633-SKBRO,Male,0,No,No,1,Yes,No,Fiber optic,No,No,Yes,No,Yes,Yes,One year,Yes,Credit card (automatic),72.69,84.99,No
5095-OHVKN,Male,0,No,No,71,Yes,Yes,Fiber optic,No,Yes,Yes,No,No,Yes,Two year,No,Bank transfer (automatic),81.56,5775.75,No
5469-TDVMW,Male,0,No,Yes,6,Yes,No,Fiber optic,No,No,Yes,No,No,No,Month-to-month,Yes,Credit card (automatic),81.91,513.48,No
8401-EKGHE,Male,0,Yes,Yes,45,No,No phone service,DSL,Yes,Yes,No,No,Yes,Yes,Month-to-month,No,Electronic check,54.23,2364.16,No
3608-CTCXC,Male,0,Yes,Yes,71,Yes,Yes,No,No internet service,No internet service,No internet service,No internet service,No internet service,No internet service,Month-to-month,No,Bank transfer (automatic),25.43,1820.89,No
7816-KJEJJ,Female,0,Yes,Yes,1,Yes,No,DSL,Yes,No,No,Yes,No,No,One year,Yes,Bank transfer (automatic),48.51,0.0,No
5097-CHYGY,Male,0,No,No,56,Yes,No,Fiber optic,No,Yes,No,No,No,No,Month-to-month,No,Bank transfer (automatic),98.45,5573.84,No
5712-EPVIN,Male,0,No,Yes,2,Yes,No,DSL,No,No,Yes,No,No,No,Month-to-month,Yes,Bank transfer (automatic),58.53,144.69,No
5988-FIIOW,Male,0,Yes,No,7,Yes,No,Fiber optic,Yes,No,No,No,Yes,No,Two year,No,Credit card (automatic),91.48,672.53,No
2443-GUZYS,Male,0,No,No,2,No,No phone service,Fiber optic,No,No,No,No,Yes,No,Month-to-month,No,Bank transfer (automatic),98.92,329.0,No
1968-CZRAC,Male,0,No,No,64,No,No phone service,DSL,No,No,No,No,Yes,No,Month-to-month,No,Electronic check,73.15,4672.16,No
3398-ORPWT,Male,1,No,No,2,Yes,No,Fiber optic,No,No,No,No,No,No,Two year,No,Electronic check,112.63,271.75,No
2591-MHDYV,Male,0,Yes,No,8,Yes,No,No,No internet service,No internet service,No internet service,No internet service,No internet service,No internet service,Two year,No,Electronic check,36.42,324.65,No
9151-JAKDU,Male,0,Yes,No,37,No,No phone service,DSL,Yes,No,Yes,Yes,Yes,No,Month-to-month,Yes,Electronic check,51.94,1885.34,No
2194-DZFPV,Female,0,No,No,1,Yes,No,DSL,Yes,No,No,No,Yes,Yes,Month-to-month,No,Mailed check,51.8,9.24,No
5263-WLBOL,Female,0,Yes,No,8,Yes,Yes,DSL,No,No,Yes,Yes,No,No,Month-to-month,Yes,Bank transfer (automatic),62.68,534.85,No
8635-ACNWN,Male,0,No,No,7,Yes,No,Fiber optic,Yes,Yes,Yes,No,No,Yes,One year,No,Electronic check,92.68,700.64,No
1838-EQICX,Male,1,Yes,No,2,Yes,No,Fiber optic,No,No,No,Yes,No,No,Month-to-month,No,Bank transfer (automatic),89.25,155.02,Yes
1752-TWOZI,Female,0,Yes,No,58,Yes,No,Fiber optic,No,No,No,No,No,No,Month-to-month,Yes,Electronic check,101.8,5900.73,Yes
4986-QNQGW,Female,0,Yes,No,47,Yes,Yes,Fiber optic,No,Yes,No,No,Yes,No,Month-to-month,Yes,Electronic check,114.73,5392.16,Yes
5925-QJXFB,Male,0,No,No,42,No,No phone service,DSL,Yes,Yes,Yes,No,No,Yes,One year,Yes,Bank transfer (automatic),59.92,2611.68,No
1604-LBRYS,Male,0,Yes,No,8,Yes,No,DSL,Yes,Yes,Yes,Yes,No,No,Two year,Yes,Mailed check,69.56,572.93,No
1980-POAKT,Male,1,No,No,39,Yes,No,DSL,No,No,Yes,No,No,Yes,Month-to-month,No,Mailed check,76.47,2948.5,Yes
9768-YQYQA,Female,1,Yes,Yes,17,No,No phone service,Fiber optic,No,Yes,No,No,Yes,Yes,Two year,Yes,Electronic check,85.85,1466.91,Yes
3029-HHKCP,Male,0,No,Yes,8,Yes,Yes,Fiber optic,Yes,No,No,No,Yes,No,Month-to-month,Yes,Electronic check,98.94,763.01,Yes
2620-YKWEE,Male,0,Yes,No,48,Yes,No,Fiber optic,No,Yes,Yes,No,No,Yes,Two year,Yes,Bank transfer (automatic),86.18,4143.18,No
1209-YQGKA,Male,0,Yes,Yes,27,Yes,No,DSL,No,Yes,No,No,Yes,Yes,Month-to-month,Yes,Bank transfer (automatic),44.72,1178.88,No
9306-ZPHNO,Male,0,No,No,44,Yes,No,Fiber optic,Yes,Yes,Yes,No,No,No,Month-to-month,Yes,Bank transfer (automatic),63.19,2682.23,No
1472-LNKDZ,Male,0,No,No,1,Yes,Yes,Fiber optic,No,Yes,No,Yes,Yes,No,Month-to-month,Yes,Electronic check,82.5,119.26,Yes
5268-QLSRL,Female,1,No,No,9,Yes,Yes,Fiber optic,Yes,Yes,No,No,Yes,No,Month-to-month,Yes,Bank transfer (automatic),92.71,848.73,Yes
7167-IDWWQ,Female,0,No,No,28,Yes,No,Fiber optic,No,No,Yes,No,No,Yes,One year,Yes,Bank transfer (automatic),74.59,1949.59,Yes
1648-EPSRE,Male,0,Yes,No,57,Yes,Yes,Fiber optic,Yes,Yes,Yes,No,Yes,Yes,Two year,No,Bank transfer (automatic),99.11,5695.23,No
3787-GFCGH,Male,0,No,No,34,Yes,No,DSL,Yes,No,Yes,No,No,Yes,One year,Yes,Mailed check,76.22,2578.62,No
6348-WMDCK,Female,0,Yes,No,7,Yes,No,Fiber optic,No,No,Yes,No,No,Yes,Month-to-month,Yes,Electronic check,75.44,536.86,No
4783-APTTQ,Male,0,No,No,38,Yes,Yes,DSL,No,No,Yes,Yes,No,Yes,Month-to-month,No,Electronic check,53.87,2121.81,No
1126-LHJYI,Male,0,No,No,1,Yes,Yes,Fiber optic,No,No,No,No,No,Yes,Month-to-month,No,Mailed check,62.77,59.66,Yes
1587-WMUMP,Male,0,No,Yes,6,Yes,Yes,Fiber optic,No,Yes,No,Yes,Yes,No,Month-to-month,No,Bank transfer (automatic),85.66,531.99,Yes
9178-SQDDU,Female,1,No,No,66,Yes,Yes,Fiber optic,No,No,No,No,Yes,No,Month-to-month,No,Electronic check,66.55,4409.54,Yes
8979-TUWHN,Female,0,No,No,57,No,No phone service,Fiber optic,No,Yes,No,No,No,Yes,Two year,Yes,Electronic check,77.21,4419.34,No
8170-MTHXQ,Female,0,No,No,42,Yes,No,Fiber optic,No,Yes,No,Yes,No,No,One year,Yes,Bank transfer (automatic),87.37,3678.11,No
2823-OOOOC,Female,0,Yes,No,3,Yes,No,Fiber optic,No,No,No,No,No,No,One year,Yes,Electronic check,94.36,267.58,Yes
8285-WERYJ,Male,0,No,No,5,Yes,No,Fiber optic,No,Yes,Yes,No,No,Yes,One year,Yes,Electronic check,84.13,371.01,No
4442-IVAZA,Male,0,No,No,57,Yes,No,Fiber optic,No,No,Yes,Yes,Yes,Yes,Two year,Yes,Electronic check,99.67,5635.17,No
7753-VJDNS,Male,1,Yes,No,62,Yes,No,DSL,Yes,Yes,No,No,Yes,No,Month-to-month,Yes,Mailed check,73.0,4538.29,No
8757-QJSDD,Female,0,No,No,38,Yes,Yes,Fiber optic,No,Yes,No,Yes,Yes,Yes,Two year,Yes,Electronic check,89.32,3447.41,No
9484-AGMXI,Female,0,Yes,No,28,Yes,No,DSL,Yes,Yes,Yes,No,No,No,Two year,Yes,Credit card (automatic),71.45,1960.31,No
2116-ULHBR,Male,0,No,No,65,Yes,Yes,Fiber optic,No,No,Yes,No,Yes,No,Month-to-month,Yes,Mailed check,104.8,6814.03,Yes
7529-BHEID,Female,0,No,No,35,Yes,No,DSL,No,Yes,No,No,No,No,Month-to-month,No,Electronic check,69.93,2408.32,No
3324-FNLWK,Male,0,Yes,No,6,Yes,No,Fiber optic,Yes,No,No,No,No,Yes,Month-to-month,No,Credit card (automatic),100.74,624.97,Yes
7418-EBPXI,Male,0,Yes,No,2,Yes,Yes,Fiber optic,No,No,No,No,No,No,One year,Yes,Credit card (automatic),66.55,180.39,No
6058-DSMLF,Male,0,No,No,44,Yes,No,Fiber optic,No,No,No,No,No,Yes,Month-to-month,Yes,Electronic check,97.37,4331.17,Yes
5489-FDXBL,Female,1,Yes,No,45,Yes,No,DSL,Yes,No,Yes,No,No,No,One year,No,Mailed check,46.36,2085.75,No
5187-CPPYN,Female,0,No,No,8,Yes,No,Fiber optic,No,Yes,Yes,No,No,Yes,Two year,Yes,Bank transfer (automatic),95.71,841.79,No
2441-VVVRR,Male,0,Yes,No,70,Yes,No,No,No internet service,No internet service,No internet service,No internet service,No internet service,No internet service,Month-to-month,Yes,Electronic check,24.76,1713.21,No
2968-JKXFN,Female,0,Yes,No,6,Yes,Yes,DSL,No,No,No,Yes,Yes,No,One year,No,Bank transfer (automatic),69.2,458.84,Yes
5707-HBSHL,Female,0,Yes,No,53,Yes,Yes,DSL,Yes,No,Yes,No,Yes,No,Month-to-month,Yes,Bank transfer (automatic),66.79,3494.57,No
9939-OPULU,Female,0,No,No,38,Yes,Yes,Fiber optic,No,No,No,No,Yes,No,Month-to-month,Yes,Bank transfer (automatic),71.2,2706.24,No
6125-DELVY,Female,1,No,No,31,Yes,No,Fiber optic,No,No,No,No,Yes,Yes,Month-to-month,No,Electronic check,111.78,3536.08,Yes
2564-ZDABZ,Male,0,No,No,5,Yes,Yes,DSL,No,No,No,No,Yes,Yes,Month-to-month,No,Electronic check,74.43,336.99,No
8724-HGENR,Female,0,No,No,50,Yes,Yes,DSL,No,No,No,Yes,No,Yes,Two year,Yes,Credit card (automatic),65.44,3267.07,No
8920-ATIYU,Female,1,No,No,19,No,No phone service,Fiber optic,No,Yes,Yes,Yes,No,Yes,One year,Yes,Mailed check,87.29,1672.83,No
9384-MMCYL,Female,0,Yes,No,37,Yes,No,DSL,No,Yes,No,No,Yes,Yes,Month-to-month,Yes,Bank transfer (automatic),62.72,2313.74,No
9226-GBQSV,Male,0,Yes,No,1,Yes,Yes,Fiber optic,No,No,No,No,No,Yes,Month-to-month,Yes,Credit card (automatic),97.76,123.39,Yes
6166-HYFAS,Female,0,No,No,0,Yes,Yes,DSL,Yes,No,No,No,Yes,Yes,One year,Yes,Credit card (automatic),53.2, ,No
1214-CNXCE,Female,0,Yes,No,64,Yes,Yes,No,No internet service,No internet service,No internet service,No internet service,No internet service,No internet service,Month-to-month,No,Electronic check,26.74,1711.76,No
9476-HEUAA,Male,0,No,No,24,No,No phone service,No,No internet service,No internet service,No internet service,No internet service,No internet service,No internet service,Month-to-month,Yes,Credit card (automatic),18.0,443.95,No
9358-FGQEN,Female,0,No,Yes,57,Yes,Yes,Fiber optic,Yes,No,No,No,Yes,Yes,Two year,Yes,Credit card (automatic),68.41,3972.14,No
7833-TNXCL,Male,0,No,No,39,No,No phone service,Fiber optic,Yes,No,No,No,Yes,No,One year,No,Credit card (automatic),73.74,2918.18,No
1316-ULCSQ,Male,0,No,No,0,Yes,No,No,No internet service,No internet service,No internet service,No internet service,No internet service,No internet service,Two year,No,Electronic check,20.57, ,No
7806-DCYKJ,Male,0,No,No,1,Yes,Yes,Fiber optic,No,Yes,Yes,No,No,No,Month-to-month,Yes,Electronic check,55.03,82.44,Yes
9326-HCOUA,Female,0,No,No,59,No,No phone service,DSL,No,No,No,Yes,Yes,No,Month-to-month,Yes,Bank transfer (automatic),49.41,2862.61,No
9915-WTNUR,Female,0,No,No,41,Yes,No,DSL,No,No,No,No,Yes,No,Two year,No,Bank transfer (automatic),43.01,1869.81,No
2223-HHYMW,Male,0,Yes,Yes,1,Yes,No,Fiber optic,No,No,Yes,No,Yes,No,One year,No,Electronic check,107.25,133.76,No
6851-NNIII,Female,0,No,No,3,Yes,Yes,No,No internet service,No internet service,No internet service,No internet service,No internet service,No internet service,Month-to-month,Yes,Electronic check,18.0,96.61,Yes
2630-WAULV,Male,0,Yes,Yes,3,Yes,Yes,DSL,Yes,Yes,Yes,Yes,No,No,Month-to-month,No,Electronic check,64.91,207.95,Yes
9643-OVZUN,Male,0,No,Yes,4,Yes,No,DSL,No,No,No,No,Yes,Yes,Two year,No,Bank transfer (automatic),51.66,270.1,No
7874-HWQYA,Female,0,No,No,0,Yes,Yes,Fiber optic,No,No,Yes,Yes,Yes,Yes,Month-to-month,No,Bank transfer (automatic),86.79, ,Yes
7252-IZTKF,Female,0,No,No,28,Yes,No,DSL,No,No,Yes,No,Yes,Yes,One year,Yes,Bank transfer (automatic),71.19,1995.82,No
7274-MNSSL,Female,0,Yes,Yes,22,Yes,No,DSL,No,No,No,No,No,Yes,Month-to-month,No,Bank transfer (automatic),73.46,1610.26,No
3976-ISQYE,Female,0,No,No,6,Yes,Yes,Fiber optic,No,No,No,No,Yes,No,Month-to-month,No,Electronic check,88.46,602.03,Yes
9855-JEVMS,Female,0,Yes,No,8,Yes,No,Fiber optic,No,Yes,No,No,No,No,Month-to-month,Yes,Credit card (automatic),104.18,832.1,Yes
1728-GIFOB,Male,0,No,No,47,Yes,No,Fiber optic,Yes,Yes,No,No,Yes,Yes,Month-to-month,Yes,Credit card (automatic),91.69,4288.56,Yes
1143-KAPQB,Male,1,Yes,No,10,Yes,No,DSL,Yes,Yes,Yes,No,No,No,One year,No,Mailed check,67.6,620.77,Yes
7179-GOUEM,Male,0,No,No,2,Yes,Yes,DSL,Yes,No,Yes,No,No,No,Month-to-month,No,Electronic check,58.53,119.09,No
3998-VPQEX,Female,1,No,No,43,Yes,Yes,Fiber optic,No,No,Yes,Yes,Yes,Yes,Two year,Yes,Electronic check,111.48,4759.94,No
5295-SROQY,Female,0,Yes,No,55,Yes,Yes,Fiber optic,No,No,No,No,Yes,Yes,One year,Yes,Electronic check,101.97,5563.07,No
9139-DVITW,Female,0,Yes,No,39,Yes,Yes,No,No internet service,No internet service,No internet service,No internet service,No internet service,No internet service,Month-to-month,Yes,Bank transfer (automatic),28.15,1097.83,No
2219-XINHK,Male,0,Yes,No,47,Yes,No,Fiber optic,No,No,No,Yes,Yes,No,Two year,No,Mailed check,90.57,4201.85,No
6545-WMFFB,Male,0,Yes,No,0,Yes,No,Fiber optic,No,Yes,No,No,Yes,No,One year,Yes,Electronic check,97.59, ,No
7517-GGYRQ,Female,1,Yes,No,34,Yes,Yes,DSL,No,No,Yes,Yes,No,No,Two year,Yes,Electronic check,46.53,1548.46,No
7011-OZGIU,Female,0,Yes,No,59,Yes,Yes,DSL,Yes,Yes,Yes,Yes,No,Yes,Month-to-month,No,Electronic check,74.36,4476.91,No
5343-NQODY,Male,1,Yes,Yes,54,Yes,No,Fiber optic,No,No,No,Yes,No,No,One year,Yes,Mailed check,88.79,4838.65,No
6636-DUXDP,Male,0,Yes,No,52,Yes,Yes,Fiber optic,No,No,Yes,Yes,Yes,Yes,Month-to-month,Yes,Mailed check,91.27,4724.54,Yes
7836-KXMTB,Male,0,No,No,47,Yes,Yes,DSL,No,No,Yes,No,Yes,Yes,Month-to-month,Yes,Credit card (automatic),51.93,2462.6,No
3940-NOXMV,Male,0,Yes,Yes,24,Yes,No,Fiber optic,No,No,No,No,No,Yes,Month-to-month,Yes,Credit card (automatic),92.12,2252.54,No
7808-FNINM,Male,0,Yes,Yes,2,No,No phone service,Fiber optic,No,Yes,No,No,No,No,Month-to-month,No,Bank transfer (automatic),85.51,227.56,Yes
1048-DSMAW,Male,0,No,No,60,No,No phone service,DSL,No,No,No,Yes,Yes,No,Month-to-month,Yes,Mailed check,40.66,2381.27,No
3689-YXUMD,Female,1,Yes,No,58,Yes,No,DSL,No,Yes,Yes,No,No,No,Month-to-month,No,Credit card (automatic),67.2,3917.85,No
8716-GZEFY,Male,0,No,Yes,59,Yes,No,Fiber optic,Yes,No,No,Yes,No,Yes,Month-to-month,Yes,Electronic check,94.84,5586.22,No
4656-ZPYBN,Male,1,No,No,15,No,No phone service,Fiber optic,No,Yes,No,No,No,No,One year,Yes,Mailed check,80.98,1251.29,No
2132-WVGTD,Male,1,No,Yes,24,No,No phone service,DSL,Yes,No,No,No,No,No,Month-to-month,Yes,Credit card (automatic),36.75,840.73,No
9317-IPTPT,Female,0,No,No,9,Yes,No,Fiber optic,Yes,Yes,No,No,No,Yes,One year,No,Credit card (automatic),83.13,736.48,Yes
4803-OAVNC,Male,0,No,No,35,Yes,No,Fiber optic,No,Yes,No,No,Yes,No,Two year,Yes,Mailed check,92.85,3235.1,No
4582-ADUOT,Male,0,No,No,20,Yes,Yes,DSL,No,No,Yes,Yes,No,Yes,Two year,No,Electronic check,50.73,944.76,No
7126-TXIWM,Male,0,No,No,0,Yes,No,Fiber optic,No,Yes,No,Yes,No,Yes,Month-to-month,No,Electronic check,102.88, ,Yes
1131-BEVIP,Female,1,Yes,No,54,Yes,No,DSL,Yes,No,No,No,No,Yes,Month-to-month,Yes,Mailed check,51.91,2789.1,No
5103-TQVEO,Female,1,No,No,64,Yes,No,Fiber optic,No,Yes,No,No,No,Yes,Month-to-month,Yes,Mailed check,95.23,6067.18,No
1492-ZRHXC,Male,1,No,Yes,51,Yes,No,DSL,Yes,Yes,No,Yes,No,Yes,Two year,Yes,Credit card (automatic),60.56,3052.78,No
2997-MLDFQ,Male,0,No,Yes,2,Yes,Yes,DSL,No,Yes,No,Yes,Yes,No,Two year,No,Credit card (automatic),47.48,23.65,No
8065-HDFMY,Male,0,Yes,No,51,Yes,Yes,Fiber optic,No,No,No,No,No,Yes,Two year,Yes,Bank transfer (automatic),81.32,4164.25,No
3256-QDYOJ,Female,0,Yes,Yes,55,Yes,Yes,Fiber optic,No,No,No,No,Yes,Yes,One year,No,Mailed check,97.07,5352.62,Yes
2132-CSWDM,Female,1,No,No,8,Yes,Yes,DSL,Yes,No,No,Yes,Yes,No,Month-to-month,No,Bank transfer (automatic),73.6,552.23,Yes
7479-LVALT,Male,0,Yes,No,13,Yes,No,No,No internet service,No internet service,No internet service,No internet service,No internet service,No internet service,One year,Yes,Credit card (automatic),18.0,202.53,No
8399-HBXTH,Male,0,No,Yes,53,Yes,No,Fiber optic,No,No,Yes,No,Yes,Yes,One year,No,Electronic check,67.61,3577.77,Yes
8906-NIZLB,Female,0,Yes,No,9,Yes,Yes,Fiber optic,No,Yes,Yes,No,No,No,One year,No,Electronic check,65.99,624.58,Yes
2387-SQEYN,Female,0,Yes,No,30,Yes,No,DSL,Yes,No,Yes,No,No,Yes,Two year,Yes,Electronic check,69.37,2103.23,No
5278-EBERZ,Male,0,Yes,No,0,Yes,No,DSL,No,No,Yes,No,Yes,No,Month-to-month,Yes,Mailed check,63.51, ,Yes
7039-CLZJG,Male,0,No,Yes,9,Yes,No,No,No internet service,No internet service,No internet service,No internet service,No internet service,No internet service,Month-to-month,No,Mailed check,22.65,184.28,No
2395-QEUCQ,Male,1,No,No,0,Yes,No,DSL,Yes,Yes,No,No,Yes,No,Month-to-month,No,Electronic check,43.32, ,Yes
4350-NNKKK,Female,0,No,No,50,Yes,Yes,Fiber optic,No,Yes,Yes,Yes,Yes,No,Month-to-month,Yes,Mailed check,71.93,3625.03,No
2441-SQNIY,Female,0,No,No,68,Yes,No,No,No internet service,No internet service,No internet service,No internet service,No internet service,No internet service,Month-to-month,Yes,Bank transfer (automatic),18.0,1177.45,No
2476-RVTHR,Female,0,No,No,16,No,No phone service,DSL,Yes,No,No,Yes,Yes,Yes,Two year,Yes,Electronic check,55.86,943.18,No
4711-JDUVV,Female,0,No,No,12,Yes,No,Fiber optic,No,Yes,Yes,No,Yes,No,Month-to-month,Yes,Bank transfer (automatic),94.84,1064.99,Yes
2265-VVIIY,Male,0,Yes,Yes,56,Yes,No,Fiber optic,No,No,No,No,Yes,No,One year,Yes,Bank transfer (automatic),105.95,5970.05,No
8089-DUMYQ,Male,0,No,No,1,Yes,Yes,No,No internet service,No internet service,No internet service,No internet service,No internet service,No internet service,One year,No,Credit card (automatic),39.2,48.46,No
7234-GSHYB,Male,0,No,Yes,15,Yes,Yes,Fiber optic,No,No,Yes,Yes,No,Yes,One year,Yes,Bank transfer (automatic),94.71,1416.83,No
1378-QXQTJ,Female,0,Yes,No,0,Yes,No,No,No internet service,No internet service,No internet service,No internet service,No internet service,No internet service,Month-to-month,No,Mailed check,22.31, ,No
7674-TSCHN,Female,0,No,Yes,5,Yes,Yes,Fiber optic,No,No,No,No,No,No,One year,No,Electronic check,103.72,524.44,Yes
7796-LQCGC,Male,0,Yes,No,19,Yes,Yes,DSL,Yes,No,No,No,No,No,Two year,Yes,Credit card (automatic),64.28,1206.8,No
1945-YYYHL,Male,0,No,No,39,Yes,No,Fiber optic,No,No,No,No,No,Yes,Month-to-month,Yes,Mailed check,62.05,2492.69,No
9051-WRLAO,Female,0,No,No,50,Yes,No,DSL,Yes,Yes,Yes,No,No,No,Month-to-month,Yes,Credit card (automatic),71.11,3664.94,No
6896-JBQLQ,Female,0,Yes,No,68,Yes,No,DSL,No,No,Yes,No,No,No,Month-to-month,No,Bank transfer (automatic),74.01,4935.36,No
7430-SCFMC,Female,0,No,No,57,Yes,Yes,Fiber optic,Yes,Yes,Yes,Yes,Yes,Yes,Month-to-month,Yes,Mailed check,95.55,5460.39,No
5347-JTSWN,Male,0,No,No,1,Yes,Yes,DSL,No,No,Yes,No,No,No,Month-to-month,Yes,Electronic check,56.54,66.45,No
9340-XPEUY,Female,0,No,No,49,Yes,Yes,Fiber optic,No,No,No,No,Yes,No,Month-to-month,Yes,Electronic check,113.98,5544.82,Yes
9851-BZDJX,Female,0,No,No,53,Yes,Yes,Fiber optic,Yes,No,No,Yes,No,Yes,Month-to-month,Yes,Mailed check,82.08,4525.84,No
3650-YWXRH,Female,0,Yes,No,64,Yes,Yes,No,No internet service,No internet service,No internet service,No internet service,No internet service,No internet service,Two year,No,Credit card (automatic),39.63,2539.1,No
3979-GDSIY,Female,0,Yes,No,62,Yes,No,DSL,No,Yes,No,Yes,No,Yes,One year,No,Electronic check,80.04,4909.46,No
6408-BUFYR,Female,0,Yes,Yes,39,Yes,Yes,Fiber optic,No,No,No,No,Yes,No,One year,Yes,Electronic check,84.56,3296.37,No
1023-AOZVM,Female,0,Yes,Yes,11,Yes,Yes,Fiber optic,Yes,No,No,No,No,No,Month-to-month,No,Electronic check,80.55,976.55,Yes
6042-BPJRQ,Female,0,Yes,Yes,18,Yes,No,Fiber optic,No,Yes,Yes,Yes,Yes,No,Month-to-month,Yes,Electronic check,92.48,1755.66,Yes
2621-NQHIX,Male,0,No,No,37,Yes,No,Fiber optic,No,No,No,No,Yes,No,Month-to-month,No,Electronic check,97.36,3749.55,Yes
8529-BKVKW,Male,0,Yes,No,26,Yes,No,DSL,No,Yes,Yes,Yes,No,Yes,Two year,No,Credit card (automatic),60.89,1633.36,No
1670-QPHSO,Female,0,No,Yes,2,Yes,Yes,DSL,No,No,Yes,Yes,No,No,Month-to-month,Yes,Bank transfer (automatic),67.97,49.67,No
4532-UBSZV,Female,0,Yes,Yes,8,Yes,Yes,DSL,Yes,No,No,No,No,Yes,One year,No,Bank transfer (automatic),71.89,539.18,Yes
6355-QSFMB,Male,1,Yes,Yes,7,Yes,No,Fiber optic,No,Yes,No,Yes,No,Yes,Two year,Yes,Mailed check,95.5,650.61,No
4698-SFIXI,Male,0,No,No,1,Yes,No,Fiber optic,Yes,No,No,No,Yes,No,Two year,No,Electronic check,93.81,93.05,No
7417-ENVWC,Female,0,No,Yes,7,Yes,Yes,DSL,Yes,No,No,Yes,Yes,No,Month-to-month,No,Credit card (automatic),61.34,371.45,No
1632-OIAOH,Female,0,No,No,3,Yes,No,No,No internet service,No internet service,No internet service,No internet service,No internet service,No internet service,Month-to-month,No,Mailed check,22.91,5.19,No
6684-RQBYP,Female,0,Yes,No,9,Yes,No,Fiber optic,No,Yes,No,Yes,No,Yes,Month-to-month,No,Electronic check,75.18,652.19,No
4715-XTFQX,Male,0,No,No,57,Yes,Yes,No,No internet service,No internet service,No internet service,No internet service,No internet service,No internet service,Two year,No,Electronic check,18.88,1091.6,No
2385-CYLOA,Female,0,Yes,No,61,Yes,No,Fiber optic,No,No,No,Yes,Yes,No,Month-to-month,No,Bank transfer (automatic),104.95,6492.46,No
5003-KJFVA,Female,0,No,No,57,Yes,Yes,Fiber optic,No,Yes,No,No,No,No,One year,No,Bank transfer (automatic),80.42,4647.64,No
5268-XFRQM,Male,1,No,No,5,Yes,Yes,DSL,Yes,Yes,Yes,Yes,No,Yes,Month-to-month,No,Credit card (automatic),65.53,350.79,No
3042-HIXDD,Male,1,Yes,No,9,Yes,Yes,No,No internet service,No internet service,No internet service,No internet service,No internet service,No internet service,Month-to-month,No,Mailed check,39.44,338.05,Yes
6008-CGIED,Female,0,No,No,45,Yes,Yes,DSL,No,No,Yes,No,Yes,Yes,Month-to-month,Yes,Electronic check,48.47,2185.65,Yes
9495-HRPOC,Male,1,No,No,46,Yes,Yes,DSL,No,No,No,No,Yes,No,One year,Yes,Electronic check,65.48,3031.95,No
8213-URXLW,Female,1,Yes,No,66,No,No phone service,Fiber optic,Yes,Yes,Yes,Yes,Yes,No,Month-to-month,Yes,Mailed check,78.92,5159.48,No
2465-XWYXB,Female,0,Yes,Yes,34,Yes,No,DSL,Yes,No,Yes,No,No,Yes,Month-to-month,No,Bank transfer (automatic),45.72,1486.67,No
8526-BKIAN,Female,0,No,No,2,Yes,Yes,No,No internet service,No internet service,No internet service,No internet service,No internet service,No internet service,Month-to-month,Yes,Mailed check,35.83,49.02,No
8582-WLAXK,Male,0,Yes,No,6,Yes,Yes,DSL,Yes,No,Yes,Yes,No,No,Two year,Yes,Electronic check,60.19,349.53,No
6965-PMLJG,Female,0,Yes,No,49,Yes,No,DSL,No,No,Yes,Yes,No,No,Month-to-month,No,Mailed check,60.44,2916.22,No
7541-EKBND,Male,0,Yes,No,44,Yes,Yes,DSL,No,No,Yes,Yes,No,Yes,One year,Yes,Bank transfer (automatic),60.25,2663.02,No
7220-ZBEYG,Female,0,No,No,7,No,No phone service,DSL,No,No,Yes,Yes,No,Yes,Month-to-month,Yes,Bank transfer (automatic),60.62,419.32,No
5596-JSZYU,Male,0,Yes,No,0,Yes,Yes,No,No internet service,No internet service,No internet service,No internet service,No internet service,No internet service,Month-to-month,Yes,Bank transfer (automatic),18.0, ,No
1475-XYILY,Female,0,No,No,66,No,No phone service,No,No internet service,No internet service,No internet service,No internet service,No internet service,No internet service,Two year,No,Mailed check,18.0,1148.1,No
1905-IZKUX,Female,0,No,No,5,Yes,No,No,No internet service,No internet service,No internet service,No internet service,No internet service,No internet service,Month-to-month,No,Credit card (automatic),18.0,172.24,Yes
8275-JDURA,Male,0,Yes,No,64,Yes,No,No,No internet service,No internet service,No internet service,No internet service,No internet service,No internet service,One year,No,Mailed check,26.02,1715.29,No
5709-YRATH,Male,1,Yes,No,15,Yes,No,DSL,Yes,Yes,No,No,Yes,No,Month-to-month,No,Credit card (automatic),80.67,1186.83,Yes
5843-WCWLA,Female,1,No,No,24,Yes,No,Fiber optic,Yes,No,No,No,No,Yes,Month-to-month,No,Credit card (automatic),102.05,2425.41,No
1012-IOZZB,Male,0,Yes,Yes,7,Yes,No,Fiber optic,No,No,No,No,No,Yes,Month-to-month,Yes,Credit card (automatic),76.27,574.62,Yes
8380-IXDGI,Male,0,Yes,No,6,Yes,No,Fiber optic,No,Yes,Yes,Yes,Yes,Yes,Month-to-month,Yes,Credit card (automatic),91.87,592.01,Yes
3218-HDBSQ,Male,1,Yes,Yes,35,Yes,Yes,No,No internet service,No internet service,No internet service,No internet service,No internet service,No internet service,Month-to-month,Yes,Mailed check,18.0,565.4,Yes
8469-KEMYL,Female,0,No,No,20,Yes,Yes,DSL,Yes,No,No,No,Yes,No,Two year,Yes,Credit card (automatic),58.84,1127.36,No
3756-HZDSK,Female,1,No,No,51,Yes,Yes,Fiber optic,No,Yes,No,No,No,Yes,Month-to-month,Yes,Electronic check,92.38,4693.32,Yes
5427-NOELR,Male,0,No,No,54,Yes,Yes,Fiber optic,Yes,Yes,Yes,No,Yes,No,One year,No,Bank transfer (automatic),63.14,3418.68,No
6559-AAADC,Female,0,Yes,No,0,Yes,No,No,No internet service,No internet service,No internet service,No internet service,No internet service,No internet service,Month-to-month,No,Bank transfer (automatic),26.6, ,No
1744-LATYS,Male,0,Yes,No,44,No,No phone service,No,No internet service,No internet service,No internet service,No internet service,No internet service,No internet service,Month-to-month,Yes,Mailed check,18.0,850.26,No
2610-QOBPI,Male,0,No,No,7,No,No phone service,No,No internet service,No internet service,No internet service,No internet service,No internet service,No internet service,Month-to-month,Yes,Mailed check,27.76,235.53,No
6087-OJVKJ,Male,0,Yes,Yes,12,Yes,Yes,Fiber optic,Yes,No,No,No,No,No,Month-to-month,No,Electronic check,104.03,1162.71,Yes
7032-JOFVH,Male,0,No,Yes,1,Yes,No,No,No internet service,No internet service,No internet service,No internet service,No internet service,No internet service,Month-to-month,Yes,Mailed check,25.96,87.76,Yes
7336-JZRIA,Male,1,No,Yes,30,Yes,Yes,No,No internet service,No internet service,No internet service,No internet service,No internet service,No internet service,Month-to-month,Yes,Credit card (automatic),18.0,587.38,No
1700-ISXRV,Female,0,Yes,No,1,Yes,No,DSL,Yes,No,Yes,No,No,Yes,Two year,Yes,Electronic check,78.46,134.48,No
3395-MKGGE,Male,0,No,No,38,Yes,No,No,No internet service,No internet service,No internet service,No internet service,No internet service,No internet service,One year,Yes,Credit card (automatic),18.0,702.77,No
2553-PTRAN,Female,0,No,Yes,0,Yes,No,Fiber optic,No,No,No,No,No,No,Month-to-month,Yes,Mailed check,82.6, ,Yes
8863-RNVHB,Male,0,No,No,12,Yes,Yes,DSL,No,No,Yes,Yes,No,No,One year,No,Mailed check,59.66,724.46,No
3768-PJZFY,Male,0,Yes,No,4,Yes,No,Fiber optic,No,No,No,No,Yes,Yes,Two year,Yes,Credit card (automatic),81.27,409.24,Yes
1660-BGZPT,Male,0,No,No,2,Yes,No,Fiber optic,No,No,No,Yes,No,Yes,Month-to-month,Yes,Bank transfer (automatic),66.85,155.41,Yes
4352-CTNQM,Female,0,Yes,No,12,Yes,No,Fiber optic,No,No,Yes,Yes,No,Yes,Month-to-month,No,Bank transfer (automatic),75.07,876.77,No
1480-VDBGJ,Female,0,No,No,2,Yes,Yes,Fiber optic,Yes,Yes,Yes,No,Yes,No,Month-to-month,Yes,Electronic check,101.89,247.75,Yes
7293-TIRMJ,Male,0,Yes,Yes,0,Yes,Yes,Fiber optic,Yes,No,Yes,No,Yes,No,Two year,No,Mailed check,69.68, ,No
1176-TNJDT,Male,0,Yes,No,53,Yes,No,Fiber optic,No,Yes,Yes,No,Yes,Yes,Two year,No,Credit card (automatic),101.52,5329.02,No
9937-KVZTH,Male,0,No,No,3,Yes,Yes,DSL,Yes,No,No,Yes,Yes,No,Month-to-month,Yes,Bank transfer (automatic),47.48,120.49,No
9266-SBKEJ,Female,0,No,No,32,Yes,No,Fiber optic,Yes,No,Yes,No,No,Yes,Month-to-month,Yes,Bank transfer (automatic),64.9,1982.43,Yes
4117-YSPIE,Male,0,Yes,Yes,25,Yes,No,Fiber optic,No,Yes,Yes,No,No,Yes,One year,Yes,Bank transfer (automatic),90.68,2306.81,No
7981-UUVSZ,Female,0,No,No,40,Yes,Yes,No,No internet service,No internet service,No internet service,No internet service,No internet service,No internet service,Two year,No,Electronic check,42.05,1732.32,No
5481-FBZVE,Male,1,Yes,No,12,Yes,Yes,Fiber optic,No,Yes,No,No,No,No,Month-to-month,Yes,Bank transfer (automatic),71.89,792.0,Yes
5188-MUYAQ,Male,0,No,No,1,Yes,No,No,No internet service,No internet service,No internet service,No internet service,No internet service,No internet service,Month-to-month,No,Electronic check,26.05,17.29,Yes
8980-WOJRV,Female,0,No,Yes,2,Yes,Yes,Fiber optic,No,No,Yes,No,Yes,No,Month-to-month,Yes,Bank transfer (automatic),71.75,71.37,Yes
3972-LLAGJ,Male,0,Yes,No,0,Yes,No,Fiber optic,No,Yes,Yes,Yes,Yes,Yes,Month-to-month,Yes,Electronic check,81.82, ,No
3174-FSYCL,Male,0,No,No,60,Yes,Yes,DSL,No,Yes,No,No,No,Yes,Two year,Yes,Electronic check,45.87,2695.71,No
3181-MWSWX,Female,0,No,No,70,Yes,No,Fiber optic,No,Yes,No,Yes,No,No,One year,Yes,Electronic check,102.58,7199.04,No
8576-VNQTE,Male,0,No,No,6,Yes,Yes,Fiber optic,Yes,Yes,No,Yes,No,No,Month-to-month,Yes,Electronic check,96.36,584.51,Yes
2013-QWTWG,Male,0,No,No,20,Yes,Yes,Fiber optic,Yes,No,No,No,Yes,No,Month-to-month,Yes,Electronic check,94.28,1868.07,Yes
1049-WBJQY,Male,0,No,No,41,Yes,Yes,No,No internet service,No internet service,No internet service,No internet service,No internet service,No internet service,One year,Yes,Credit card (automatic),27.66,1057.24,No
4829-YQCAP,Male,1,No,No,11,Yes,Yes,No,No internet service,No internet service,No internet service,No internet service,No internet service,No internet service,Month-to-month,No,Mailed check,35.22,331.86,No
3062-AOVWR,Female,0,Yes,No,62,Yes,No,Fiber optic,No,No,Yes,No,Yes,No,Month-to-month,Yes,Bank transfer (automatic),89.23,5507.69,No
5595-FOBZD,Male,0,No,No,25,No,No phone service,DSL,No,Yes,Yes,No,No,No,One year,Yes,Bank transfer (automatic),46.99,1187.58,No
2076-YTNDK,Female,0,Yes,No,65,Yes,Yes,No,No internet service,No internet service,No internet service,No internet service,No internet service,No internet service,Month-to-month,Yes,Electronic check,20.77,1369.54,No
9186-JFWBF,Female,0,Yes,Yes,23,Yes,No,DSL,No,Yes,Yes,No,No,No,Month-to-month,Yes,Mailed check,50.06,1198.9,Yes
9603-DEMHJ,Female,0,Yes,No,11,Yes,Yes,Fiber optic,No,No,No,No,No,No,Month-to-month,Yes,Credit card (automatic),94.84,1061.76,Yes
5330-TUMOS,Female,0,No,No,52,Yes,No,DSL,Yes,Yes,No,Yes,No,No,Month-to-month,Yes,Credit card (automatic),59.24,3107.8,No
6428-FPWFJ,Female,0,Yes,No,24,Yes,Yes,Fiber optic,No,No,No,No,No,Yes,Month-to-month,Yes,Bank transfer (automatic),86.46,2115.27,Yes
6214-KEWJE,Female,0,Yes,No,27,Yes,No,Fiber optic,No,No,No,No,No,No,Two year,Yes,Credit card (automatic),66.36,1711.07,No
7077-OPMOX,Male,0,Yes,No,59,Yes,Yes,No,No internet service,No internet service,No internet service,No internet service,No internet service,No internet service,Two year,Yes,Electronic check,28.32,1747.3,No
6000-AXJEW,Male,0,Yes,No,24,Yes,No,Fiber optic,Yes,No,Yes,No,No,Yes,Two year,Yes,Electronic check,107.83,2598.07,No
3066-FTKNK,Female,0,No,Yes,2,Yes,No,Fiber optic,Yes,No,No,No,No,No,Two year,No,Electronic check,100.71,193.02,No
1789-VAKJG,Male,0,Yes,Yes,39,Yes,Yes,Fiber optic,No,No,No,No,No,Yes,Month-to-month,No,Electronic check,87.27,3466.04,Yes
1704-ONRZW,Female,0,Yes,Yes,10,Yes,No,Fiber optic,No,Yes,No,No,No,Yes,Month-to-month,Yes,Bank transfer (automatic),100.19,1073.35,No
7632-BHNLP,Male,1,No,No,34,Yes,No,Fiber optic,No,Yes,Yes,No,Yes,No,Month-to-month,No,Credit card (automatic),69.82,2503.1,No
6891-UGVKR,Female,0,Yes,Yes,8,No,No phone service,DSL,No,No,Yes,No,No,No,One year,Yes,Credit card (automatic),54.04,319.98,No
4433-EYKJC,Male,1,No,Yes,51,Yes,Yes,Fiber optic,Yes,No,No,Yes,No,Yes,Month-to-month,Yes,Mailed check,69.29,3591.42,No
8813-NYUNY,Female,0,No,No,68,Yes,Yes,No,No internet service,No internet service,No internet service,No internet service,No internet service,No internet service,One year,Yes,Electronic check,20.32,1390.07,No
6285-LAJFO,Male,0,No,No,2,Yes,No,Fiber optic,No,Yes,Yes,No,Yes,No,Month-to-month,No,Electronic check,68.1,244.9,Yes
2926-EMHFF,Male,0,Yes,Yes,2,No,No phone service,No,No internet service,No internet service,No internet service,No internet service,No internet service,No internet service,Two year,Yes,Mailed check,18.0,0.0,No
7464-HBEZG,Female,0,No,No,67,Yes,No,No,No internet service,No internet service,No internet service,No internet service,No internet service,No internet service,One year,Yes,Bank transfer (automatic),25.61,1628.61,No
5483-AXQQC,Female,0,No,Yes,62,Yes,No,No,No internet service,No internet service,No internet service,No internet service,No internet service,No internet service,Month-to-month,Yes,Mailed check,18.0,1111.23,No
6356-KLGNC,Female,0,No,Yes,2,Yes,Yes,No,No internet service,No internet service,No internet service,No internet service,No internet service,No internet service,Month-to-month,No,Mailed check,18.0,0.0,No
4718-YAKAQ,Female,0,Yes,No,0,Yes,No,Fiber optic,No,No,No,Yes,Yes,Yes,Month-to-month,Yes,Bank transfer (automatic),68.79, ,No
9246-VOAYQ,Male,1,No,No,43,Yes,Yes,No,No internet service,No internet service,No internet service,No internet service,No internet service,No internet service,Month-to-month,Yes,Electronic check,20.26,730.1,No
1693-HFGGE,Female,0,No,No,40,Yes,No,Fiber optic,No,No,No,Yes,No,No,Month-to-month,Yes,Bank transfer (automatic),83.49,3350.91,No
4815-MKEEH,Male,0,No,No,24,Yes,No,DSL,Yes,No,No,Yes,Yes,No,One year,No,Bank transfer (automatic),59.94,1431.5,No
3356-SZZLQ,Female,0,No,No,3,Yes,No,No,No internet service,No internet service,No internet service,No internet service,No internet service,No internet service,Month-to-month,Yes,Electronic check,18.0,92.29,No
9938-EGQPG,Male,0,No,No,66,Yes,Yes,DSL,No,Yes,No,Yes,Yes,No,Month-to-month,Yes,Credit card (automatic),71.26,4713.54,No
1357-HVYOD,Male,0,No,No,2,Yes,No,Fiber optic,Yes,No,Yes,No,Yes,Yes,Two year,Yes,Mailed check,82.46,160.48,No
9662-MZPYS,Female,0,Yes,No,67,Yes,No,No,No internet service,No internet service,No internet service,No internet service,No internet service,No internet service,Month-to-month,No,Electronic check,34.11,2228.99,No
6961-DQEQD,Female,1,Yes,No,28,Yes,No,No,No internet service,No internet service,No internet service,No internet service,No internet service,No internet service,Two year,Yes,Credit card (automatic),26.04,760.36,No
6314-EMWXP,Male,0,No,Yes,45,Yes,No,DSL,No,Yes,No,Yes,Yes,No,One year,Yes,Credit card (automatic),49.81,2222.48,No
1521-HCFKC,Female,0,Yes,Yes,10,Yes,Yes,DSL,No,No,No,Yes,No,Yes,One year,Yes,Bank transfer (automatic),51.61,619.33,No
1121-ACBRN,Female,0,No,Yes,10,Yes,Yes,Fiber optic,No,No,No,Yes,Yes,Yes,Month-to-month,Yes,Electronic check,88.9,885.25,Yes
9897-RGDRS,Male,0,No,No,59,Yes,No,Fiber optic,No,No,No,No,Yes,Yes,Month-to-month,No,Electronic check,96.96,5782.92,No
3913-TSKOP,Female,0,No,No,41,Yes,No,Fiber optic,No,No,Yes,No,No,Yes,Month-to-month,Yes,Mailed check,96.59,3955.51,No
2420-YUHCC,Male,0,Yes,Yes,63,Yes,No,Fiber optic,No,Yes,Yes,No,No,Yes,Two year,No,Electronic check,96.63,6152.17,No
6974-CNJEB,Male,0,No,Yes,54,No,No phone service,DSL,No,No,Yes,No,Yes,Yes,One year,Yes,Electronic check,44.19,2401.92,No
1176-POSUC,Female,1,No,No,63,Yes,Yes,Fiber optic,No,No,Yes,No,No,Yes,One year,Yes,Bank transfer (automatic),100.2,6301.5,No
1697-NHTRR,Male,0,No,No,50,Yes,Yes,Fiber optic,No,Yes,Yes,Yes,No,No,Month-to-month,No,Bank transfer (automatic),69.65,3459.5,No
1011-DANTE,Male,0,No,Yes,0,Yes,Yes,Fiber optic,No,No,No,No,Yes,No,Two year,Yes,Credit card (automatic),79.39, ,No
2533-OIGPR,Female,0,Yes,No,49,Yes,Yes,No,No internet service,No internet service,No internet service,No internet service,No internet service,No internet service,Month-to-month,No,Electronic check,30.46,1499.6,No
5200-CGLOQ,Male,0,No,No,2,Yes,Yes,Fiber optic,Yes,No,No,No,Yes,No,Two year,Yes,Mailed check,72.64,135.7,Yes
4255-UQWBB,Female,1,Yes,No,57,Yes,Yes,DSL,Yes,No,No,No,No,Yes,Month-to-month,Yes,Electronic check,57.66,3304.76,No
6452-MAPWH,Female,0,No,No,6,Yes,No,DSL,No,No,Yes,Yes,No,No,One year,Yes,Electronic check,57.84,309.36,No
2847-UOTKY,Male,0,Yes,No,61,Yes,Yes,Fiber optic,Yes,No,No,No,No,Yes,Month-to-month,No,Electronic check,85.02,5092.96,No
7150-KOYEV,Female,0,Yes,No,2,Yes,No,Fiber optic,No,Yes,No,No,Yes,No,Two year,No,Credit card (automatic),102.49,211.06,Yes
7081-IGYVH,Male,0,Yes,No,5,Yes,Yes,No,No internet service,No internet service,No internet service,No internet service,No internet service,No internet service,Month-to-month,Yes,Electronic check,44.33,232.52,No
4073-VWFDO,Female,0,Yes,No,55,No,No phone service,Fiber optic,No,No,Yes,Yes,No,No,Two year,Yes,Bank transfer (automatic),100.93,5651.05,No
8511-IKZKJ,Male,0,No,No,53,Yes,No,Fiber optic,Yes,No,No,No,No,Yes,Month-to-month,No,Mailed check,59.24,3123.69,No
1825-PFBDN,Female,0,No,No,59,Yes,Yes,No,No internet service,No internet service,No internet service,No internet service,No internet service,No internet service,Month-to-month,No,Mailed check,37.89,2349.09,No
8807-OBQZY,Male,0,Yes,No,4,No,No phone service,Fiber optic,Yes,Yes,No,No,Yes,No,Month-to-month,No,Credit card (automatic),106.79,362.85,No
4117-MBDWB,Female,0,Yes,Yes,46,Yes,No,No,No internet service,No internet service,No internet service,No internet service,No internet service,No internet service,Two year,No,Bank transfer (automatic),19.51,986.44,No
3499-CWANZ,Male,0,No,Yes,70,Yes,No,Fiber optic,Yes,No,No,No,No,Yes,Month-to-month,Yes,Bank transfer (automatic),89.17,6177.0,No
7409-EPUTH,Male,0,Yes,No,2,Yes,No,No,No internet service,No internet service,No internet service,No internet service,No internet service,No internet service,Month-to-month,Yes,Credit card (automatic),25.21,120.55,No
4716-PBCKY,Male,0,Yes,Yes,41,Yes,No,Fiber optic,No,Yes,Yes,No,Yes,Yes,Month-to-month,No,Mailed check,62.99,2581.33,No
7780-GXTWH,Female,0,Yes,No,3,Yes,No,DSL,No,No,Yes,Yes,No,Yes,Month-to-month,No,Mailed check,70.17,121.02,No
2091-GAEFE,Female,1,No,No,34,Yes,No,Fiber optic,No,No,No,Yes,Yes,No,Two year,Yes,Electronic check,67.87,2249.33,No
9492-OHCGI,Male,0,No,No,2,Yes,No,Fiber optic,No,Yes,No,No,Yes,No,Month-to-month,Yes,Credit card (automatic),65.59,130.38,No
8034-WNNXN,Male,0,Yes,Yes,45,Yes,No,No,No internet service,No internet service,No internet service,No internet service,No internet service,No internet service,Two year,Yes,Mailed check,18.88,871.22,No
8262-AOWIC,Male,0,No,No,25,Yes,No,DSL,Yes,Yes,No,Yes,No,No,Month-to-month,No,Bank transfer (automatic),60.34,1494.16,No
9342-TKMBE,Male,0,No,Yes,55,Yes,No,Fiber optic,No,Yes,Yes,Yes,No,Yes,Month-to-month,Yes,Electronic check,84.13,4604.65,Yes
6689-QAGLW,Female,0,No,Yes,5,Yes,No,DSL,No,No,No,Yes,Yes,No,One year,Yes,Electronic check,45.6,101.01,No
5920-UDSYT,Female,0,No,No,1,Yes,No,Fiber optic,Yes,Yes,Yes,Yes,Yes,Yes,One year,Yes,Credit card (automatic),78.97,83.07,Yes
5213-BFNDR,Female,0,No,Yes,20,Yes,Yes,DSL,No,No,No,Yes,No,Yes,Two year,No,Bank transfer (automatic),65.01,1338.33,No
3312-VMGDI,Male,0,No,No,66,Yes,No,No,No internet service,No internet service,No internet service,No internet service,No internet service,No internet service,Month-to-month,No,Mailed check,31.78,2099.13,No
8044-CZVQQ,Male,0,No,No,26,Yes,No,No,No internet service,No internet service,No internet service,No internet service,No internet service,No internet service,Two year,No,Mailed check,26.04,731.27,No
6059-FAATM,Female,0,Yes,No,19,Yes,No,Fiber optic,No,Yes,No,No,No,Yes,Month-to-month,Yes,Bank transfer (automatic),107.35,2120.42,Yes
6120-ALYSI,Male,0,No,No,0,Yes,No,DSL,No,No,Yes,Yes,Yes,No,Month-to-month,No,Electronic check,65.66, ,Yes
7577-SPFNH,Female,0,No,No,11,Yes,No,No,No internet service,No internet service,No internet service,No internet service,No internet service,No internet service,Month-to-month,No,Bank transfer (automatic),34.4,380.65,No
6699-TUMBB,Male,1,Yes,No,67,Yes,No,DSL,Yes,Yes,No,No,No,No,Month-to-month,Yes,Mailed check,54.28,3584.62,No
1562-RVHPI,Male,0,Yes,No,0,Yes,Yes,DSL,No,No,Yes,Yes,Yes,Yes,Month-to-month,No,Mailed check,49.98, ,Yes
1966-TKGFF,Female,0,Yes,No,43,Yes,No,DSL,No,Yes,No,No,No,No,Month-to-month,No,Bank transfer (automatic),59.0,2571.35,No
4981-FMBYG,Male,1,Yes,Yes,47,Yes,No,DSL,No,No,No,No,No,Yes,One year,Yes,Mailed check,67.76,3229.13,No
2007-FYFUE,Female,0,Yes,Yes,0,Yes,Yes,DSL,Yes,Yes,Yes,Yes,No,Yes,Month-to-month,Yes,Bank transfer (automatic),51.57, ,No
7560-IPIPZ,Male,0,Yes,Yes,4,Yes,Yes,DSL,Yes,No,No,No,No,No,Month-to-month,Yes,Mailed check,63.79,266.19,No
5212-WEYWS,Male,0,Yes,Yes,30,Yes,Yes,DSL,Yes,No,Yes,No,No,Yes,Month-to-month,No,Electronic check,64.81,2028.04,No
5878-DIXXS,Male,0,No,Yes,68,Yes,No,No,No internet service,No internet service,No internet service,No internet service,No internet service,No internet service,One year,Yes,Bank transfer (automatic),20.0,1335.75,No
3881-IOGBJ,Male,0,Yes,No,0,Yes,No,No,No internet service,No internet service,No internet service,No internet service,No internet service,No internet service,One year,No,Credit card (automatic),24.96, ,Yes
9002-WASTW,Female,0,Yes,Yes,6,Yes,No,No,No internet service,No internet service,No internet service,No internet service,No internet service,No internet service,Month-to-month,No,Electronic check,18.18,72.8,No
7195-GGFFB,Male,0,Yes,Yes,34,Yes,No,No,No internet service,No internet service,No internet service,No internet service,No internet service,No internet service,Two year,Yes,Mailed check,25.91,874.6,No
2409-NCVVT,Female,1,Yes,No,2,Yes,No,Fiber optic,No,Yes,No,No,No,No,Month-to-month,Yes,Electronic check,83.61,138.43,Yes
5030-DSINT,Female,0,Yes,No,0,Yes,Yes,Fiber optic,No,No,Yes,No,No,No,Month-to-month,No,Mailed check,81.97, ,Yes
8109-NIUPR,Male,0,No,Yes,8,Yes,No,No,No internet service,No internet service,No internet service,No internet service,No internet service,No internet service,Month-to-month,No,Electronic check,28.25,339.66,No
8382-ILSKU,Male,0,Yes,Yes,2,Yes,No,DSL,Yes,Yes,Yes,No,Yes,No,Month-to-month,No,Credit card (automatic),64.9,138.38,No
9461-FSDRO,Male,0,Yes,No,37,Yes,No,Fiber optic,No,No,No,No,No,Yes,Month-to-month,No,Mailed check,72.9,2605.4,Yes
9855-UOSCK,Female,0,No,No,48,No,No phone service,DSL,No,Yes,Yes,No,Yes,No,One year,Yes,Credit card (automatic),67.53,3255.81,No
5435-VZRCY,Female,0,No,No,61,Yes,No,DSL,No,Yes,Yes,Yes,No,Yes,Two year,Yes,Mailed check,56.55,3475.69,No
5369-LXHHI,Male,0,Yes,No,56,Yes,No,Fiber optic,Yes,Yes,No,No,No,No,Month-to-month,No,Bank transfer (automatic),98.06,5513.45,No
3674-ZGSRC,Female,1,Yes,No,8,No,No phone service,No,No internet service,No internet service,No internet service,No internet service,No internet service,No internet service,Month-to-month,No,Electronic check,30.05,165.59,Yes
5063-VRKLU,Male,0,No,No,1,No,No phone service,No,No internet service,No internet service,No internet service,No internet service,No internet service,No internet service,Two year,No,Bank transfer (automatic),19.59,52.71,No
9287-ZOZBB,Male,0,Yes,Yes,6,Yes,No,DSL,No,Yes,No,Yes,No,No,Month-to-month,No,Credit card (automatic),52.64,362.39,Yes
2886-RCKZG,Male,0,Yes,No,43,Yes,No,DSL,Yes,Yes,No,No,Yes,Yes,Month-to-month,Yes,Mailed check,26.37,1143.97,Yes
8807-AIIZH,Female,0,No,No,0,Yes,No,No,No internet service,No internet service,No internet service,No internet service,No internet service,No internet service,One year,Yes,Electronic check,18.0, ,No
6042-JKKOG,Male,0,No,No,15,Yes,No,Fiber optic,Yes,No,No,Yes,No,No,Month-to-month,Yes,Bank transfer (automatic),89.22,1236.98,No
7096-ZTEXJ,Male,0,No,Yes,1,Yes,Yes,DSL,No,No,Yes,No,Yes,No,Month-to-month,No,Electronic check,58.38,74.21,Yes
5600-GHSSL,Male,0,Yes,No,1,Yes,No,Fiber optic,No,No,No,No,No,Yes,Month-to-month,Yes,Mailed check,97.62,66.2,Yes
2169-HYUWK,Female,0,No,No,63,Yes,Yes,No,No internet service,No internet service,No internet service,No internet service,No internet service,No internet service,Month-to-month,Yes,Mailed check,23.68,1489.06,No
2908-JFEWB,Male,1,No,Yes,62,Yes,Yes,Fiber optic,Yes,No,No,No,Yes,No,One year,No,Electronic check,100.87,6285.88,No
1179-YXTSR,Male,0,No,No,63,Yes,Yes,No,No internet service,No internet service,No internet service,No internet service,No internet service,No internet service,Month-to-month,Yes,Credit card (automatic),31.95,1991.93,No
2526-VPRXM,Male,0,Yes,No,2,Yes,No,DSL,Yes,No,No,No,Yes,No,Month-to-month,Yes,Electronic check,58.62,144.34,Yes
7692-WKBRJ,Female,0,Yes,No,2,Yes,No,DSL,Yes,No,No,Yes,Yes,No,Month-to-month,No,Bank transfer (automatic),56.18,132.31,No
5444-SHYYH,Male,0,Yes,Yes,43,Yes,Yes,DSL,Yes,Yes,Yes,No,No,No,Two year,Yes,Electronic check,65.6,2824.8,No
6602-LTRSF,Female,1,No,No,70,Yes,No,DSL,No,No,No,Yes,No,No,One year,Yes,Electronic check,71.42,5004.21,No
1690-MBMZX,Male,0,No,No,50,Yes,No,Fiber optic,No,No,No,No,No,Yes,Month-to-month,Yes,Electronic check,79.35,4022.31,No
9920-ERAOB,Male,0,Yes,No,0,No,No phone service,Fiber optic,Yes,No,Yes,No,Yes,Yes,Two year,No,Mailed check,85.89, ,No
5486-QSEKI,Female,1,Yes,No,42,No,No phone service,Fiber optic,No,No,Yes,No,Yes,No,One year,Yes,Bank transfer (automatic),71.06,2919.11,No
4906-ZTZZN,Female,0,Yes,No,5,Yes,No,Fiber optic,Yes,Yes,Yes,No,Yes,No,One year,Yes,Bank transfer (automatic),89.5,447.34,No
7807-ENEND,Male,0,No,No,0,No,No phone service,DSL,No,Yes,Yes,No,No,No,Month-to-month,Yes,Credit card (automatic),57.14, ,No
1545-WZFYK,Female,0,Yes,No,41,Yes,No,No,No internet service,No internet service,No internet service,No internet service,No internet service,No internet service,One year,No,Electronic check,35.91,1513.81,No
8162-ZGOWP,Female,0,Yes,Yes,51,Yes,No,Fiber optic,No,No,Yes,Yes,No,Yes,Month-to-month,No,Electronic check,102.49,5273.4,No
4800-IQIRF,Male,0,No,No,10,Yes,Yes,Fiber optic,No,Yes,No,No,No,No,Month-to-month,No,Electronic check,96.74,981.58,Yes
1615-URPWN,Female,1,No,No,70,Yes,Yes,DSL,No,Yes,No,No,No,No,Two year,Yes,Credit card (automatic),74.66,5247.89,No
6700-OHHZJ,Female,0,No,No,1,Yes,Yes,DSL,Yes,No,No,Yes,No,Yes,One year,Yes,Electronic check,41.12,126.1,No
9947-UEERV,Male,0,No,No,2,Yes,Yes,Fiber optic,No,Yes,No,No,No,No,Month-to-month,Yes,Bank transfer (automatic),73.69,151.22,Yes
7255-HWQFD,Female,0,Yes,Yes,38,Yes,No,Fiber optic,No,No,No,No,No,Yes,One year,No,Electronic check,101.89,3898.44,No
4941-LXIEF,Male,0,Yes,No,69,Yes,No,DSL,No,No,Yes,Yes,No,No,Month-to-month,Yes,Mailed check,60.66,4215.6,No
5390-JDFQT,Male,0,Yes,Yes,5,Yes,No,DSL,No,Yes,Yes,No,Yes,No,One year,Yes,Mailed check,66.28,292.15,Yes
6923-EVWPO,Female,0,No,No,65,Yes,No,No,No internet service,No internet service,No internet service,No internet service,No internet service,No internet service,One year,Yes,Mailed check,29.15,1867.33,No
3983-EOGOK,Female,0,No,No,5,Yes,Yes,Fiber optic,No,No,No,Yes,No,Yes,One year,Yes,Bank transfer (automatic),99.71,558.38,No
3807-IJIPS,Female,0,Yes,No,30,Yes,No,DSL,No,No,No,Yes,No,Yes,Month-to-month,No,Electronic check,55.78,1717.44,No
9138-DHPZP,Female,0,No,No,38,Yes,No,Fiber optic,No,Yes,Yes,Yes,Yes,No,Two year,No,Electronic check,98.57,3798.02,No
6815-VZOID,Female,0,No,No,60,Yes,No,No,No internet service,No internet service,No internet service,No internet service,No internet service,No internet service,Month-to-month,Yes,Electronic check,34.32,2032.88,No
2504-MWJDP,Male,0,No,No,56,Yes,No,Fiber optic,No,No,No,No,No,No,Month-to-month,No,Electronic check,87.35,4832.81,No
2026-QEOWH,Female,0,Yes,No,0,Yes,No,Fiber optic,Yes,No,Yes,No,Yes,Yes,Two year,Yes,Credit card (automatic),76.18, ,No
2721-KDCSK,Female,0,Yes,Yes,34,Yes,No,Fiber optic,No,No,No,No,No,Yes,One year,No,Electronic check,93.46,3114.84,No
4902-RGJUB,Female,1,No,No,63,Yes,No,DSL,No,Yes,Yes,No,No,No,One year,Yes,Credit card (automatic),64.34,4065.84,No
5689-OEXBX,Male,0,No,Yes,3,Yes,No,Fiber optic,No,Yes,No,No,No,Yes,One year,Yes,Electronic check,111.1,335.33,Yes
7073-WHDNR,Male,0,No,No,20,No,No phone service,DSL,Yes,No,No,Yes,No,Yes,Two year,No,Bank transfer (automatic),40.78,878.8,No
9781-NQSNX,Male,0,No,No,3,Yes,No,DSL,Yes,Yes,No,No,No,No,Month-to-month,Yes,Electronic check,44.46,157.53,Yes
2575-RWFFA,Male,0,Yes,Yes,41,Yes,Yes,Fiber optic,No,Yes,No,No,Yes,Yes,Two year,Yes,Bank transfer (automatic),93.1,3796.6,No
2860-KMXWW,Male,1,No,No,0,No,No phone service,DSL,No,No,Yes,Yes,No,No,Two year,Yes,Electronic check,77.12, ,No
6769-GPTTE,Female,0,Yes,No,26,Yes,No,Fiber optic,Yes,Yes,No,No,No,Yes,Month-to-month,No,Mailed check,88.68,2333.54,No
7791-GXKZQ,Female,0,Yes,Yes,1,Yes,No,Fiber optic,No,No,No,No,No,Yes,Two year,No,Electronic check,64.03,98.11,No
7318-QUELL,Male,0,Yes,No,42,Yes,Yes,Fiber optic,No,No,Yes,Yes,No,Yes,Month-to-month,No,Bank transfer (automatic),109.4,4629.4,Yes
2021-AWDNT,Male,0,Yes,No,3,Yes,No,Fiber optic,No,No,No,No,Yes,Yes,Month-to-month,Yes,Credit card (automatic),75.08,225.63,Yes
5821-UIYMD,Female,1,Yes,No,41,Yes,Yes,Fiber optic,No,No,No,Yes,No,No,Two year,Yes,Bank transfer (automatic),87.41,3552.83,No
8301-CBECA,Male,1,No,No,41,Yes,No,Fiber optic,Yes,No,Yes,No,No,No,Two year,Yes,Electronic check,100.47,4119.38,No
8682-HBQQD,Female,0,No,No,57,Yes,No,Fiber optic,Yes,Yes,No,No,No,No,One year,Yes,Mailed check,85.94,4954.27,No
6369-FYMQW,Male,0,Yes,No,0,Yes,No,DSL,No,No,Yes,No,No,No,Month-to-month,Yes,Bank transfer (automatic),45.65, ,No
1338-TEQQY,Male,0,Yes,Yes,63,Yes,No,Fiber optic,No,Yes,No,No,Yes,No,Month-to-month,Yes,Electronic check,86.7,5462.0,No
1153-OXPIZ,Male,0,Yes,No,7,Yes,Yes,Fiber optic,No,No,No,No,No,No,Month-to-month,Yes,Electronic check,97.37,570.31,Yes
4067-JPKHZ,Female,1,Yes,No,66,Yes,No,DSL,Yes,Yes,Yes,Yes,Yes,No,Two year,Yes,Bank transfer (automatic),72.26,4712.96,No
9752-VYTDY,Male,0,Yes,No,15,Yes,No,DSL,No,No,No,No,Yes,No,Month-to-month,Yes,Electronic check,55.92,849.5,No
6684-RHBIN,Female,1,No,No,9,Yes,Yes,Fiber optic,No,Yes,Yes,No,Yes,No,Two year,No,Mailed check,54.59,526.37,No
7003-EYAIZ,Male,0,No,Yes,31,Yes,No,Fiber optic,Yes,No,No,Yes,No,No,Month-to-month,No,Credit card (automatic),83.57,2631.54,Yes
8194-SWUAU,Male,0,No,No,47,Yes,Yes,Fiber optic,Yes,No,No,Yes,No,Yes,One year,No,Mailed check,81.71,3834.89,No
7868-YHLKC,Female,0,No,Yes,69,Yes,No,Fiber optic,No,No,No,Yes,Yes,Yes,Two year,No,Electronic check,104.04,7383.24,No
8010-SWRHG,Male,0,No,No,60,Yes,Yes,Fiber optic,No,No,No,No,No,Yes,Month-to-month,No,Electronic check,106.47,6393.85,No
8809-OIEIH,Male,0,Yes,Yes,18,Yes,No,Fiber optic,No,No,No,No,No,No,Month-to-month,Yes,Credit card (automatic),57.11,999.32,Yes
8356-JZFTR,Male,0,Yes,Yes,65,Yes,No,Fiber optic,Yes,No,No,No,Yes,No,Two year,No,Electronic check,92.62,5982.95,No
9135-CEUMN,Female,0,Yes,No,12,Yes,No,No,No internet service,No internet service,No internet service,No internet service,No internet service,No internet service,Month-to-month,No,Bank transfer (automatic),18.0,266.55,No
8153-DUUJD,Male,0,Yes,No,5,No,No phone service,Fiber optic,No,No,No,No,Yes,No,Month-to-month,Yes,Mailed check,74.18,363.92,Yes
5430-YJUPP,Male,0,No,No,11,Yes,Yes,Fiber optic,No,No,No,Yes,No,Yes,Month-to-month,Yes,Credit card (automatic),84.7,975.17,Yes
1063-HMGMQ,Female,1,Yes,No,4,Yes,No,Fiber optic,No,Yes,No,No,Yes,Yes,Two year,No,Electronic check,94.94,381.89,No
9706-JBUIP,Female,0,Yes,No,0,Yes,No,Fiber optic,No,No,Yes,No,No,Yes,Month-to-month,No,Credit card (automatic),107.08, ,No
5007-VLNQP,Female,0,Yes,No,5,Yes,Yes,Fiber optic,No,Yes,No,No,Yes,No,Month-to-month,Yes,Electronic check,97.55,385.74,Yes
1894-QUYMT,Female,0,Yes,No,16,Yes,Yes,No,No internet service,No internet service,No internet service,No internet service,No internet service,No internet service,Month-to-month,No,Electronic check,31.24,496.4,No
1646-VUECJ,Female,0,No,No,37,Yes,No,Fiber optic,No,No,No,No,Yes,Yes,Month-to-month,Yes,Bank transfer (automatic),100.37,3715.26,Yes
8296-PWOJG,Male,1,Yes,Yes,13,Yes,No,No,No internet service,No internet service,No internet service,No internet service,No internet service,No internet service,Two year,No,Bank transfer (automatic),28.89,454.98,No
3489-SRVRP,Male,0,No,No,65,Yes,No,Fiber optic,No,Yes,No,No,No,No,Month-to-month,Yes,Mailed check,71.46,4689.45,No
9876-MIUPN,Female,0,Yes,No,40,Yes,No,Fiber optic,No,No,No,No,Yes,No,Two year,Yes,Bank transfer (automatic),86.38,3506.19,No
6485-OGKZS,Female,0,Yes,No,27,Yes,No,Fiber optic,No,Yes,No,No,No,No,Month-to-month,No,Electronic check,102.75,2813.96,Yes
9567-VUYJI,Female,0,Yes,No,4,Yes,No,Fiber optic,No,No,No,Yes,Yes,Yes,Month-to-month,Yes,Mailed check,83.98,274.25,Yes
8968-PCZFE,Female,0,No,Yes,5,Yes,No,Fiber optic,No,No,No,No,No,Yes,Month-to-month,Yes,Credit card (automatic),95.9,471.22,Yes
9098-WTSDP,Male,0,Yes,No,62,Yes,Yes,Fiber optic,Yes,No,No,No,Yes,Yes,Two year,Yes,Bank transfer (automatic),97.4,6035.11,No
3426-YRXTZ,Male,0,No,Yes,3,Yes,No,DSL,No,No,No,Yes,Yes,No,One year,Yes,Electronic check,64.36,237.93,Yes
5248-REXER,Female,1,Yes,No,8,Yes,Yes,Fiber optic,Yes,Yes,No,Yes,No,Yes,One year,No,Credit card (automatic),67.57,512.15,No
5660-XOXTQ,Male,0,No,No,0,Yes,Yes,Fiber optic,No,Yes,Yes,No,No,Yes,Month-to-month,Yes,Electronic check,70.86, ,Yes
2933-PWATO,Female,0,No,No,25,Yes,No,Fiber optic,No,No,No,No,No,Yes,Month-to-month,No,Electronic check,80.08,1948.68,Yes
1099-IIAUS,Female,0,No,Yes,37,Yes,Yes,DSL,Yes,No,Yes,No,Yes,Yes,Month-to-month,No,Mailed check,53.28,1942.13,No
4487-WEFUQ,Male,0,Yes,No,19,Yes,No,DSL,No,Yes,No,Yes,No,No,Month-to-month,Yes,Electronic check,64.7,1260.43,No
5074-DYDTC,Female,0,Yes,Yes,8,Yes,No,Fiber optic,No,Yes,No,Yes,No,No,Month-to-month,Yes,Bank transfer (automatic),79.01,597.25,No
4554-DQONE,Female,0,No,No,31,Yes,No,Fiber optic,No,Yes,Yes,No,Yes,No,One year,No,Bank transfer (automatic),103.51,3258.8,Yes
9407-KXIXI,Female,0,No,No,65,No,No phone service,DSL,No,No,No,No,No,No,Two year,Yes,Electronic check,66.19,4212.65,No
7814-UJRGT,Male,0,Yes,No,70,Yes,Yes,DSL,No,Yes,Yes,No,Yes,No,Month-to-month,Yes,Mailed check,52.42,3647.98,No
5685-BMTYR,Female,0,Yes,No,30,Yes,Yes,Fiber optic,Yes,Yes,No,Yes,No,No,Month-to-month,No,Mailed check,81.63,2468.1,No
9355-AOQAD,Male,0,Yes,No,63,Yes,Yes,Fiber optic,Yes,No,No,No,No,No,Two year,No,Electronic check,89.41,5720.78,No
4520-BBIBV,Female,0,Yes,Yes,8,Yes,Yes,Fiber optic,Yes,No,Yes,Yes,No,Yes,Month-to-month,Yes,Electronic check,80.18,639.49,Yes
2847-DWODE,Male,0,Yes,No,1,No,No phone service,No,No internet service,No internet service,No internet service,No internet service,No internet service,No internet service,Month-to-month,Yes,Bank transfer (automatic),35.29,55.41,No
7572-FKFDY,Female,1,Yes,No,2,Yes,Yes,DSL,No,No,No,No,Yes,No,Two year,No,Electronic check,53.72,110.65,No
2545-DKPDU,Female,0,Yes,Yes,1,Yes,Yes,Fiber optic,No,No,No,Yes,Yes,Yes,Month-to-month,No,Credit card (automatic),99.39,154.17,Yes
5846-FXENQ,Female,0,No,No,34,Yes,Yes,DSL,No,No,No,Yes,No,No,Month-to-month,No,Credit card (automatic),48.11,1602.41,Yes
1976-EUJHP,Female,0,No,No,53,Yes,Yes,DSL,Yes,Yes,No,No,No,No,One year,No,Bank transfer (automatic),65.62,3510.88,No
3778-FETQN,Male,0,No,No,37,No,No phone service,Fiber optic,No,Yes,Yes,Yes,Yes,Yes,Month-to-month,Yes,Electronic check,64.36,2383.73,Yes
1217-JEEHS,Female,0,No,No,3,Yes,Yes,No,No internet service,No internet service,No internet service,No internet service,No internet service,No internet service,One year,No,Credit card (automatic),25.37,9.0,No
2909-BFNGH,Male,0,No,No,50,Yes,Yes,DSL,No,No,No,No,Yes,No,Month-to-month,Yes,Bank transfer (automatic),76.86,3896.24,No
8629-MGFBG,Female,0,Yes,No,2,Yes,No,Fiber optic,No,No,Yes,No,No,Yes,Month-to-month,No,Electronic check,106.4,216.13,Yes
5138-QUJXK,Male,0,No,Yes,14,Yes,No,Fiber optic,No,No,No,No,No,No,Month-to-month,No,Bank transfer (automatic),110.3,1588.65,No
4814-WDBCY,Female,0,Yes,No,55,Yes,Yes,Fiber optic,No,No,No,No,Yes,Yes,Two year,No,Bank transfer (automatic),75.87,4156.61,No
9977-LXHKS,Male,0,Yes,No,18,Yes,Yes,Fiber optic,No,Yes,No,No,Yes,No,Two year,Yes,Credit card (automatic),104.7,1892.47,No
3256-ZPIBP,Female,0,No,Yes,10,Yes,No,No,No internet service,No internet service,No internet service,No internet service,No internet service,No internet service,Two year,Yes,Credit card (automatic),28.42,274.1,No
2406-DEKGV,Female,0,Yes,No,7,Yes,No,DSL,No,No,No,No,Yes,No,Two year,Yes,Credit card (automatic),55.54,392.16,Yes
6234-PLLEL,Male,1,No,No,0,Yes,No,Fiber optic,No,Yes,Yes,No,No,Yes,One year,Yes,Mailed check,107.18, ,Yes
2446-JNHAC,Male,0,No,Yes,4,Yes,Yes,No,No internet service,No internet service,No internet service,No internet service,No internet service,No internet service,Month-to-month,Yes,Credit card (automatic),24.03,107.42,No
7666-RRTLK,Female,1,Yes,No,34,Yes,No,Fiber optic,No,No,No,No,No,No,One year,No,Electronic check,71.99,2425.48,Yes
2346-GSOKJ,Female,0,Yes,No,6,Yes,Yes,Fiber optic,Yes,No,Yes,Yes,Yes,Yes,Month-to-month,Yes,Electronic check,88.35,540.72,Yes
7633-KGXLS,Male,0,No,Yes,11,Yes,No,Fiber optic,No,Yes,Yes,No,Yes,No,Month-to-month,Yes,Mailed check,75.3,847.92,Yes
6200-BJEDA,Male,0,No,Yes,7,Yes,No,DSL,Yes,No,Yes,No,No,No,Two year,No,Electronic check,61.17,421.3,No
2359-QJTPI,Male,0,No,No,0,Yes,Yes,Fiber optic,No,Yes,No,No,Yes,Yes,Month-to-month,No,Bank transfer (automatic),77.22, ,Yes
9698-KQWOC,Female,0,Yes,No,58,Yes,Yes,No,No internet service,No internet service,No internet service,No internet service,No internet service,No internet service,Month-to-month,Yes,Mailed check,18.0,1031.77,No
5087-ZJCKO,Female,0,No,No,35,Yes,Yes,Fiber optic,Yes,No,No,No,Yes,Yes,Month-to-month,No,Mailed check,114.06,4117.17,No
2321-KAXIP,Male,0,Yes,No,65,Yes,No,DSL,Yes,Yes,No,Yes,No,Yes,Month-to-month,No,Bank transfer (automatic),74.73,4841.38,No
3239-SJFCY,Female,0,Yes,Yes,25,Yes,No,No,No internet service,No internet service,No internet service,No internet service,No internet service,No internet service,Month-to-month,Yes,Credit card (automatic),18.0,541.12,No
9438-PZVWD,Female,1,No,No,31,No,No phone service,DSL,Yes,No,No,Yes,No,No,Month-to-month,No,Credit card (automatic),68.04,2028.0,No
2060-EEPOX,Female,0,Yes,Yes,1,Yes,No,DSL,No,Yes,Yes,No,No,Yes,Two year,Yes,Credit card (automatic),65.63,105.55,No
3260-OSJXE,Male,1,Yes,No,39,Yes,Yes,DSL,No,No,No,No,No,No,One year,Yes,Bank transfer (automatic),47.66,1822.71,No
5953-YMSBQ,Male,0,Yes,No,22,Yes,Yes,No,No internet service,No internet service,No internet service,No internet service,No internet service,No internet service,One year,Yes,Electronic check,24.25,653.92,No
8305-RZWFG,Male,0,No,Yes,13,Yes,No,DSL,Yes,Yes,Yes,No,Yes,No,Two year,Yes,Credit card (automatic),43.73,486.34,No
8525-HPFET,Male,0,No,No,30,Yes,Yes,No,No internet service,No internet service,No internet service,No internet service,No internet service,No internet service,One year,Yes,Mailed check,35.6,1009.04,No
7484-FYDPI,Male,0,No,No,28,Yes,Yes,No,No internet service,No internet service,No internet service,No internet service,No internet service,No internet service,Month-to-month,No,Electronic check,32.71,933.4,No
3767-OCHMG,Male,0,Yes,No,4,No,No phone service,DSL,No,No,No,No,Yes,No,Two year,No,Bank transfer (automatic),40.67,105.51,No
4919-CXWMM,Male,0,Yes,No,54,Yes,Yes,Fiber optic,No,Yes,No,Yes,Yes,Yes,Two year,Yes,Mailed check,68.59,3692.99,No
7897-RLTDV,Female,0,No,Yes,52,No,No phone service,Fiber optic,No,No,Yes,No,No,No,Month-to-month,Yes,Credit card (automatic),102.97,5361.17,Yes
7952-FDCKV,Male,0,Yes,No,30,Yes,Yes,Fiber optic,Yes,No,Yes,No,No,Yes,Month-to-month,Yes,Credit card (automatic),108.13,3278.13,Yes
9061-JPOGZ,Female,1,Yes,No,60,Yes,Yes,Fiber optic,No,No,Yes,No,Yes,No,Month-to-month,No,Credit card (automatic),68.12,4011.0,No
2631-DAUBX,Male,0,Yes,No,54,Yes,Yes,DSL,No,Yes,No,No,No,Yes,Month-to-month,Yes,Electronic check,52.56,2808.7,No
6800-GNNRY,Female,0,No,Yes,71,Yes,No,DSL,No,Yes,No,No,No,No,Month-to-month,Yes,Bank transfer (automatic),74.85,5316.27,No
7761-LXFHX,Male,0,No,No,50,Yes,Yes,DSL,No,No,No,Yes,Yes,No,Month-to-month,Yes,Electronic check,53.96,2760.58,Yes
2867-FMFOP,Female,0,Yes,No,3,Yes,No,DSL,No,No,Yes,Yes,Yes,No,Month-to-month,Yes,Electronic check,55.25,247.21,No
4054-SDEJN,Female,0,Yes,Yes,30,Yes,No,Fiber optic,No,No,No,No,Yes,Yes,Month-to-month,Yes,Credit card (automatic),100.38,3003.93,No
5470-VGFLD,Male,0,No,Yes,7,Yes,Yes,DSL,No,Yes,Yes,Yes,No,Yes,One year,Yes,Credit card (automatic),71.61,520.88,No
2611-IYFEW,Female,0,No,Yes,26,Yes,No,Fiber optic,No,No,Yes,No,Yes,Yes,One year,Yes,Bank transfer (automatic),75.21,2030.03,No
8914-WZLBW,Male,0,Yes,No,41,Yes,Yes,Fiber optic,Yes,No,Yes,No,Yes,Yes,One year,No,Credit card (automatic),98.56,4058.52,No
9658-VFLKU,Female,0,Yes,Yes,49,Yes,No,Fiber optic,No,No,No,No,No,Yes,Two year,No,Electronic check,99.74,4851.07,No
2108-SPGNH,Male,0,No,No,51,Yes,No,No,No internet service,No internet service,No internet service,No internet service,No internet service,No internet service,One year,No,Mailed check,18.0,856.23,No
2469-FNTSX,Male,0,No,Yes,12,No,No phone service,Fiber optic,No,No,Yes,No,No,No,Month-to-month,Yes,Credit card (automatic),106.54,1289.54,No
1021-RHMEH,Male,1,No,Yes,58,Yes,No,Fiber optic,No,No,Yes,No,No,No,Month-to-month,Yes,Electronic check,72.87,4236.53,Yes
7825-ERHXU,Female,0,No,Yes,20,Yes,Yes,Fiber optic,Yes,No,Yes,No,Yes,No,Month-to-month,No,Electronic check,108.97,2138.27,Yes
4848-OLPTL,Male,0,No,No,58,No,No phone service,Fiber optic,No,Yes,No,No,Yes,No,Month-to-month,Yes,Bank transfer (automatic),99.93,5791.91,No
8618-QLHJH,Female,0,Yes,No,14,Yes,No,No,No internet service,No internet service,No internet service,No internet service,No internet service,No internet service,One year,Yes,Bank transfer (automatic),20.77,277.95,No
1968-HRLJB,Male,0,Yes,No,26,Yes,Yes,DSL,No,Yes,No,Yes,Yes,Yes,Month-to-month,No,Bank transfer (automatic),66.43,1703.67,No
2940-FAGSN,Male,0,Yes,No,7,Yes,No,Fiber optic,Yes,No,No,No,Yes,No,Two year,Yes,Electronic check,110.77,812.28,No
8344-SFXAD,Male,0,No,No,71,No,No phone service,DSL,Yes,Yes,Yes,No,No,No,Month-to-month,No,Mailed check,53.34,3763.93,No
7875-DETYH,Female,0,Yes,No,39,Yes,Yes,Fiber optic,Yes,No,No,Yes,Yes,No,Two year,No,Mailed check,96.8,3789.67,No
8379-MIPDI,Female,0,Yes,Yes,46,Yes,Yes,Fiber optic,No,No,No,Yes,Yes,No,One year,Yes,Mailed check,108.24,4916.84,No
1851-WOGWQ,Male,0,Yes,No,39,Yes,Yes,No,No internet service,No internet service,No internet service,No internet service,No internet service,No internet service,One year,Yes,Electronic check,28.65,1180.46,No
2521-ACFNE,Female,0,No,Yes,3,Yes,Yes,Fiber optic,No,Yes,Yes,No,No,Yes,Month-to-month,Yes,Credit card (automatic),85.03,301.87,Yes
9030-SUCRS,Male,0,No,No,7,Yes,Yes,Fiber optic,Yes,Yes,No,Yes,No,Yes,Month-to-month,No,Mailed check,82.33,605.58,No
9601-SSJDH,Male,0,Yes,No,60,Yes,No,DSL,Yes,Yes,No,Yes,Yes,Yes,One year,Yes,Credit card (automatic),71.71,4239.91,No
8860-LWJYB,Female,0,Yes,No,7,Yes,No,DSL,Yes,No,Yes,No,No,No,Month-to-month,Yes,Bank transfer (automatic),49.35,314.18,Yes
7624-ZVMYK,Male,0,No,No,37,Yes,No,Fiber optic,No,Yes,Yes,No,Yes,No,Month-to-month,Yes,Bank transfer (automatic),95.05,3522.32,No
4908-KCPXF,Male,0,Yes,No,8,Yes,No,No,No internet service,No internet service,No internet service,No internet service,No internet service,No internet service,One year,No,Bank transfer (automatic),22.89,14.99,No
7441-OPTEQ,Female,0,No,Yes,0,Yes,No,Fiber optic,No,Yes,No,Yes,Yes,No,Month-to-month,Yes,Mailed check,83.57, ,Yes
5359-ABEJF,Male,0,Yes,No,54,Yes,No,DSL,Yes,No,Yes,Yes,No,No,Month-to-month,No,Credit card (automatic),45.46,2402.14,No
9621-UUOYD,Female,0,No,Yes,53,Yes,Yes,No,No internet service,No internet service,No internet service,No internet service,No internet service,No internet service,Month-to-month,Yes,Bank transfer (automatic),18.24,1037.85,No
4962-BYRRZ,Female,0,Yes,Yes,67,Yes,No,No,No internet service,No internet service,No internet service,No internet service,No internet service,No internet service,Two year,Yes,Mailed check,31.52,2042.07,No
9529-WSJBA,Female,0,No,Yes,0,Yes,Yes,Fiber optic,No,No,No,No,Yes,No,Month-to-month,Yes,Credit card (automatic),67.4, ,Yes
3288-XCSLO,Female,0,Yes,No,2,Yes,No,Fiber optic,No,No,Yes,No,Yes,No,Month-to-month,Yes,Electronic check,70.11,238.28,Yes
6114-QEXUE,Female,0,Yes,No,19,Yes,No,DSL,No,Yes,Yes,No,No,Yes,One year,Yes,Mailed check,50.51,938.41,Yes
6183-RIZYK,Male,0,No,No,52,Yes,No,No,No internet service,No internet service,No internet service,No internet service,No internet service,No internet service,Month-to-month,Yes,Electronic check,28.56,1579.93,No
3331-GLVIA,Female,0,No,Yes,27,Yes,Yes,DSL,Yes,No,No,Yes,Yes,No,Month-to-month,No,Bank transfer (automatic),67.94,1824.95,No
4571-ILWBO,Female,0,No,No,69,Yes,Yes,No,No internet service,No internet service,No internet service,No internet service,No internet service,No internet service,One year,Yes,Mailed check,23.27,1564.07,No
1032-EWXUD,Female,0,No,No,55,Yes,No,Fiber optic,No,Yes,No,No,No,No,Month-to-month,Yes,Credit card (automatic),101.29,5570.91,Yes
7706-GYCUZ,Male,0,No,Yes,20,Yes,No,Fiber optic,No,No,Yes,Yes,Yes,Yes,Month-to-month,No,Mailed check,74.22,1451.36,Yes
2467-CEZCX,Female,0,No,No,16,Yes,No,DSL,No,No,Yes,No,Yes,No,One year,Yes,Electronic check,45.61,648.11,No
6898-MRVXY,Female,0,Yes,No,10,Yes,Yes,Fiber optic,No,No,No,No,No,Yes,Month-to-month,No,Credit card (automatic),98.37,1064.57,Yes
1235-GRXOR,Male,0,No,No,42,Yes,No,Fiber optic,No,Yes,No,No,Yes,No,Two year,No,Credit card (automatic),71.25,2959.53,No
4126-OPYWV,Female,1,Yes,No,38,Yes,Yes,Fiber optic,No,No,Yes,No,Yes,Yes,Month-to-month,Yes,Electronic check,97.25,3744.25,Yes
3018-NJETO,Male,0,Yes,No,0,Yes,No,Fiber optic,Yes,No,Yes,Yes,Yes,No,One year,No,Electronic check,77.98, ,Yes
9672-BMHHL,Male,0,No,No,47,No,No phone service,No,No internet service,No internet service,No internet service,No internet service,No internet service,No internet service,Two year,Yes,Electronic check,36.91,1747.51,No
9158-RTSDJ,Female,1,Yes,Yes,4,Yes,No,Fiber optic,Yes,Yes,Yes,No,Yes,No,Month-to-month,No,Credit card (automatic),60.53,257.39,No
4866-DRXKN,Male,0,Yes,Yes,47,No,No phone service,DSL,No,Yes,No,No,No,No,One year,Yes,Credit card (automatic),65.0,3018.73,No
1183-CIJRZ,Male,0,Yes,No,3,Yes,No,Fiber optic,No,No,No,No,No,No,One year,Yes,Mailed check,98.65,372.84,Yes
8007-PYHAN,Male,0,No,Yes,57,Yes,No,No,No internet service,No internet service,No internet service,No internet service,No internet service,No internet service,Month-to-month,Yes,Credit card (automatic),36.97,2156.57,No
6102-MDUUL,Male,1,No,No,28,Yes,No,DSL,Yes,Yes,No,No,Yes,Yes,Month-to-month,Yes,Credit card (automatic),62.6,1840.84,Yes
6539-YEEGF,Female,0,Yes,Yes,1,Yes,No,DSL,No,Yes,Yes,Yes,No,No,Two year,No,Mailed check,58.37,0.0,No
9425-BUGIV,Female,0,Yes,Yes,58,Yes,No,DSL,No,Yes,No,Yes,Yes,No,Two year,Yes,Credit card (automatic),63.74,3775.06,No
3929-HGKBD,Female,1,Yes,No,53,Yes,Yes,Fiber optic,No,No,No,Yes,Yes,No,One year,Yes,Credit card (automatic),76.03,4068.78,No
2640-NTUGY,Male,0,Yes,Yes,5,Yes,Yes,Fiber optic,No,No,No,No,Yes,No,Month-to-month,Yes,Bank transfer (automatic),84.29,548.62,Yes
4823-VEFIS,Female,1,Yes,No,4,Yes,Yes,DSL,No,No,No,No,Yes,No,One year,Yes,Credit card (automatic),61.88,274.78,No
1001-SCTDS,Female,0,Yes,No,2,Yes,No,DSL,No,Yes,No,Yes,Yes,Yes,Month-to-month,No,Bank transfer (automatic),72.56,142.51,Yes
1266-OETNS,Female,1,No,No,9,Yes,Yes,DSL,No,No,Yes,Yes,No,No,Month-to-month,Yes,Electronic check,46.85,469.63,No
6589-GOYIB,Male,0,No,No,0,Yes,Yes,Fiber optic,No,No,No,Yes,Yes,No,Month-to-month,No,Mailed check,95.83, ,Yes
3034-LTVNB,Male,0,Yes,Yes,16,Yes,No,Fiber optic,Yes,No,No,No,No,No,Month-to-month,No,Bank transfer (automatic),67.41,1013.62,No
5804-GIEMO,Female,1,Yes,No,53,Yes,No,Fiber optic,No,No,Yes,No,Yes,No,Month-to-month,Yes,Bank transfer (automatic),62.51,3352.29,No
5872-ZMXAM,Female,0,Yes,No,32,Yes,Yes,Fiber optic,No,No,No,No,Yes,Yes,Month-to-month,Yes,Bank transfer (automatic),86.6,2677.92,No
4291-CGRGY,Male,0,Yes,Yes,4,Yes,No,No,No internet service,No internet service,No internet service,No internet service,No internet service,No internet service,One year,Yes,Electronic check,26.59,119.15,Yes
8532-DXSRQ,Female,0,Yes,No,47,Yes,Yes,DSL,No,No,Yes,Yes,No,No,Month-to-month,Yes,Electronic check,62.27,2989.59,Yes
4903-CDMOC,Male,1,No,No,0,Yes,No,Fiber optic,Yes,No,Yes,Yes,Yes,Yes,One year,No,Credit card (automatic),100.22, ,Yes
3519-OJDII,Male,0,No,No,36,Yes,No,DSL,Yes,Yes,Yes,No,No,Yes,Month-to-month,No,Credit card (automatic),57.67,2112.52,No
6156-OPMZZ,Female,1,Yes,Yes,1,Yes,Yes,Fiber optic,No,Yes,No,No,No,Yes,Two year,No,Electronic check,111.54,124.84,Yes
6570-MMTZJ,Female,0,Yes,Yes,0,Yes,No,No,No internet service,No internet service,No internet service,No internet service,No internet service,No internet service,Month-to-month,Yes,Mailed check,24.04, ,Yes
1362-HBMUX,Male,0,No,Yes,17,Yes,No,No,No internet service,No internet service,No internet service,No internet service,No internet service,No internet service,Two year,Yes,Bank transfer (automatic),18.0,294.55,Yes
2596-XBKQL,Female,0,No,Yes,53,No,No phone service,Fiber optic,No,No,No,No,Yes,Yes,Month-to-month,No,Electronic check,67.16,3618.62,No
4000-WVZLL,Female,1,Yes,No,35,Yes,Yes,DSL,No,Yes,No,Yes,No,No,Month-to-month,Yes,Electronic check,58.11,2054.01,Yes
2308-BXQUM,Male,0,No,No,30,No,No phone service,DSL,Yes,Yes,No,No,No,Yes,Month-to-month,Yes,Credit card (automatic),55.47,1744.57,No
3564-XMPWM,Female,0,Yes,No,0,Yes,No,Fiber optic,Yes,No,Yes,No,No,Yes,Month-to-month,Yes,Electronic check,70.43, ,Yes
4095-WXNKW,Female,0,No,No,70,Yes,No,Fiber optic,No,No,Yes,Yes,No,No,Month-to-month,No,Bank transfer (automatic),98.64,6889.71,Yes
4796-OUQJL,Female,1,Yes,Yes,5,Yes,No,Fiber optic,No,No,No,No,No,No,Month-to-month,No,Credit card (automatic),102.39,505.82,Yes
5431-KQBCN,Female,0,No,No,2,Yes,No,DSL,No,No,Yes,No,No,Yes,Month-to-month,Yes,Electronic check,71.15,180.83,Yes
5195-QKZRI,Female,0,Yes,No,3,Yes,Yes,DSL,No,No,Yes,Yes,Yes,Yes,Month-to-month,Yes,Electronic check,79.15,249.14,No
6470-NQIHG,Male,0,No,No,0,Yes,No,Fiber optic,Yes,No,No,Yes,Yes,No,Month-to-month,Yes,Bank transfer (automatic),106.52, ,Yes
7938-PFTBN,Male,0,No,No,43,Yes,No,Fiber optic,No,No,Yes,Yes,No,No,Month-to-month,Yes,Electronic check,69.77,2913.29,No
5955-EMCDS,Female,0,No,No,62,Yes,Yes,Fiber optic,No,Yes,Yes,Yes,No,No,Two year,Yes,Credit card (automatic),97.63,5967.03,No
5583-ADQYB,Female,0,No,Yes,44,Yes,No,Fiber optic,No,No,No,No,Yes,Yes,Month-to-month,Yes,Electronic check,104.35,4672.06,No
3645-UYGYG,Male,0,Yes,No,1,Yes,No,Fiber optic,No,Yes,No,No,No,No,Month-to-month,Yes,Mailed check,69.27,154.82,No
6527-VXHZU,Male,0,No,No,1,Yes,No,No,No internet service,No internet service,No internet service,No internet service,No internet service,No internet service,One year,Yes,Electronic check,25.62,27.37,No
8821-OWLJT,Female,0,Yes,No,46,Yes,Yes,No,No internet service,No internet service,No internet service,No internet service,No internet service,No internet service,Month-to-month,Yes,Electronic check,23.37,1154.97,No
3799-OWXPB,Male,0,No,No,3,Yes,Yes,Fiber optic,No,Yes,No,Yes,No,No,Two year,Yes,Electronic check,97.85,288.13,Yes
8443-WETRP,Male,0,Yes,Yes,0,No,No phone service,No,No internet service,No internet service,No internet service,No internet service,No internet service,No internet service,Month-to-month,No,Mailed check,21.87, ,No
5411-WANXB,Female,0,Yes,No,4,Yes,Yes,DSL,No,Yes,Yes,No,Yes,No,Month-to-month,No,Mailed check,60.18,212.05,No
5064-AJPKZ,Female,0,Yes,No,51,Yes,No,DSL,Yes,No,No,Yes,Yes,No,Month-to-month,Yes,Mailed check,66.08,3353.38,No
5865-DGLGS,Female,0,No,Yes,1,Yes,Yes,No,No internet service,No internet service,No internet service,No internet service,No internet service,No internet service,One year,Yes,Credit card (automatic),18.0,2.86,Yes
8495-LYIOZ,Female,0,No,Yes,7,Yes,No,Fiber optic,No,No,No,No,Yes,No,Month-to-month,Yes,Electronic check,87.17,520.13,Yes
9301-BAVHB,Male,0,Yes,Yes,56,Yes,Yes,Fiber optic,No,Yes,Yes,No,No,Yes,Two year,Yes,Credit card (automatic),62.11,3399.64,No
9370-PJWWU,Female,0,No,Yes,57,Yes,No,Fiber optic,No,No,Yes,No,No,Yes,Month-to-month,Yes,Mailed check,79.93,4497.25,No
3989-LMDXX,Male,0,Yes,No,13,Yes,Yes,DSL,Yes,No,Yes,No,No,No,Month-to-month,Yes,Bank transfer (automatic),41.54,587.21,No
9411-ZEPGH,Male,0,Yes,No,1,Yes,No,DSL,Yes,Yes,No,Yes,No,No,Two year,Yes,Mailed check,45.25,63.54,No
2515-VTGMJ,Female,0,Yes,No,27,Yes,No,DSL,Yes,Yes,Yes,No,No,Yes,Month-to-month,Yes,Mailed check,52.81,1501.74,Yes
1979-YCRAE,Female,0,No,No,55,Yes,No,DSL,Yes,Yes,Yes,No,Yes,No,Two year,No,Bank transfer (automatic),51.48,2786.98,No
2144-OAYQZ,Female,0,No,No,34,Yes,Yes,Fiber optic,No,Yes,Yes,No,Yes,No,One year,Yes,Bank transfer (automatic),112.27,3858.88,No
7405-KBTYJ,Male,0,No,No,7,Yes,No,Fiber optic,No,Yes,No,No,No,Yes,One year,Yes,Credit card (automatic),77.67,549.07,No
8286-DJARV,Female,0,Yes,No,3,Yes,Yes,Fiber optic,No,Yes,Yes,No,Yes,Yes,Month-to-month,Yes,Electronic check,86.18,235.53,Yes
1133-WUUPZ,Female,0,Yes,No,33,Yes,No,Fiber optic,Yes,No,Yes,Yes,No,Yes,Month-to-month,Yes,Electronic check,102.22,3368.2,Yes
5460-MMDFQ,Female,0,No,No,62,No,No phone service,No,No internet service,No internet service,No internet service,No internet service,No internet service,No internet service,One year,No,Bank transfer (automatic),32.46,1989.57,No
7606-KITRX,Female,0,Yes,No,1,Yes,No,Fiber optic,No,Yes,No,Yes,Yes,Yes,Month-to-month,Yes,Mailed check,88.3,46.87,Yes
8152-QKEDB,Male,0,No,No,0,Yes,No,DSL,No,Yes,Yes,No,No,No,One year,Yes,Bank transfer (automatic),44.22, ,No
5708-QWIZM,Female,0,No,No,11,Yes,Yes,Fiber optic,No,No,No,No,No,No,Month-to-month,Yes,Electronic check,83.06,855.1,Yes
8834-DKSPY,Female,0,Yes,Yes,34,Yes,No,Fiber optic,No,No,No,No,No,Yes,Month-to-month,No,Credit card (automatic),79.28,2646.05,No
1127-DNJRS,Female,0,Yes,No,30,Yes,Yes,Fiber optic,Yes,No,Yes,Yes,Yes,No,Month-to-month,Yes,Mailed check,74.21,2217.28,No
4026-DYQCR,Female,0,No,No,2,Yes,No,Fiber optic,No,No,No,No,Yes,No,Month-to-month,Yes,Electronic check,77.81,157.3,Yes
8204-NPEFQ,Female,0,No,No,38,Yes,Yes,No,No internet service,No internet service,No internet service,No internet service,No internet service,No internet service,Month-to-month,No,Bank transfer (automatic),21.99,797.22,No
9894-VFDTE,Male,0,No,No,55,Yes,Yes,Fiber optic,No,No,No,Yes,No,No,Two year,No,Electronic check,98.01,5394.57,No
1168-NETDR,Male,0,No,No,25,Yes,No,DSL,No,No,No,No,Yes,No,Month-to-month,No,Electronic check,54.41,1355.13,No
8105-FBAXL,Female,0,Yes,No,2,Yes,No,Fiber optic,No,No,No,No,No,No,One year,No,Credit card (automatic),80.74,100.52,Yes
3974-MULIL,Female,0,No,No,53,Yes,Yes,Fiber optic,Yes,No,No,Yes,No,Yes,One year,Yes,Mailed check,66.46,3529.23,No
1758-NOWOP,Female,0,No,No,0,Yes,No,Fiber optic,No,No,No,Yes,Yes,Yes,One year,No,Bank transfer (automatic),102.97, ,Yes
6286-FXXHW,Male,0,No,Yes,66,Yes,No,DSL,Yes,No,Yes,No,No,Yes,Month-to-month,No,Credit card (automatic),70.95,4641.91,No
3530-WBVBW,Male,0,Yes,Yes,10,Yes,No,Fiber optic,No,Yes,No,Yes,No,No,One year,No,Electronic check,93.24,960.6,Yes
9033-IVWCU,Female,0,No,Yes,54,Yes,No,Fiber optic,Yes,No,No,No,No,Yes,Two year,No,Electronic check,109.23,5915.31,No
1375-PJZPP,Female,1,Yes,No,58,No,No phone service,Fiber optic,Yes,Yes,Yes,Yes,Yes,No,One year,No,Electronic check,81.11,4679.98,No
5953-VGCTH,Male,0,Yes,No,4,Yes,Yes,Fiber optic,Yes,No,No,Yes,Yes,No,Month-to-month,No,Electronic check,92.68,335.13,Yes
7675-DCMAJ,Female,0,No,Yes,56,No,No phone service,Fiber optic,No,No,Yes,Yes,No,Yes,One year,No,Electronic check,83.92,4690.74,No
8067-OJYUL,Male,0,No,No,36,Yes,No,No,No internet service,No internet service,No internet service,No internet service,No internet service,No internet service,One year,Yes,Credit card (automatic),25.71,939.75,No
7867-WGPWM,Male,1,No,No,5,Yes,No,DSL,Yes,Yes,No,No,Yes,No,Month-to-month,Yes,Electronic check,78.26,389.08,No
3978-FFCJF,Male,0,No,No,6,Yes,Yes,Fiber optic,Yes,Yes,No,No,Yes,No,One year,Yes,Mailed check,84.5,512.18,No
1622-YDQGD,Male,0,Yes,No,4,Yes,Yes,Fiber optic,No,No,No,No,Yes,Yes,Month-to-month,No,Mailed check,92.28,328.05,Yes
8374-CPNEE,Male,0,No,No,30,Yes,Yes,Fiber optic,No,No,Yes,No,Yes,Yes,Month-to-month,Yes,Bank transfer (automatic),89.57,2615.5,No
3120-URSKS,Female,0,No,No,2,Yes,No,Fiber optic,Yes,No,No,No,Yes,No,Month-to-month,No,Electronic check,107.82,223.76,No
8321-RRWDH,Female,0,No,Yes,43,No,No phone service,DSL,No,No,No,Yes,Yes,Yes,Month-to-month,Yes,Electronic check,50.45,2186.49,No
8195-XHFRU,Female,1,No,Yes,3,Yes,Yes,Fiber optic,Yes,No,Yes,Yes,Yes,No,Two year,No,Electronic check,71.49,263.82,Yes
8937-QBWOS,Male,1,No,No,31,Yes,No,No,No internet service,No internet service,No internet service,No internet service,No internet service,No internet service,Month-to-month,Yes,Electronic check,29.57,1000.94,Yes
2854-ATEHH,Male,1,No,No,28,Yes,No,No,No internet service,No internet service,No internet service,No internet service,No internet service,No internet service,Month-to-month,No,Mailed check,37.39,1119.3,No
7387-EERMV,Male,0,Yes,No,28,Yes,No,No,No internet service,No internet service,No internet service,No internet service,No internet service,No internet service,One year,Yes,Bank transfer (automatic),21.74,566.14,No
4679-MSQDK,Female,0,No,No,27,Yes,Yes,Fiber optic,No,No,No,No,No,Yes,Month-to-month,Yes,Bank transfer (automatic),81.3,2228.56,No
3294-WGLDY,Male,0,Yes,Yes,26,Yes,Yes,No,No internet service,No internet service,No internet service,No internet service,No internet service,No internet service,Two year,Yes,Bank transfer (automatic),23.7,592.62,No
1979-NXHAE,Female,0,Yes,No,62,Yes,No,No,No internet service,No internet service,No internet service,No internet service,No internet service,No internet service,Two year,No,Electronic check,28.31,1765.8,No
6172-BGMIX,Female,0,No,No,68,Yes,Yes,DSL,No,No,Yes,Yes,Yes,Yes,Two year,No,Electronic check,67.11,4603.24,No
5690-FJHDX,Female,0,No,No,45,Yes,No,Fiber optic,Yes,Yes,Yes,Yes,No,Yes,Month-to-month,Yes,Credit card (automatic),67.81,3056.2,No
8222-QOLVH,Male,0,No,No,33,Yes,No,No,No internet service,No internet service,No internet service,No internet service,No internet service,No internet service,Month-to-month,Yes,Electronic check,30.99,1060.92,No
8091-KJSIT,Female,1,Yes,Yes,40,Yes,No,No,No internet service,No internet service,No internet service,No internet service,No internet service,No internet service,One year,Yes,Credit card (automatic),33.43,1376.78,No
3006-XCISQ,Male,1,Yes,Yes,63,Yes,No,No,No internet service,No internet service,No internet service,No internet service,No internet service,No internet service,One year,No,Credit card (automatic),33.84,2223.41,No
6558-VDRXJ,Male,0,No,Yes,68,Yes,No,No,No internet service,No internet service,No internet service,No internet service,No internet service,No internet service,One year,Yes,Credit card (automatic),24.19,1588.76,No
9172-JXDRF,Female,0,No,No,36,Yes,No,DSL,Yes,No,Yes,No,Yes,No,Month-to-month,Yes,Mailed check,74.72,2651.12,No
9721-BNRFY,Female,0,No,No,26,Yes,Yes,Fiber optic,No,Yes,No,Yes,No,Yes,Two year,No,Mailed check,80.76,2147.55,No
4021-VHMQQ,Female,0,No,Yes,39,Yes,Yes,DSL,No,No,No,Yes,No,No,Two year,Yes,Electronic check,57.99,2203.34,No
4588-GBETF,Male,0,No,No,43,Yes,Yes,Fiber optic,Yes,No,Yes,No,No,No,One year,No,Bank transfer (automatic),104.48,4511.31,No
2625-RPJJO,Female,0,No,No,5,Yes,No,DSL,Yes,No,No,No,Yes,No,One year,Yes,Credit card (automatic),66.57,331.99,No
3497-TNJEU,Female,0,Yes,No,57,Yes,No,Fiber optic,No,No,No,No,No,No,Month-to-month,No,Electronic check,101.49,5832.7,No
3504-BAYUB,Male,1,No,No,30,Yes,No,Fiber optic,Yes,Yes,No,No,Yes,Yes,Month-to-month,No,Mailed check,73.58,2203.87,No
8194-YMHNK,Female,1,No,No,28,Yes,No,Fiber optic,Yes,No,No,No,No,Yes,Month-to-month,Yes,Electronic check,94.37,2616.33,No
3965-TCHOY,Male,0,Yes,Yes,58,Yes,No,DSL,Yes,Yes,Yes,Yes,No,No,Month-to-month,No,Electronic check,61.6,3620.07,No
1897-SXFWF,Female,0,No,No,61,No,No phone service,No,No internet service,No internet service,No internet service,No internet service,No internet service,No internet service,One year,Yes,Electronic check,18.0,1101.29,No
4676-IHQTY,Female,0,No,No,3,Yes,No,DSL,Yes,No,Yes,Yes,No,No,Month-to-month,Yes,Electronic check,64.9,185.03,Yes
4808-TUAJZ,Female,0,Yes,Yes,61,Yes,Yes,Fiber optic,No,No,No,No,No,Yes,Two year,No,Mailed check,86.79,5257.5,No
6377-UXLTT,Female,0,Yes,Yes,8,Yes,No,No,No internet service,No internet service,No internet service,No internet service,No internet service,No internet service,One year,Yes,Bank transfer (automatic),24.17,236.59,No
5891-FEACF,Male,0,No,No,39,Yes,No,No,No internet service,No internet service,No internet service,No internet service,No internet service,No internet service,One year,Yes,Mailed check,19.09,692.62,No
2271-SGMOI,Female,0,No,No,2,Yes,Yes,Fiber optic,Yes,No,No,No,No,Yes,Month-to-month,Yes,Electronic check,83.66,199.49,No
7783-TTUUI,Female,0,No,No,0,Yes,No,DSL,Yes,Yes,Yes,No,Yes,No,Month-to-month,Yes,Bank transfer (automatic),50.01, ,No
5703-YODLZ,Male,0,Yes,No,26,Yes,Yes,DSL,No,No,No,Yes,No,No,Two year,Yes,Credit card (automatic),60.31,1572.45,No
1551-NVWNL,Male,1,No,No,56,Yes,No,Fiber optic,No,No,Yes,No,No,Yes,Two year,Yes,Bank transfer (automatic),64.12,3490.26,No
4615-JUIHP,Female,0,Yes,No,6,Yes,No,DSL,No,No,No,No,No,Yes,Month-to-month,Yes,Credit card (automatic),52.76,338.89,No
9072-HCRSK,Female,0,Yes,Yes,27,No,No phone service,DSL,Yes,No,Yes,Yes,No,No,Two year,Yes,Mailed check,49.77,1372.37,No
4624-EJPCA,Female,1,Yes,No,6,Yes,No,Fiber optic,No,Yes,Yes,No,Yes,No,Two year,Yes,Credit card (automatic),76.37,523.37,No
4072-NYEID,Female,0,No,No,6,Yes,Yes,DSL,No,No,Yes,No,Yes,Yes,Month-to-month,Yes,Credit card (automatic),60.72,422.0,No
4045-YYYUP,Female,0,Yes,Yes,24,Yes,No,No,No internet service,No internet service,No internet service,No internet service,No internet service,No internet service,One year,No,Electronic check,30.97,700.32,No
2806-JNWCA,Male,1,Yes,No,3,Yes,Yes,Fiber optic,No,No,No,No,Yes,No,Month-to-month,Yes,Mailed check,90.5,215.81,Yes
9049-LVPJG,Male,0,Yes,No,27,Yes,No,No,No internet service,No internet service,No internet service,No internet service,No internet service,No internet service,Month-to-month,Yes,Bank transfer (automatic),19.37,472.05,No
7155-XOZQV,Female,0,No,No,53,Yes,No,Fiber optic,No,No,No,No,No,No,One year,Yes,Bank transfer (automatic),62.38,3334.5,No
1376-XCYVC,Female,0,Yes,No,50,No,No phone service,No,No internet service,No internet service,No internet service,No internet service,No internet service,No internet service,One year,Yes,Credit card (automatic),27.8,1432.9,No
7190-MUVHT,Female,0,Yes,No,64,Yes,No,No,No internet service,No internet service,No internet service,No internet service,No internet service,No internet service,One year,Yes,Bank transfer (automatic),36.19,2299.31,No
2468-KHXZD,Female,0,No,Yes,4,Yes,Yes,Fiber optic,Yes,No,Yes,No,No,Yes,Month-to-month,Yes,Electronic check,62.48,218.11,Yes
1229-ILGKU,Female,0,No,Yes,29,Yes,No,DSL,No,Yes,No,Yes,Yes,No,Two year,Yes,Bank transfer (automatic),67.27,1923.96,No
9952-NXGDQ,Female,0,No,No,31,Yes,No,DSL,Yes,No,No,No,No,No,Month-to-month,Yes,Electronic check,67.36,2035.54,No
8623-FDKDQ,Female,0,Yes,No,54,Yes,No,No,No internet service,No internet service,No internet service,No internet service,No internet service,No internet service,Two year,No,Credit card (automatic),21.03,1108.9,No
7203-ALUMK,Male,1,No,No,50,Yes,No,Fiber optic,No,No,Yes,Yes,No,No,One year,Yes,Credit card (automatic),97.56,4885.57,No
1760-FMGRB,Female,0,No,No,8,Yes,No,DSL,Yes,No,Yes,No,Yes,No,Two year,No,Credit card (automatic),68.78,491.9,No
3205-JKTRR,Female,0,No,No,4,Yes,No,Fiber optic,No,Yes,Yes,Yes,No,No,Two year,Yes,Electronic check,99.46,401.14,No
1688-RGXCW,Male,1,No,Yes,3,Yes,No,No,No internet service,No internet service,No internet service,No internet service,No internet service,No internet service,Month-to-month,Yes,Credit card (automatic),34.17,124.48,No
5306-WIOSK,Female,0,Yes,Yes,51,Yes,Yes,No,No internet service,No internet service,No internet service,No internet service,No internet service,No internet service,One year,Yes,Mailed check,31.95,1594.71,No
9868-UAMAY,Female,0,Yes,Yes,4,Yes,No,DSL,No,Yes,No,Yes,No,No,One year,No,Bank transfer (automatic),70.68,288.13,Yes
2637-UQTNV,Female,0,Yes,No,68,Yes,No,Fiber optic,No,No,No,Yes,Yes,Yes,Month-to-month,Yes,Mailed check,74.2,5046.17,No
3283-DFYPD,Female,0,Yes,No,62,No,No phone service,No,No internet service,No internet service,No internet service,No internet service,No internet service,No internet service,Month-to-month,No,Mailed check,20.67,1299.79,No
2807-XIFFX,Male,0,No,No,7,Yes,Yes,Fiber optic,No,No,No,No,No,Yes,One year,Yes,Electronic check,79.07,524.39,Yes
4754-TZDXU,Male,0,Yes,No,53,Yes,No,Fiber optic,No,No,No,No,No,Yes,One year,Yes,Credit card (automatic),67.41,3618.25,Yes
5629-RQHMG,Male,1,No,No,7,Yes,No,No,No internet service,No internet service,No internet service,No internet service,No internet service,No internet service,Month-to-month,No,Bank transfer (automatic),18.0,64.15,No
7268-JJLZJ,Male,0,No,Yes,69,Yes,Yes,No,No internet service,No internet service,No internet service,No internet service,No internet service,No internet service,Two year,No,Bank transfer (automatic),18.0,1315.62,No
4792-OWACO,Female,0,No,No,0,Yes,No,Fiber optic,Yes,Yes,No,No,No,No,Month-to-month,No,Electronic check,101.51, ,Yes
5969-UWUTY,Female,0,Yes,No,39,Yes,No,Fiber optic,No,No,No,No,No,Yes,Month-to-month,Yes,Mailed check,73.5,2887.11,No
2574-CMHWL,Female,1,No,Yes,8,Yes,No,No,No internet service,No internet service,No internet service,No internet service,No internet service,No internet service,Two year,Yes,Mailed check,35.37,321.28,No
6563-RRCEO,Male,0,Yes,No,25,Yes,No,Fiber optic,No,No,No,Yes,No,Yes,Two year,No,Electronic check,108.14,2666.8,No
3924-MDQHA,Male,0,Yes,Yes,38,Yes,No,DSL,Yes,No,No,No,Yes,Yes,Month-to-month,Yes,Bank transfer (automatic),62.75,2454.17,No
6202-MEYJE,Male,0,Yes,No,0,No,No phone service,Fiber optic,No,No,No,No,Yes,No,Month-to-month,Yes,Bank transfer (automatic),98.38, ,Yes
3764-DRQAV,Female,0,Yes,No,1,Yes,Yes,Fiber optic,No,No,No,No,Yes,Yes,One year,Yes,Bank transfer (automatic),67.64,60.24,No
2222-TOXKD,Male,1,No,No,11,Yes,Yes,No,No internet service,No internet service,No internet service,No internet service,No internet service,No internet service,Month-to-month,No,Mailed check,32.72,449.56,No
1899-CJIJF,Female,0,Yes,No,70,Yes,Yes,Fiber optic,Yes,Yes,Yes,No,Yes,No,One year,Yes,Electronic check,90.42,6342.86,Yes
7626-GDCKK,Female,0,No,No,46,Yes,Yes,DSL,No,No,No,No,Yes,Yes,Month-to-month,Yes,Bank transfer (automatic),69.31,3224.05,No
9884-NHPCT,Female,0,Yes,No,6,Yes,Yes,DSL,Yes,Yes,No,Yes,No,No,Month-to-month,Yes,Mailed check,47.73,278.95,No
1808-ETWUY,Male,0,No,No,3,Yes,No,No,No internet service,No internet service,No internet service,No internet service,No internet service,No internet service,One year,No,Bank transfer (automatic),42.5,139.88,Yes
2478-WEVIS,Male,0,Yes,No,64,Yes,Yes,Fiber optic,No,No,No,No,Yes,Yes,Month-to-month,Yes,Electronic check,65.85,4256.55,No
6893-XQBAW,Female,0,No,No,6,Yes,Yes,DSL,Yes,No,No,No,No,Yes,One year,Yes,Mailed check,62.67,415.55,No
2942-NKWYZ,Female,0,Yes,No,56,Yes,No,Fiber optic,Yes,No,Yes,No,Yes,Yes,Month-to-month,Yes,Credit card (automatic),71.39,3991.02,Yes
4860-COHYV,Male,0,No,No,13,Yes,No,DSL,No,Yes,Yes,Yes,Yes,Yes,Month-to-month,No,Bank transfer (automatic),76.02,957.05,No
3673-YKSGF,Female,0,No,No,3,Yes,No,DSL,Yes,Yes,No,Yes,Yes,No,Month-to-month,Yes,Electronic check,54.28,120.22,Yes
4346-VXZTR,Female,0,No,No,2,Yes,Yes,DSL,No,No,No,Yes,No,Yes,Two year,No,Bank transfer (automatic),50.19,99.9,No
3152-LGTVM,Male,0,Yes,Yes,67,Yes,No,Fiber optic,No,No,No,No,Yes,Yes,Two year,Yes,Credit card (automatic),80.11,5394.42,No
3842-VWZNS,Male,0,No,Yes,30,Yes,Yes,Fiber optic,No,Yes,No,No,No,Yes,One year,Yes,Electronic check,113.89,3524.79,Yes
9483-KNCLH,Male,1,No,No,21,Yes,No,DSL,No,Yes,Yes,Yes,No,Yes,Month-to-month,Yes,Mailed check,60.28,1316.96,No
9478-REQTS,Male,1,No,No,71,Yes,Yes,Fiber optic,No,No,Yes,Yes,No,No,One year,Yes,Credit card (automatic),105.16,7500.25,No
7010-LLLRJ,Male,1,No,No,6,No,No phone service,Fiber optic,No,No,No,No,No,Yes,Month-to-month,No,Electronic check,93.44,538.6,Yes
3750-LRFVB,Female,0,No,No,49,Yes,Yes,DSL,No,No,Yes,Yes,Yes,No,Two year,Yes,Credit card (automatic),56.87,2827.69,No
1482-OFCHE,Male,0,No,No,2,Yes,No,DSL,Yes,Yes,No,No,No,No,Month-to-month,Yes,Credit card (automatic),57.6,84.7,No
1618-ACAFE,Female,1,No,Yes,66,Yes,Yes,Fiber optic,Yes,No,No,No,Yes,Yes,Month-to-month,Yes,Credit card (automatic),81.12,5387.27,No
8363-VSGNL,Female,0,Yes,No,46,Yes,No,Fiber optic,Yes,Yes,Yes,No,No,No,Month-to-month,Yes,Credit card (automatic),96.89,4447.51,No
8661-QOMUL,Male,0,Yes,No,18,Yes,No,Fiber optic,No,Yes,No,No,Yes,No,One year,No,Electronic check,88.17,1558.94,Yes
1094-AWZVA,Male,0,No,No,47,Yes,Yes,Fiber optic,Yes,Yes,No,No,No,Yes,Month-to-month,No,Electronic check,70.9,3376.13,No
3721-YPFXS,Female,0,No,No,41,Yes,No,No,No internet service,No internet service,No internet service,No internet service,No internet service,No internet service,Two year,Yes,Bank transfer (automatic),18.0,723.71,No
2000-OCDMU,Female,0,Yes,No,26,No,No phone service,DSL,Yes,Yes,No,Yes,No,Yes,Month-to-month,Yes,Bank transfer (automatic),80.57,2158.8,No
1437-YCRXK,Female,0,Yes,Yes,70,Yes,No,Fiber optic,No,No,No,No,No,No,One year,Yes,Electronic check,79.88,5579.75,No
4919-MEGLE,Male,0,Yes,Yes,58,Yes,No,DSL,No,Yes,Yes,Yes,No,No,Month-to-month,Yes,Electronic check,49.79,2952.09,No
7767-MTDBU,Male,0,Yes,Yes,2,Yes,Yes,DSL,Yes,Yes,No,No,Yes,Yes,Month-to-month,Yes,Bank transfer (automatic),49.74,77.69,No
3996-TJYJM,Male,0,No,No,53,Yes,No,Fiber optic,No,No,No,No,No,Yes,One year,Yes,Bank transfer (automatic),92.14,4816.26,No
1760-AJPZT,Female,0,No,No,5,Yes,Yes,Fiber optic,No,Yes,No,No,Yes,Yes,Two year,Yes,Credit card (automatic),74.61,351.24,No
4440-EZUXY,Female,0,Yes,Yes,52,Yes,No,No,No internet service,No internet service,No internet service,No internet service,No internet service,No internet service,Month-to-month,No,Mailed check,31.72,1634.25,No
4350-QMFHA,Female,0,Yes,Yes,56,Yes,No,Fiber optic,Yes,No,No,No,No,No,Month-to-month,No,Bank transfer (automatic),61.05,3414.46,No
1924-LOXSO,Female,0,Yes,No,53,Yes,No,Fiber optic,No,No,No,No,No,Yes,Month-to-month,No,Credit card (automatic),91.0,4915.23,No
1738-IZUEL,Male,0,No,No,30,Yes,Yes,DSL,Yes,No,Yes,No,No,No,Month-to-month,Yes,Bank transfer (automatic),60.5,1779.89,Yes
4452-JUYZX,Female,1,No,No,63,Yes,No,No,No internet service,No internet service,No internet service,No internet service,No internet service,No internet service,Month-to-month,Yes,Credit card (automatic),21.12,1379.83,No
4183-IIWNJ,Male,0,Yes,No,38,Yes,No,Fiber optic,No,No,No,No,Yes,No,Two year,Yes,Electronic check,98.79,3723.07,No
3500-NDOIR,Female,1,Yes,No,43,Yes,Yes,No,No internet service,No internet service,No internet service,No internet service,No internet service,No internet service,Month-to-month,No,Credit card (automatic),30.49,1267.36,No
1063-UYKSM,Female,0,No,No,0,No,No phone service,Fiber optic,No,Yes,Yes,No,Yes,No,One year,Yes,Mailed check,90.41, ,No
2835-FFKEN,Female,0,No,No,70,Yes,Yes,DSL,No,Yes,No,No,Yes,Yes,One year,Yes,Credit card (automatic),62.27,4432.13,No
9193-GETOG,Male,0,No,Yes,3,Yes,Yes,Fiber optic,No,No,No,No,No,Yes,One year,Yes,Credit card (automatic),104.57,249.5,Yes
6984-AHHMB,Female,0,No,No,26,Yes,Yes,No,No internet service,No internet service,No internet service,No internet service,No internet service,No internet service,Month-to-month,Yes,Electronic check,39.81,1051.99,No
1849-IQKXL,Female,0,No,No,2,Yes,No,DSL,No,Yes,No,Yes,No,No,Two year,Yes,Bank transfer (automatic),68.28,164.71,No
9385-FZIBI,Male,0,No,No,70,Yes,Yes,DSL,Yes,No,Yes,Yes,No,Yes,Month-to-month,No,Bank transfer (automatic),54.53,3825.59,No
2068-ZWZRD,Male,0,No,Yes,34,No,No phone service,Fiber optic,No,No,No,No,Yes,No,Month-to-month,No,Credit card (automatic),93.98,3191.14,No
8459-QPPTB,Female,1,Yes,No,63,Yes,Yes,Fiber optic,No,No,No,Yes,No,No,Two year,Yes,Mailed check,83.32,5131.44,No
8466-CUWMB,Male,0,Yes,No,6,Yes,No,DSL,No,No,Yes,No,Yes,No,Month-to-month,Yes,Bank transfer (automatic),53.49,335.11,Yes
6452-NKGKI,Male,1,Yes,No,25,Yes,Yes,DSL,No,No,Yes,No,Yes,Yes,Two year,Yes,Mailed check,46.46,1195.19,No
2219-POONW,Male,0,No,No,8,Yes,Yes,DSL,No,No,No,No,Yes,No,One year,Yes,Mailed check,47.95,445.11,No
8359-JUYWZ,Male,1,No,Yes,33,Yes,Yes,Fiber optic,No,No,No,No,Yes,No,One year,Yes,Bank transfer (automatic),86.97,2791.61,No
4847-QPSNP,Male,0,Yes,Yes,63,Yes,No,No,No internet service,No internet service,No internet service,No internet service,No internet service,No internet service,Month-to-month,Yes,Bank transfer (automatic),23.55,1580.46,No
2945-CEBPV,Female,0,No,Yes,24,Yes,No,Fiber optic,Yes,No,No,No,Yes,No,One year,Yes,Credit card (automatic),72.53,1801.19,No
4166-MANDZ,Male,0,No,Yes,57,Yes,No,Fiber optic,Yes,No,No,No,No,Yes,Month-to-month,Yes,Mailed check,72.3,4095.6,No
8950-UPLCI,Female,1,Yes,No,63,Yes,Yes,DSL,Yes,No,Yes,Yes,Yes,Yes,Month-to-month,Yes,Electronic check,70.82,4514.59,No
9538-ODVFP,Male,0,No,No,26,Yes,No,No,No internet service,No internet service,No internet service,No internet service,No internet service,No internet service,Month-to-month,No,Mailed check,20.67,577.03,No
3162-ARLKX,Male,0,No,No,60,Yes,No,No,No internet service,No internet service,No internet service,No internet service,No internet service,No internet service,Month-to-month,Yes,Bank transfer (automatic),21.93,1299.03,No
1647-UDYWY,Male,1,Yes,No,2,Yes,Yes,Fiber optic,Yes,No,Yes,No,No,No,Month-to-month,Yes,Bank transfer (automatic),110.49,268.49,No
6249-NTJWK,Female,0,No,Yes,28,Yes,Yes,Fiber optic,No,No,No,No,No,Yes,Month-to-month,No,Credit card (automatic),73.78,2031.94,No
8617-SSTOP,Female,0,Yes,No,68,Yes,No,No,No internet service,No internet service,No internet service,No internet service,No internet service,No internet service,Two year,Yes,Electronic check,33.21,2265.28,No
1661-PVACA,Male,0,No,No,68,Yes,No,Fiber optic,Yes,Yes,Yes,No,Yes,No,One year,No,Mailed check,82.82,5486.26,No
1711-SBITI,Male,0,No,No,59,Yes,No,Fiber optic,No,No,No,No,Yes,Yes,Month-to-month,Yes,Mailed check,94.37,5623.72,Yes
9823-YEWWY,Male,0,No,No,66,No,No phone service,DSL,Yes,Yes,Yes,Yes,No,Yes,Month-to-month,Yes,Electronic check,69.42,4554.37,No
1824-WFOLS,Male,0,No,No,25,Yes,Yes,DSL,No,No,Yes,No,No,No,Month-to-month,Yes,Electronic check,71.48,1748.47,No
5005-HAABM,Female,0,Yes,No,49,Yes,No,Fiber optic,No,No,No,No,No,Yes,Month-to-month,No,Bank transfer (automatic),90.68,4456.08,No
2642-WUKUQ,Male,0,Yes,No,65,Yes,Yes,Fiber optic,No,No,No,No,No,No,Month-to-month,Yes,Electronic check,99.77,6478.61,Yes
3961-TJUMT,Female,0,No,No,8,No,No phone service,DSL,Yes,Yes,Yes,Yes,Yes,No,Month-to-month,Yes,Mailed check,61.43,459.64,No
5578-DNXZZ,Female,1,Yes,No,42,Yes,Yes,Fiber optic,No,No,No,No,No,Yes,Two year,Yes,Credit card (automatic),81.05,3361.69,No
8640-WEWQA,Female,0,No,No,40,Yes,No,Fiber optic,No,Yes,No,No,No,No,One year,Yes,Credit card (automatic),90.42,3606.99,No
7396-UQZME,Female,0,Yes,No,57,Yes,No,Fiber optic,No,No,No,Yes,No,No,Two year,Yes,Mailed check,67.68,3853.02,No
1755-MPCVU,Male,0,Yes,No,4,Yes,Yes,Fiber optic,No,No,Yes,No,No,No,Month-to-month,No,Credit card (automatic),73.69,305.3,No
1232-OTMLU,Female,0,No,No,11,No,No phone service,No,No internet service,No internet service,No internet service,No internet service,No internet service,No internet service,Month-to-month,Yes,Electronic check,18.49,172.07,No
3144-APYVA,Male,0,No,No,36,Yes,No,DSL,Yes,No,Yes,Yes,No,Yes,One year,No,Mailed check,65.2,2341.64,No
5686-YSGCM,Female,0,No,No,0,Yes,No,No,No internet service,No internet service,No internet service,No internet service,No internet service,No internet service,One year,Yes,Electronic check,18.0, ,No
4651-NJSTG,Female,0,No,Yes,3,Yes,Yes,DSL,No,No,No,No,No,No,One year,No,Electronic check,47.03,217.01,No
7445-LFHVA,Male,0,Yes,No,59,Yes,No,Fiber optic,No,No,No,Yes,Yes,No,One year,Yes,Mailed check,111.72,6505.7,No
5874-NNLCM,Female,0,No,No,12,Yes,No,Fiber optic,Yes,No,No,No,No,Yes,Two year,Yes,Credit card (automatic),77.49,838.95,No
9312-ZTUVM,Male,0,No,No,50,Yes,No,Fiber optic,No,No,No,No,No,No,Month-to-month,Yes,Bank transfer (automatic),92.83,4699.82,No
7500-JKIBW,Male,0,No,No,6,Yes,No,No,No internet service,No internet service,No internet service,No internet service,No internet service,No internet service,Month-to-month,No,Mailed check,18.0,168.12,No
5154-KUMPV,Female,0,Yes,No,2,Yes,No,No,No internet service,No internet service,No internet service,No internet service,No internet service,No internet service,One year,No,Electronic check,18.0,103.08,No
9721-TYDJE,Male,0,No,No,38,Yes,Yes,DSL,No,Yes,Yes,Yes,No,Yes,Month-to-month,Yes,Credit card (automatic),57.85,2219.52,No
2607-KGFWL,Female,0,Yes,No,64,Yes,Yes,Fiber optic,No,No,Yes,No,No,Yes,Month-to-month,Yes,Credit card (automatic),97.94,6305.97,No
8475-DJKUO,Female,1,No,Yes,26,Yes,No,Fiber optic,Yes,No,Yes,Yes,Yes,Yes,Month-to-month,No,Mailed check,97.38,2539.95,Yes
3345-NTIQQ,Female,0,Yes,No,38,Yes,No,Fiber optic,No,Yes,No,No,Yes,Yes,Month-to-month,No,Electronic check,97.18,3701.46,Yes
6006-HYYHP,Male,0,No,No,57,Yes,No,DSL,Yes,No,No,No,No,No,Month-to-month,Yes,Credit card (automatic),52.01,2964.2,No
1113-YVYFI,Male,0,No,Yes,0,Yes,No,No,No internet service,No internet service,No internet service,No internet service,No internet service,No internet service,Two year,Yes,Mailed check,32.82, ,No
2875-VWXVE,Female,0,No,No,22,Yes,No,DSL,No,No,No,No,No,Yes,Two year,Yes,Bank transfer (automatic),67.12,1496.69,No
3388-PSGUU,Male,1,No,No,5,Yes,No,No,No internet service,No internet service,No internet service,No internet service,No internet service,No internet service,Month-to-month,Yes,Electronic check,24.22,217.03,Yes
8052-XSPKI,Female,0,No,No,4,Yes,No,No,No internet service,No internet service,No internet service,No internet service,No internet service,No internet service,One year,Yes,Credit card (automatic),24.96,13.77,No
1491-BWPFX,Male,0,Yes,No,42,Yes,Yes,No,No internet service,No internet service,No internet service,No internet service,No internet service,No internet service,Two year,Yes,Electronic check,34.06,1429.65,No
6337-VLIAW,Male,0,No,No,38,Yes,Yes,Fiber optic,Yes,No,No,No,No,Yes,Month-to-month,No,Electronic check,88.87,3399.79,No
4910-EUGDT,Female,1,No,No,57,No,No phone service,No,No internet service,No internet service,No internet service,No internet service,No internet service,No internet service,One year,No,Mailed check,34.98,2005.86,No
5630-HKHUA,Female,1,Yes,No,30,Yes,No,DSL,Yes,No,Yes,No,Yes,No,Month-to-month,No,Mailed check,50.8,1500.0,No
5374-YTBKB,Female,0,Yes,No,5,Yes,No,Fiber optic,Yes,No,No,No,No,No,Month-to-month,Yes,Bank transfer (automatic),117.32,563.32,No
6532-WINLR,Female,0,No,No,31,No,No phone service,Fiber optic,No,No,No,No,No,No,Two year,Yes,Electronic check,79.31,2481.05,No
4453-BOBCB,Male,0,Yes,No,38,Yes,No,Fiber optic,Yes,Yes,No,No,No,Yes,Two year,Yes,Credit card (automatic),95.32,3613.36,No
6207-PBNGG,Male,0,No,No,1,Yes,No,Fiber optic,No,No,No,Yes,No,Yes,Two year,No,Mailed check,100.43,166.2,No
2533-WHZHU,Male,0,No,No,41,Yes,No,Fiber optic,Yes,Yes,Yes,Yes,No,No,Month-to-month,No,Mailed check,89.13,3690.39,No
8815-TYXHP,Female,0,No,No,8,Yes,Yes,DSL,No,No,No,Yes,No,Yes,Month-to-month,No,Electronic check,63.74,452.3,Yes
5009-RDVQW,Male,0,Yes,Yes,51,Yes,No,No,No internet service,No internet service,No internet service,No internet service,No internet service,No internet service,One year,Yes,Electronic check,18.0,873.93,No
5682-BZYUX,Female,0,Yes,No,37,No,No phone service,Fiber optic,No,No,Yes,Yes,Yes,No,Month-to-month,No,Mailed check,102.79,3767.77,No
8547-GIYYK,Male,0,No,No,50,Yes,Yes,Fiber optic,Yes,No,No,Yes,No,Yes,Month-to-month,Yes,Credit card (automatic),92.98,4665.55,No
5967-KQWCA,Female,0,Yes,Yes,69,Yes,No,No,No internet service,No internet service,No internet service,No internet service,No internet service,No internet service,Month-to-month,Yes,Mailed check,34.49,2416.85,No
4147-LHXOM,Female,0,No,Yes,11,Yes,No,No,No internet service,No internet service,No internet service,No internet service,No internet service,No internet service,Month-to-month,No,Mailed check,31.81,365.7,No
4073-FGMJJ,Female,0,Yes,Yes,1,Yes,Yes,Fiber optic,No,No,Yes,Yes,Yes,Yes,Month-to-month,No,Bank transfer (automatic),100.85,143.11,Yes
4724-PLPTD,Male,0,Yes,No,40,Yes,No,No,No internet service,No internet service,No internet service,No internet service,No internet service,No internet service,Month-to-month,Yes,Mailed check,20.8,915.04,No
1253-NSCDT,Female,1,Yes,No,65,Yes,Yes,Fiber optic,No,No,Yes,No,Yes,Yes,One year,Yes,Credit card (automatic),91.38,5905.96,No
8113-JKBCY,Male,0,Yes,No,29,Yes,No,DSL,Yes,Yes,Yes,Yes,Yes,No,Two year,No,Electronic check,66.22,1930.78,No
5114-DNGBP,Male,0,No,No,27,Yes,No,Fiber optic,Yes,No,Yes,No,Yes,Yes,Month-to-month,Yes,Bank transfer (automatic),98.67,2642.5,Yes
6025-LIUCX,Male,0,No,No,44,Yes,Yes,DSL,Yes,No,No,No,Yes,Yes,One year,No,Electronic check,47.83,2086.83,No
2364-XEBQX,Male,0,No,No,56,No,No phone service,Fiber optic,No,Yes,Yes,Yes,Yes,Yes,Month-to-month,No,Credit card (automatic),105.41,5836.88,No
9264-JAPZP,Female,0,No,No,25,Yes,No,DSL,No,Yes,Yes,Yes,Yes,Yes,One year,Yes,Electronic check,63.87,1597.86,No
2467-KCKYG,Male,0,Yes,No,63,Yes,Yes,Fiber optic,No,Yes,Yes,No,No,No,Month-to-month,Yes,Mailed check,69.55,4422.9,No
5284-JSCRC,Male,0,Yes,No,1,Yes,No,Fiber optic,No,No,No,Yes,No,Yes,Month-to-month,No,Electronic check,97.5,131.98,Yes
3506-ZOKRS,Female,0,No,No,4,No,No phone service,DSL,No,Yes,No,No,No,No,Month-to-month,No,Credit card (automatic),46.41,178.64,Yes
3963-JHOXW,Female,0,Yes,No,67,Yes,Yes,Fiber optic,Yes,No,Yes,Yes,No,No,Month-to-month,Yes,Electronic check,84.06,5716.13,No
7408-LYENH,Female,0,Yes,Yes,60,Yes,No,DSL,Yes,No,Yes,No,No,No,Month-to-month,No,Electronic check,45.28,2683.75,No
8065-VXJUU,Female,0,Yes,No,59,No,No phone service,No,No internet service,No internet service,No internet service,No internet service,No internet service,No internet service,Month-to-month,No,Credit card (automatic),29.31,1710.4,No
7443-ADFJW,Male,0,No,No,15,Yes,No,DSL,No,No,No,No,No,Yes,Two year,No,Electronic check,67.99,953.86,No
4449-DPUCM,Female,1,Yes,No,62,Yes,Yes,Fiber optic,No,No,Yes,No,No,No,Month-to-month,Yes,Bank transfer (automatic),113.07,7065.26,No
9505-KNOOS,Male,0,Yes,No,33,No,No phone service,Fiber optic,Yes,No,No,Yes,No,Yes,Month-to-month,Yes,Credit card (automatic),111.82,3640.13,Yes
7093-XKSVE,Male,0,No,No,63,Yes,No,Fiber optic,No,No,No,Yes,Yes,Yes,One year,No,Electronic check,79.16,5023.48,No
1527-HZJWJ,Male,0,No,Yes,12,Yes,No,DSL,Yes,No,No,No,Yes,Yes,Two year,No,Electronic check,69.6,701.19,Yes
6105-NWEIO,Female,0,Yes,No,17,Yes,No,No,No internet service,No internet service,No internet service,No internet service,No internet service,No internet service,Month-to-month,Yes,Mailed check,28.65,478.24,No
8569-ITMMP,Male,0,No,No,0,Yes,No,DSL,No,Yes,Yes,No,No,No,One year,No,Bank transfer (automatic),84.58, ,Yes
7276-WWCRL,Female,0,Yes,No,0,Yes,Yes,Fiber optic,No,No,No,No,Yes,No,One year,Yes,Electronic check,87.19, ,Yes
1556-UBEXJ,Male,0,Yes,No,41,Yes,No,Fiber optic,No,Yes,Yes,No,No,Yes,One year,No,Credit card (automatic),110.36,4602.45,No
9891-IVCJB,Male,0,Yes,No,7,Yes,Yes,DSL,No,Yes,Yes,No,Yes,No,Month-to-month,Yes,Mailed check,73.39,481.86,No
3468-BPTUZ,Male,0,Yes,No,42,Yes,No,Fiber optic,Yes,Yes,No,No,Yes,No,Two year,Yes,Electronic check,82.34,3424.77,No
4569-SYXPS,Male,1,Yes,No,59,Yes,Yes,DSL,No,No,Yes,Yes,Yes,No,Two year,Yes,Electronic check,56.68,3300.58,No
2172-DRKWV,Male,0,No,Yes,8,Yes,No,Fiber optic,No,Yes,No,No,Yes,Yes,Two year,No,Bank transfer (automatic),93.56,795.01,No
9773-HJNRL,Female,1,Yes,No,68,Yes,No,DSL,Yes,No,No,Yes,No,No,Two year,Yes,Electronic check,55.97,3761.65,No
2394-ROWXY,Female,0,No,No,63,Yes,No,Fiber optic,Yes,Yes,Yes,Yes,No,No,Month-to-month,No,Mailed check,95.3,6020.61,No
1794-TAXZO,Male,0,Yes,No,65,Yes,No,Fiber optic,No,No,No,Yes,No,Yes,Month-to-month,No,Electronic check,82.92,5335.21,Yes
4691-BRLLO,Female,0,Yes,Yes,15,Yes,No,No,No internet service,No internet service,No internet service,No internet service,No internet service,No internet service,One year,Yes,Electronic check,33.19,547.47,No
4341-YIGCW,Male,0,No,Yes,45,Yes,No,Fiber optic,No,Yes,No,No,No,Yes,Month-to-month,No,Credit card (automatic),72.48,3328.22,No
4408-DCUFJ,Male,0,No,No,66,Yes,Yes,Fiber optic,No,No,No,Yes,No,No,Month-to-month,No,Credit card (automatic),93.54,6176.58,No
6735-SPJYU,Male,0,Yes,No,45,Yes,No,Fiber optic,Yes,No,Yes,No,Yes,No,Month-to-month,Yes,Electronic check,113.76,5146.93,Yes
4056-THBAC,Male,0,Yes,No,29,Yes,No,DSL,No,No,No,No,No,Yes,Month-to-month,No,Electronic check,58.22,1663.1,No
8801-LAJVS,Male,0,No,No,3,No,No phone service,Fiber optic,No,No,No,No,Yes,No,One year,No,Electronic check,72.45,224.92,No
8840-WIFOJ,Female,0,Yes,Yes,6,Yes,No,Fiber optic,Yes,No,No,No,No,Yes,One year,Yes,Electronic check,66.56,411.4,No
3668-JPIMI,Male,0,No,No,33,Yes,No,DSL,No,No,Yes,Yes,Yes,Yes,Two year,No,Credit card (automatic),55.62,1887.41,No
2610-FQTNR,Female,0,No,No,41,Yes,Yes,Fiber optic,No,No,No,No,No,No,One year,Yes,Electronic check,111.67,4567.29,No
2361-IOOYR,Male,0,Yes,No,10,No,No phone service,Fiber optic,No,Yes,No,No,Yes,No,Month-to-month,Yes,Mailed check,92.04,939.56,Yes
4415-AVTUI,Female,0,No,No,6,Yes,No,DSL,Yes,No,No,No,No,Yes,Two year,Yes,Electronic check,72.69,365.6,Yes
3634-BGHME,Female,1,Yes,No,3,Yes,Yes,Fiber optic,No,Yes,Yes,No,No,No,One year,Yes,Mailed check,85.93,199.38,Yes
1180-UNHVH,Male,0,No,No,10,Yes,No,Fiber optic,No,No,Yes,No,No,Yes,Month-to-month,Yes,Electronic check,90.36,921.33,Yes
6489-DTSCX,Male,0,No,Yes,2,No,No phone service,No,No internet service,No internet service,No internet service,No internet service,No internet service,No internet service,Month-to-month,Yes,Mailed check,24.55,48.5,No
5008-VBKDV,Female,0,No,Yes,3,Yes,Yes,Fiber optic,No,Yes,Yes,No,Yes,Yes,One year,Yes,Mailed check,77.84,232.15,No
2264-HHWMC,Female,0,No,No,2,Yes,Yes,DSL,No,No,No,Yes,Yes,No,Two year,No,Bank transfer (automatic),53.58,93.16,No
7389-IFWBJ,Female,0,No,No,30,Yes,Yes,Fiber optic,No,Yes,No,No,Yes,Yes,Month-to-month,No,Mailed check,104.99,3148.37,Yes
1527-UBLPF,Male,0,Yes,Yes,47,Yes,Yes,Fiber optic,No,No,No,No,No,No,Two year,No,Bank transfer (automatic),110.4,5177.64,No
1393-DONHP,Female,0,Yes,No,4,Yes,No,No,No internet service,No internet service,No internet service,No internet service,No internet service,No internet service,Month-to-month,Yes,Credit card (automatic),20.02,144.45,No
3145-QORUQ,Male,1,Yes,No,38,Yes,Yes,Fiber optic,Yes,No,No,No,Yes,No,One year,Yes,Credit card (automatic),98.95,3728.56,Yes
1728-YENBC,Male,0,Yes,Yes,11,Yes,Yes,DSL,No,Yes,No,Yes,No,Yes,Month-to-month,Yes,Bank transfer (automatic),59.44,656.01,No
7988-CDKZV,Female,0,No,No,47,No,No phone service,Fiber optic,No,Yes,Yes,No,No,No,One year,Yes,Electronic check,86.13,4090.14,No
9108-RIIFW,Male,0,Yes,No,71,Yes,No,DSL,Yes,No,No,No,No,Yes,Month-to-month,No,Credit card (automatic),66.23,4702.9,No
9661-HJFRG,Female,0,No,No,5,Yes,Yes,Fiber optic,No,No,No,No,Yes,Yes,Month-to-month,Yes,Electronic check,101.46,531.73,Yes
1276-PRQXW,Female,0,Yes,No,67,Yes,No,Fiber optic,No,No,No,Yes,Yes,No,Month-to-month,No,Mailed check,78.2,5277.68,No
8592-EZRAB,Male,0,Yes,Yes,7,Yes,No,Fiber optic,No,No,No,No,No,No,Month-to-month,No,Electronic check,62.6,462.75,Yes
5645-HJOQO,Female,0,Yes,No,4,Yes,Yes,Fiber optic,No,Yes,Yes,No,No,No,Two year,Yes,Bank transfer (automatic),96.2,301.89,No
4022-CZBIQ,Male,0,No,No,5,No,No phone service,DSL,Yes,No,No,Yes,No,No,Month-to-month,No,Electronic check,71.46,294.51,Yes
4364-VMOPB,Male,0,Yes,No,0,Yes,No,DSL,Yes,No,No,No,No,No,Two year,No,Credit card (automatic),58.2, ,No
1159-CYAOV,Male,0,Yes,Yes,4,Yes,No,Fiber optic,No,Yes,Yes,No,Yes,Yes,Month-to-month,Yes,Electronic check,86.02,359.68,Yes
8739-OIYOG,Female,0,Yes,No,28,Yes,Yes,Fiber optic,Yes,Yes,No,Yes,No,No,One year,Yes,Credit card (automatic),65.5,1919.39,No
2893-PBEEL,Male,0,No,No,5,Yes,No,No,No internet service,No internet service,No internet service,No internet service,No internet service,No internet service,Month-to-month,Yes,Electronic check,34.22,179.77,No
3940-LDKOU,Male,0,Yes,No,38,Yes,No,DSL,No,No,No,No,No,Yes,Month-to-month,Yes,Electronic check,60.72,2338.73,No
1360-EYFWK,Female,0,No,No,3,Yes,Yes,Fiber optic,No,No,No,Yes,Yes,No,One year,Yes,Electronic check,75.72,249.76,Yes
4231-YZQRL,Female,0,Yes,No,4,Yes,No,DSL,No,Yes,Yes,No,No,Yes,One year,Yes,Electronic check,56.57,252.48,No
2433-LTXBX,Female,1,Yes,No,35,Yes,No,No,No internet service,No internet service,No internet service,No internet service,No internet service,No internet service,Month-to-month,Yes,Credit card (automatic),24.26,906.2,No
7512-WGIUV,Female,0,No,No,38,Yes,No,Fiber optic,Yes,Yes,Yes,No,Yes,No,One year,No,Credit card (automatic),71.56,2726.32,No
9116-BSUMJ,Male,0,No,Yes,57,Yes,No,DSL,No,Yes,Yes,No,No,No,Month-to-month,Yes,Electronic check,66.74,3776.66,No
6484-XLYDP,Female,1,No,No,62,No,No phone service,Fiber optic,Yes,No,No,No,No,Yes,One year,Yes,Credit card (automatic),100.7,6221.52,No
7281-RIJYZ,Female,1,Yes,No,54,Yes,No,No,No internet service,No internet service,No internet service,No internet service,No internet service,No internet service,Month-to-month,Yes,Mailed check,18.0,977.14,No
9719-VKOFR,Female,0,No,Yes,27,Yes,Yes,DSL,No,Yes,No,No,No,Yes,Month-to-month,Yes,Credit card (automatic),41.74,1094.18,No
2539-QGPAX,Female,0,No,No,15,Yes,No,DSL,Yes,No,Yes,No,No,No,Two year,No,Mailed check,62.76,945.37,No
7055-KOGUS,Male,0,No,Yes,48,No,No phone service,Fiber optic,No,No,Yes,No,No,No,Month-to-month,Yes,Mailed check,72.95,3461.67,No
4568-GPLON,Male,1,Yes,No,1,Yes,No,DSL,Yes,No,Yes,Yes,No,Yes,Two year,No,Electronic check,56.41,20.35,No
6190-FCXBH,Female,0,Yes,Yes,7,Yes,Yes,DSL,Yes,No,No,Yes,No,Yes,Month-to-month,No,Electronic check,59.47,511.65,No
7570-IANFL,Male,0,Yes,No,24,Yes,Yes,DSL,Yes,No,No,No,No,No,Month-to-month,No,Electronic check,59.97,1489.83,No
6678-ITCVO,Male,0,No,No,51,Yes,No,DSL,Yes,No,No,No,No,No,One year,Yes,Electronic check,46.66,2274.2,No
6711-WKYWM,Male,1,No,No,54,Yes,Yes,Fiber optic,No,No,No,Yes,Yes,Yes,Month-to-month,No,Bank transfer (automatic),90.28,4905.5,No
5782-VNEWV,Female,0,No,No,11,Yes,Yes,No,No internet service,No internet service,No internet service,No internet service,No internet service,No internet service,Month-to-month,Yes,Mailed check,28.51,286.56,No
2940-MZVUX,Female,0,Yes,Yes,24,Yes,No,DSL,No,No,No,Yes,No,No,Month-to-month,Yes,Mailed check,69.15,1672.08,Yes
7220-JUIUQ,Female,0,Yes,Yes,63,No,No phone service,No,No internet service,No internet service,No internet service,No internet service,No internet service,No internet service,Month-to-month,Yes,Mailed check,30.56,1875.22,No
3762-HBDVA,Female,0,Yes,Yes,61,Yes,No,Fiber optic,No,Yes,No,No,No,Yes,Two year,No,Mailed check,99.73,6011.08,No
6127-ADARP,Female,0,No,No,62,Yes,No,DSL,Yes,Yes,Yes,Yes,No,Yes,One year,No,Electronic check,75.64,4707.33,Yes
5216-JUPKS,Female,0,Yes,No,49,Yes,No,Fiber optic,Yes,No,No,No,No,Yes,Two year,No,Electronic check,84.68,4159.33,No
6732-WKIBU,Male,0,Yes,Yes,69,Yes,No,Fiber optic,Yes,No,Yes,No,Yes,Yes,Two year,Yes,Credit card (automatic),98.73,6846.17,No
3775-TVVEB,Female,0,Yes,No,42,Yes,Yes,DSL,Yes,Yes,No,Yes,No,No,Two year,No,Credit card (automatic),54.06,2217.7,No
1497-JBNGG,Male,0,Yes,No,44,Yes,Yes,Fiber optic,No,Yes,No,No,Yes,No,One year,No,Credit card (automatic),114.36,5033.27,No
2700-ONZOB,Male,0,No,No,63,Yes,Yes,Fiber optic,No,No,Yes,Yes,No,No,Month-to-month,No,Credit card (automatic),69.6,4314.23,No
4249-MMNEH,Male,0,Yes,No,65,Yes,No,Fiber optic,Yes,No,No,Yes,No,Yes,One year,No,Mailed check,62.18,4007.91,No
2478-GROBE,Female,0,No,No,46,Yes,Yes,Fiber optic,No,No,No,No,No,No,Two year,No,Mailed check,66.88,3005.66,No
9063-WZYTH,Female,1,No,No,18,Yes,No,DSL,Yes,No,Yes,No,Yes,Yes,Month-to-month,Yes,Credit card (automatic),75.53,1323.25,No
8370-DIMLD,Female,0,No,No,54,Yes,Yes,Fiber optic,No,No,Yes,No,No,No,One year,Yes,Mailed check,84.53,4636.48,No
9861-FHCUV,Female,1,Yes,No,43,No,No phone service,No,No internet service,No internet service,No internet service,No internet service,No internet service,No internet service,Month-to-month,No,Bank transfer (automatic),28.56,1184.83,No
2165-CRXVD,Female,0,No,No,5,Yes,Yes,Fiber optic,Yes,Yes,Yes,No,No,No,Month-to-month,Yes,Electronic check,96.04,481.46,Yes
5072-NMUGU,Male,0,No,No,48,Yes,No,Fiber optic,No,No,Yes,No,No,No,Month-to-month,Yes,Mailed check,84.5,3982.87,No
7902-FUYZV,Female,0,Yes,No,19,Yes,No,Fiber optic,No,Yes,Yes,No,Yes,Yes,Month-to-month,Yes,Bank transfer (automatic),112.76,2085.81,Yes
1688-BQASC,Female,0,No,No,15,Yes,Yes,Fiber optic,No,Yes,Yes,Yes,No,Yes,One year,No,Mailed check,100.61,1490.09,No
7405-MBYBF,Female,0,Yes,No,29,Yes,No,No,No internet service,No internet service,No internet service,No internet service,No internet service,No internet service,Two year,Yes,Mailed check,19.28,514.75,No
9822-CNHYM,Male,0,Yes,No,65,Yes,Yes,DSL,Yes,Yes,Yes,Yes,Yes,Yes,Month-to-month,No,Credit card (automatic),69.79,4458.35,No
8257-XTYWH,Male,0,Yes,No,32,Yes,Yes,DSL,No,No,Yes,Yes,No,No,Month-to-month,No,Credit card (automatic),53.94,1777.96,No
3670-VLNHS,Female,0,No,Yes,63,Yes,No,DSL,Yes,No,No,Yes,No,No,One year,No,Bank transfer (automatic),45.04,2811.75,No
7234-MCKKW,Male,0,Yes,No,0,Yes,Yes,No,No internet service,No internet service,No internet service,No internet service,No internet service,No internet service,Month-to-month,Yes,Credit card (automatic),35.58, ,Yes
8057-DFISC,Male,0,Yes,No,22,Yes,Yes,DSL,Yes,No,Yes,No,Yes,No,Month-to-month,Yes,Mailed check,59.27,1239.64,Yes
3969-QARAJ,Male,0,Yes,Yes,2,Yes,Yes,No,No internet service,No internet service,No internet service,No internet service,No internet service,No internet service,Two year,Yes,Electronic check,32.36,82.01,No
7208-VONRF,Male,1,Yes,Yes,53,Yes,No,DSL,No,No,Yes,No,Yes,Yes,One year,Yes,Electronic check,46.64,2537.32,No
6311-XEFSP,Male,0,Yes,Yes,20,Yes,No,Fiber optic,No,No,No,No,No,Yes,One year,No,Mailed check,77.57,1616.51,Yes
2668-TDATO,Female,0,No,No,2,Yes,Yes,Fiber optic,No,No,No,Yes,Yes,Yes,Month-to-month,Yes,Credit card (automatic),92.0,171.97,Yes
1483-RZINN,Female,0,Yes,Yes,57,Yes,Yes,No,No internet service,No internet service,No internet service,No internet service,No internet service,No internet service,Month-to-month,Yes,Electronic check,18.0,1054.15,No
5114-CWTAD,Female,1,No,Yes,8,Yes,No,DSL,Yes,No,No,Yes,No,Yes,Month-to-month,No,Credit card (automatic),55.7,463.52,No
2470-YDQYR,Male,0,No,No,36,Yes,No,Fiber optic,Yes,No,No,Yes,Yes,Yes,Month-to-month,Yes,Electronic check,89.11,3182.42,No
1091-PLEXY,Male,0,No,No,48,Yes,Yes,No,No internet service,No internet service,No internet service,No internet service,No internet service,No internet service,Two year,Yes,Mailed check,31.79,1527.6,No
6090-DWBNT,Male,0,No,No,67,Yes,Yes,No,No internet service,No internet service,No internet service,No internet service,No internet service,No internet service,Month-to-month,No,Credit card (automatic),26.52,1689.05,No
3012-EYSIL,Male,0,Yes,No,0,Yes,No,No,No internet service,No internet service,No internet service,No internet service,No internet service,No internet service,Month-to-month,No,Mailed check,22.34, ,Yes
8127-ZWGSJ,Male,0,No,No,7,Yes,Yes,No,No internet service,No internet service,No internet service,No internet service,No internet service,No internet service,Month-to-month,No,Mailed check,20.18,159.45,No
5277-LTEIX,Female,0,Yes,Yes,3,Yes,No,Fiber optic,Yes,No,No,No,Yes,No,Two year,Yes,Electronic check,80.99,291.95,No
3852-FSGQC,Female,0,Yes,No,12,Yes,No,DSL,No,No,Yes,No,No,No,One year,Yes,Electronic check,83.1,1020.92,No
5032-FDKEW,Female,0,Yes,Yes,13,Yes,No,Fiber optic,No,No,Yes,No,No,No,Month-to-month,No,Bank transfer (automatic),99.08,1317.77,Yes
3026-IZWDL,Male,1,No,Yes,14,Yes,No,DSL,No,Yes,Yes,No,No,No,One year,Yes,Credit card (automatic),71.05,967.8,No
1316-CPIHW,Male,0,No,No,46,Yes,No,No,No internet service,No internet service,No internet service,No internet service,No internet service,No internet service,Month-to-month,No,Bank transfer (automatic),18.0,857.76,No
3989-JAGBO,Male,0,Yes,Yes,17,Yes,No,Fiber optic,No,No,Yes,No,Yes,No,Month-to-month,Yes,Credit card (automatic),93.32,1542.93,No
4480-XYYDU,Male,0,No,Yes,69,Yes,No,DSL,Yes,No,No,Yes,No,No,Month-to-month,No,Electronic check,59.08,4129.38,No
3726-HHRHN,Male,0,Yes,No,1,Yes,No,No,No internet service,No internet service,No internet service,No internet service,No internet service,No internet service,Month-to-month,No,Electronic check,32.99,26.1,No
7204-VXHWW,Male,0,Yes,No,64,Yes,No,DSL,No,Yes,Yes,No,Yes,No,One year,No,Electronic check,55.43,3496.73,No
5874-CGZFY,Female,0,Yes,Yes,67,Yes,No,Fiber optic,Yes,Yes,No,No,No,Yes,One year,Yes,Credit card (automatic),98.8,6692.03,No
8578-PEYBP,Female,0,No,No,22,Yes,No,Fiber optic,No,No,No,Yes,No,Yes,Month-to-month,Yes,Electronic check,93.26,2060.91,Yes
8792-LIQFX,Male,0,No,No,49,Yes,Yes,No,No internet service,No internet service,No internet service,No internet service,No internet service,No internet service,Month-to-month,Yes,Bank transfer (automatic),37.45,1773.49,No
7637-SQIMD,Male,0,Yes,No,60,Yes,No,Fiber optic,Yes,Yes,No,Yes,Yes,Yes,One year,Yes,Electronic check,76.42,4606.34,No
6180-IULUY,Male,0,Yes,Yes,28,Yes,No,Fiber optic,No,Yes,No,Yes,No,Yes,Month-to-month,Yes,Electronic check,107.04,3041.77,No
9297-INBUD,Male,0,No,No,62,Yes,No,DSL,Yes,No,No,No,No,Yes,Two year,Yes,Credit card (automatic),77.32,4826.11,No
4435-NQZRF,Female,0,No,No,34,No,No phone service,Fiber optic,No,Yes,No,No,No,Yes,Two year,Yes,Credit card (automatic),78.17,2639.9,No
8594-YQQXD,Female,0,Yes,No,47,Yes,No,Fiber optic,No,No,No,No,No,Yes,Month-to-month,No,Mailed check,84.81,3953.71,No
3016-APBUU,Female,0,No,Yes,42,No,No phone service,DSL,No,No,No,No,Yes,Yes,Month-to-month,Yes,Electronic check,53.38,2222.66,No
8093-UNNXB,Female,0,No,No,59,Yes,Yes,Fiber optic,No,No,Yes,No,Yes,No,One year,No,Electronic check,95.95,5760.03,No
2849-WGNKN,Male,0,Yes,Yes,35,Yes,Yes,Fiber optic,Yes,No,Yes,No,No,No,One year,Yes,Mailed check,90.12,3137.26,No
7271-LWOFO,Male,0,Yes,No,46,Yes,Yes,DSL,Yes,Yes,Yes,Yes,No,No,Month-to-month,No,Mailed check,69.92,3173.58,No
4811-RAHUY,Male,1,No,No,37,Yes,No,DSL,Yes,No,Yes,Yes,No,Yes,One year,Yes,Mailed check,61.09,2266.26,No
8797-CZVGL,Male,0,Yes,Yes,12,Yes,Yes,DSL,Yes,No,Yes,Yes,Yes,Yes,Two year,No,Bank transfer (automatic),72.04,841.8,No
1903-DLEPL,Female,0,Yes,Yes,64,Yes,No,Fiber optic,No,No,No,No,No,No,Two year,No,Electronic check,78.3,4959.71,No
2149-SIWGP,Male,0,No,No,3,No,No phone service,No,No internet service,No internet service,No internet service,No internet service,No internet service,No internet service,Month-to-month,No,Electronic check,27.88,48.19,Yes
3555-YUQIQ,Male,0,No,No,7,Yes,Yes,DSL,No,No,Yes,No,Yes,Yes,Month-to-month,Yes,Bank transfer (automatic),75.85,501.94,Yes
7844-TWOEF,Male,0,No,No,9,Yes,Yes,Fiber optic,Yes,Yes,No,No,No,Yes,Month-to-month,Yes,Electronic check,72.11,535.91,Yes
6975-YGOLM,Male,0,No,No,48,Yes,No,No,No internet service,No internet service,No internet service,No internet service,No internet service,No internet service,Month-to-month,No,Mailed check,18.0,958.95,No
3506-UVYHZ,Female,0,Yes,Yes,1,Yes,Yes,Fiber optic,No,Yes,No,Yes,Yes,Yes,Month-to-month,Yes,Electronic check,74.04,163.61,No
6261-RIXYM,Male,0,No,No,51,Yes,Yes,No,No internet service,No internet service,No internet service,No internet service,No internet service,No internet service,One year,No,Bank transfer (automatic),36.21,1874.81,No
7914-VWPDH,Male,0,Yes,No,59,Yes,Yes,DSL,No,No,No,No,Yes,Yes,Month-to-month,Yes,Credit card (automatic),40.9,2368.96,No
6090-UVTDF,Male,0,No,No,7,Yes,Yes,Fiber optic,No,Yes,No,Yes,No,Yes,Month-to-month,Yes,Bank transfer (automatic),96.45,685.56,Yes
5332-IWUYJ,Female,1,Yes,No,34,Yes,No,Fiber optic,No,Yes,No,No,No,Yes,One year,Yes,Bank transfer (automatic),112.03,3874.6,No
1456-JAVUN,Female,0,Yes,No,4,Yes,No,DSL,Yes,No,Yes,No,No,No,Month-to-month,No,Bank transfer (automatic),54.53,195.85,No
9556-ODJPR,Female,0,Yes,Yes,66,Yes,Yes,Fiber optic,No,Yes,No,No,No,Yes,Month-to-month,Yes,Electronic check,74.04,4998.19,No
4968-MMXAV,Male,0,No,Yes,30,Yes,No,Fiber optic,No,Yes,No,No,Yes,Yes,Month-to-month,Yes,Bank transfer (automatic),68.95,2159.22,Yes
5310-ANPVW,Male,0,No,No,1,No,No phone service,DSL,Yes,Yes,No,Yes,No,No,Month-to-month,No,Electronic check,47.72,11.6,Yes
7133-FEMRZ,Female,0,No,No,22,Yes,Yes,Fiber optic,No,No,Yes,No,Yes,No,Month-to-month,Yes,Credit card (automatic),79.62,1737.89,No
4800-VCDVC,Male,1,Yes,No,13,Yes,Yes,Fiber optic,Yes,Yes,No,No,Yes,No,Two year,No,Electronic check,111.3,1493.15,No
2886-TDPXQ,Male,1,Yes,Yes,40,Yes,No,Fiber optic,No,No,Yes,No,No,No,Month-to-month,No,Credit card (automatic),88.33,3545.56,No
6736-HPHSC,Female,0,No,No,61,Yes,No,Fiber optic,No,No,No,No,Yes,No,Month-to-month,Yes,Mailed check,96.01,5860.05,No
5897-FXNXQ,Male,0,Yes,No,14,Yes,No,No,No internet service,No internet service,No internet service,No internet service,No internet service,No internet service,Month-to-month,Yes,Mailed check,20.0,343.26,Yes
1267-DIJDR,Male,0,No,No,4,Yes,No,No,No internet service,No internet service,No internet service,No internet service,No internet service,No internet service,Month-to-month,No,Mailed check,25.18,105.89,No
6279-OHBUN,Female,0,No,No,55,Yes,Yes,Fiber optic,No,No,No,No,No,No,Month-to-month,Yes,Mailed check,72.39,3960.35,No
7032-HDPGE,Male,0,No,No,59,Yes,No,Fiber optic,Yes,No,No,No,Yes,No,Two year,Yes,Bank transfer (automatic),75.89,4478.11,No
2624-IRYCN,Male,0,Yes,No,2,Yes,Yes,Fiber optic,No,No,No,No,Yes,Yes,One year,No,Mailed check,85.01,200.65,No
3776-CXBTJ,Male,0,No,No,3,Yes,Yes,Fiber optic,No,No,No,No,No,No,Two year,No,Bank transfer (automatic),87.56,235.23,Yes
3422-FQCSO,Female,0,No,No,5,Yes,Yes,DSL,Yes,No,No,No,Yes,Yes,Two year,Yes,Electronic check,73.29,331.33,No
9773-DQXZB,Male,0,No,No,6,Yes,Yes,Fiber optic,Yes,Yes,No,No,Yes,Yes,Month-to-month,No,Electronic check,96.21,631.87,Yes
8403-WATLQ,Male,0,No,Yes,50,Yes,No,DSL,Yes,No,No,No,Yes,No,One year,Yes,Credit card (automatic),60.87,2939.44,No
8775-LUYIN,Female,1,Yes,No,49,Yes,Yes,DSL,No,Yes,Yes,No,Yes,Yes,Two year,No,Electronic check,65.65,3220.62,No
5919-KEOOL,Female,0,No,No,56,Yes,No,DSL,No,Yes,Yes,No,No,No,One year,Yes,Electronic check,44.78,2496.57,No
8322-OMLED,Female,0,Yes,No,32,No,No phone service,DSL,Yes,No,Yes,No,Yes,No,Month-to-month,Yes,Credit card (automatic),53.65,1758.77,No
2924-CLWUC,Male,0,No,Yes,18,Yes,No,DSL,No,Yes,No,No,Yes,Yes,One year,Yes,Electronic check,60.79,1104.87,No
4242-JZBUH,Male,0,No,Yes,2,Yes,No,Fiber optic,No,No,No,No,Yes,Yes,Month-to-month,No,Mailed check,62.78,174.91,Yes
1137-WRKWY,Female,0,No,Yes,54,Yes,No,DSL,No,No,No,No,No,No,Month-to-month,Yes,Bank transfer (automatic),68.9,3658.19,No
6187-MTBCB,Female,0,Yes,Yes,50,No,No phone service,No,No internet service,No internet service,No internet service,No internet service,No internet service,No internet service,Month-to-month,Yes,Bank transfer (automatic),19.72,976.19,No
3960-AVSQF,Male,0,No,Yes,64,Yes,No,DSL,No,No,No,Yes,No,No,Month-to-month,Yes,Mailed check,55.75,3542.59,No
3866-BYRXO,Female,0,Yes,Yes,9,Yes,Yes,No,No internet service,No internet service,No internet service,No internet service,No internet service,No internet service,Month-to-month,No,Bank transfer (automatic),22.12,296.42,No
5090-YXORJ,Male,0,Yes,Yes,0,Yes,Yes,Fiber optic,No,Yes,No,No,No,Yes,Month-to-month,Yes,Bank transfer (automatic),103.1, ,Yes
9024-XZQQQ,Female,0,No,Yes,55,Yes,Yes,Fiber optic,No,No,No,No,Yes,No,Two year,Yes,Credit card (automatic),70.6,3869.47,No
6869-DIVER,Female,1,No,No,0,Yes,No,DSL,No,No,Yes,No,No,No,Two year,No,Credit card (automatic),42.52, ,No
6289-HGXBC,Male,0,Yes,No,2,Yes,Yes,No,No internet service,No internet service,No internet service,No internet service,No internet service,No internet service,Two year,No,Bank transfer (automatic),26.07,60.54,No
2022-SVPMO,Female,0,No,No,28,Yes,Yes,DSL,Yes,No,No,No,No,No,Month-to-month,Yes,Mailed check,35.88,1076.75,No
3294-GQHLH,Female,0,No,No,29,Yes,Yes,DSL,No,Yes,No,No,No,No,Month-to-month,No,Electronic check,55.11,1617.35,No
9465-OQQKE,Male,0,No,No,63,Yes,No,DSL,No,Yes,No,Yes,Yes,No,Month-to-month,Yes,Electronic check,63.98,4027.98,Yes
3057-AFDPO,Male,0,No,Yes,70,Yes,Yes,Fiber optic,No,No,Yes,No,No,Yes,Two year,Yes,Credit card (automatic),85.87,5923.2,No
3980-VTVFE,Female,0,No,No,3,Yes,No,DSL,No,No,No,No,Yes,No,Month-to-month,Yes,Electronic check,63.64,260.79,No
1061-JCBJG,Male,0,Yes,No,31,Yes,No,No,No internet service,No internet service,No internet service,No internet service,No internet service,No internet service,Month-to-month,No,Mailed check,30.63,953.24,No
5814-FXBSK,Male,1,Yes,No,29,Yes,No,Fiber optic,No,Yes,Yes,No,No,No,Month-to-month,No,Credit card (automatic),71.63,2056.48,Yes
4852-SCXHB,Male,0,No,Yes,27,Yes,No,No,No internet service,No internet service,No internet service,No internet service,No internet service,No internet service,Month-to-month,No,Electronic check,31.09,786.3,No
1778-SQDXW,Female,0,No,No,3,Yes,Yes,Fiber optic,No,Yes,No,No,No,No,One year,No,Mailed check,75.0,277.65,No
6241-HTGHV,Male,0,Yes,Yes,45,No,No phone service,DSL,No,Yes,No,No,Yes,Yes,Two year,No,Bank transfer (automatic),53.72,2461.64,No
4157-SJBGI,Female,1,Yes,Yes,66,Yes,Yes,Fiber optic,Yes,No,No,Yes,Yes,Yes,Month-to-month,Yes,Bank transfer (automatic),99.28,6576.83,No
6391-HWVJC,Male,0,No,No,5,Yes,No,DSL,Yes,No,No,No,No,No,Month-to-month,Yes,Electronic check,82.53,398.54,No
8512-AEOOQ,Male,0,No,Yes,4,Yes,Yes,No,No internet service,No internet service,No internet service,No internet service,No internet service,No internet service,Two year,Yes,Electronic check,28.45,138.82,No
2409-VUDWW,Female,0,No,No,56,Yes,Yes,Fiber optic,No,No,No,Yes,No,No,Month-to-month,No,Bank transfer (automatic),77.58,4353.2,No
3630-KGRJU,Male,0,No,Yes,27,No,No phone service,Fiber optic,No,No,No,Yes,No,No,Month-to-month,No,Electronic check,110.12,3004.42,Yes
8913-IMTMB,Male,0,No,No,57,Yes,No,Fiber optic,No,No,No,Yes,No,Yes,Two year,No,Bank transfer (automatic),99.16,5595.53,No
6146-OPOCX,Male,0,No,No,62,Yes,Yes,Fiber optic,No,No,No,No,Yes,No,One year,No,Electronic check,114.12,7120.54,No
9254-HNYDY,Female,0,Yes,No,11,Yes,No,No,No internet service,No internet service,No internet service,No internet service,No internet service,No internet service,Two year,Yes,Electronic check,28.66,369.18,No
2170-FPVVO,Male,0,No,No,1,Yes,No,Fiber optic,No,No,No,No,No,Yes,Month-to-month,No,Mailed check,67.77,95.61,Yes
6219-QVTYN,Male,0,No,No,49,Yes,No,Fiber optic,No,No,Yes,No,Yes,No,Month-to-month,No,Electronic check,87.9,4288.18,No
3132-YIDRQ,Male,0,No,Yes,70,Yes,No,Fiber optic,No,Yes,No,No,Yes,No,Two year,Yes,Electronic check,89.51,6273.44,Yes
8146-KNUSE,Male,0,Yes,No,15,Yes,No,DSL,No,No,No,Yes,No,Yes,Month-to-month,No,Credit card (automatic),70.17,1138.83,Yes
3013-HOGEV,Male,1,No,No,7,Yes,Yes,Fiber optic,No,No,No,Yes,Yes,No,One year,Yes,Electronic check,84.24,702.12,Yes
7158-GUQOM,Female,0,No,No,60,Yes,Yes,Fiber optic,No,No,No,Yes,No,No,Two year,No,Credit card (automatic),77.95,4614.23,No
9602-HKDNE,Male,1,Yes,No,7,Yes,Yes,No,No internet service,No internet service,No internet service,No internet service,No internet service,No internet service,One year,No,Bank transfer (automatic),31.68,209.08,No
1820-ODFQV,Male,0,No,No,7,Yes,No,Fiber optic,Yes,No,No,No,Yes,No,Month-to-month,Yes,Bank transfer (automatic),102.37,744.27,Yes
9737-GCLBY,Female,0,No,No,27,No,No phone service,No,No internet service,No internet service,No internet service,No internet service,No internet service,No internet service,Month-to-month,No,Credit card (automatic),30.01,799.91,No
2380-TPQTR,Female,0,No,No,70,Yes,Yes,Fiber optic,No,No,Yes,No,Yes,No,Month-to-month,No,Electronic check,80.31,5609.29,Yes
6488-IDSNL,Male,0,No,No,63,Yes,Yes,Fiber optic,Yes,No,Yes,No,No,Yes,One year,No,Mailed check,91.1,5769.77,No
3863-WPEAZ,Male,0,Yes,Yes,53,Yes,Yes,DSL,No,No,Yes,Yes,No,No,Month-to-month,Yes,Electronic check,60.6,3244.89,No
9247-IXRQR,Male,0,No,No,28,Yes,Yes,Fiber optic,Yes,No,No,No,No,No,One year,No,Electronic check,63.11,1809.76,No
7787-JPSMB,Female,1,Yes,No,36,Yes,Yes,DSL,No,No,Yes,No,No,Yes,Month-to-month,Yes,Credit card (automatic),70.98,2593.84,No
8603-BBJHY,Male,0,No,Yes,41,Yes,Yes,Fiber optic,Yes,No,No,No,Yes,No,Month-to-month,Yes,Bank transfer (automatic),74.79,3049.33,No
8807-BKYQU,Male,1,No,Yes,65,Yes,No,Fiber optic,Yes,No,Yes,No,No,No,Month-to-month,Yes,Bank transfer (automatic),89.49,5773.51,Yes
4147-KFFWW,Male,0,No,No,60,Yes,No,Fiber optic,Yes,Yes,Yes,No,No,No,One year,Yes,Mailed check,105.13,6330.82,No
3644-HLOZQ,Male,0,No,Yes,1,Yes,Yes,No,No internet service,No internet service,No internet service,No internet service,No internet service,No internet service,Month-to-month,No,Electronic check,18.0,0.0,Yes
9130-TORFW,Male,0,No,No,44,Yes,No,Fiber optic,Yes,No,No,No,No,No,Two year,No,Credit card (automatic),111.08,4924.36,No
7904-LPKYB,Male,0,Yes,Yes,68,Yes,No,Fiber optic,No,Yes,No,No,No,Yes,Month-to-month,Yes,Electronic check,99.94,6811.31,No
8741-ZEKTQ,Female,0,Yes,No,1,Yes,No,Fiber optic,Yes,No,No,No,Yes,Yes,Month-to-month,Yes,Electronic check,92.1,143.24,Yes
8794-IYGQS,Female,0,Yes,Yes,25,Yes,No,DSL,No,Yes,No,Yes,Yes,No,One year,Yes,Electronic check,73.35,1818.15,No
1709-LSTZT,Female,0,No,No,0,Yes,Yes,DSL,Yes,No,Yes,No,Yes,Yes,One year,No,Electronic check,48.17, ,No
3288-ROQNT,Female,0,No,Yes,3,Yes,No,DSL,No,No,No,Yes,Yes,No,One year,Yes,Credit card (automatic),60.01,220.55,No
9088-EKOBC,Male,0,No,Yes,17,Yes,Yes,No,No internet service,No internet service,No internet service,No internet service,No internet service,No internet service,Month-to-month,Yes,Credit card (automatic),18.0,333.75,No
8529-FVYFH,Female,1,Yes,Yes,35,Yes,Yes,DSL,No,No,No,Yes,Yes,No,Month-to-month,Yes,Electronic check,47.27,1669.34,No
7539-KCXJW,Female,0,No,Yes,1,Yes,No,No,No internet service,No internet service,No internet service,No internet service,No internet service,No internet service,Month-to-month,Yes,Mailed check,33.23,104.69,Yes
8350-QHSWR,Female,0,Yes,No,39,Yes,No,DSL,Yes,Yes,No,No,No,No,Month-to-month,No,Electronic check,55.71,2167.26,No
1601-JEHJE,Female,0,No,Yes,24,Yes,No,Fiber optic,No,No,No,No,No,Yes,Two year,No,Electronic check,91.09,2168.86,No
8795-HKNAV,Male,0,No,No,2,No,No phone service,Fiber optic,No,No,No,No,No,Yes,Month-to-month,Yes,Electronic check,89.42,152.89,Yes
1457-WACVP,Male,1,No,No,5,No,No phone service,Fiber optic,No,No,No,Yes,No,No,Month-to-month,No,Credit card (automatic),82.7,396.29,Yes
9667-YJUAO,Male,0,No,Yes,27,Yes,No,Fiber optic,Yes,Yes,No,No,Yes,No,One year,Yes,Electronic check,91.67,2536.56,Yes
5315-EZTMZ,Male,0,Yes,Yes,1,Yes,Yes,Fiber optic,Yes,No,Yes,No,Yes,No,Month-to-month,No,Mailed check,96.79,62.73,Yes
1067-DVQAD,Male,0,Yes,No,59,Yes,Yes,DSL,Yes,Yes,No,No,No,Yes,Two year,Yes,Electronic check,64.41,3834.07,No
2683-ANGZF,Male,0,No,No,39,Yes,No,DSL,No,Yes,Yes,Yes,No,Yes,Month-to-month,No,Mailed check,71.03,2812.8,No
1231-JNAXW,Male,0,No,No,47,Yes,Yes,Fiber optic,No,No,No,No,No,No,Month-to-month,Yes,Bank transfer (automatic),75.24,3493.99,Yes
8288-IREQV,Female,0,Yes,No,48,No,No phone service,Fiber optic,Yes,No,Yes,No,Yes,No,Month-to-month,Yes,Electronic check,79.19,3842.85,No
6974-BSGFR,Female,0,Yes,Yes,63,Yes,No,No,No internet service,No internet service,No internet service,No internet service,No internet service,No internet service,Two year,Yes,Bank transfer (automatic),31.01,1888.94,No
1809-LWFVC,Female,0,No,No,57,Yes,Yes,DSL,Yes,No,No,Yes,No,Yes,Month-to-month,No,Bank transfer (automatic),52.47,3011.14,No
7263-WUAHC,Male,0,Yes,No,37,Yes,No,Fiber optic,Yes,No,No,No,No,No,Two year,No,Bank transfer (automatic),68.44,2476.19,No
1497-SHBBF,Female,0,Yes,Yes,24,Yes,No,Fiber optic,No,No,No,No,No,No,Month-to-month,Yes,Credit card (automatic),100.4,2413.28,Yes
7585-DIMVA,Female,1,Yes,No,40,Yes,No,Fiber optic,No,No,Yes,No,No,Yes,Month-to-month,No,Electronic check,74.74,3033.48,Yes
6693-SSTEH,Female,0,No,No,31,Yes,No,Fiber optic,No,No,Yes,Yes,No,Yes,Month-to-month,No,Electronic check,81.94,2495.34,Yes
8718-MXLVO,Female,1,Yes,No,31,Yes,Yes,DSL,No,No,No,No,No,Yes,Month-to-month,No,Mailed check,67.77,2142.93,Yes
4233-NHXWE,Male,0,Yes,No,63,Yes,No,DSL,Yes,No,Yes,Yes,Yes,No,Month-to-month,Yes,Electronic check,52.48,3399.95,No
1508-QSWIQ,Male,0,Yes,Yes,64,Yes,Yes,DSL,Yes,No,No,No,Yes,No,Two year,Yes,Electronic check,71.99,4545.79,No
3859-YMSCQ,Female,0,Yes,No,0,Yes,Yes,Fiber optic,No,No,Yes,Yes,Yes,No,Month-to-month,Yes,Mailed check,78.48, ,Yes
5868-MHKMR,Female,0,No,No,7,Yes,No,DSL,Yes,Yes,No,No,No,No,Month-to-month,Yes,Bank transfer (automatic),59.31,348.08,Yes
6491-QLUFI,Male,0,Yes,No,10,Yes,No,DSL,Yes,No,No,No,Yes,No,Month-to-month,Yes,Electronic check,37.99,373.36,No
2375-ERLCP,Male,0,Yes,No,58,Yes,Yes,Fiber optic,No,Yes,No,No,No,No,Month-to-month,Yes,Electronic check,76.37,4470.23,Yes
9852-VTORT,Male,1,No,No,66,Yes,Yes,Fiber optic,No,No,No,No,Yes,No,Month-to-month,Yes,Mailed check,94.61,6266.12,Yes
1699-XQYBT,Male,0,No,No,10,Yes,Yes,Fiber optic,Yes,No,Yes,No,Yes,No,Two year,No,Credit card (automatic),97.32,877.12,No
4393-ISNDG,Female,0,Yes,Yes,9,Yes,Yes,No,No internet service,No internet service,No internet service,No internet service,No internet service,No internet service,Month-to-month,Yes,Bank transfer (automatic),18.0,149.66,No
7260-IJBTC,Female,0,Yes,No,39,Yes,Yes,Fiber optic,No,Yes,No,Yes,Yes,Yes,Month-to-month,Yes,Electronic check,77.36,2981.02,No
8035-IWVOQ,Male,0,No,No,67,Yes,No,DSL,Yes,No,No,No,No,No,One year,Yes,Mailed check,63.89,4210.18,No
8878-ZZDQP,Male,0,No,Yes,39,No,No phone service,DSL,Yes,No,No,Yes,Yes,Yes,Month-to-month,Yes,Electronic check,57.46,2205.24,No
6327-SBITO,Male,0,No,Yes,2,No,No phone service,DSL,Yes,No,No,No,No,No,Two year,Yes,Electronic check,52.79,99.15,No
2728-XWWDR,Male,0,Yes,Yes,33,Yes,Yes,DSL,No,No,No,No,Yes,No,Month-to-month,Yes,Mailed check,59.74,1942.75,No
3142-XMHGQ,Female,0,No,No,42,Yes,No,No,No internet service,No internet service,No internet service,No internet service,No internet service,No internet service,Month-to-month,No,Bank transfer (automatic),34.08,1403.27,Yes
5399-IZHOZ,Female,0,Yes,Yes,0,Yes,No,DSL,No,No,Yes,No,Yes,No,Month-to-month,Yes,Credit card (automatic),80.93, ,Yes
3631-PUHXN,Female,0,Yes,No,5,Yes,No,DSL,No,No,No,Yes,No,No,Two year,Yes,Credit card (automatic),56.74,307.44,No
9191-MNTNK,Male,0,No,No,38,Yes,No,DSL,Yes,Yes,Yes,No,No,No,One year,Yes,Bank transfer (automatic),52.21,1952.65,No
5980-SQVDN,Female,0,No,No,40,Yes,No,DSL,Yes,No,No,Yes,No,Yes,One year,No,Bank transfer (automatic),74.36,2950.93,Yes
7071-MKLEX,Female,0,Yes,Yes,0,Yes,Yes,Fiber optic,No,No,No,No,No,No,Month-to-month,Yes,Mailed check,105.08, ,Yes
9031-QBIZZ,Male,0,Yes,No,0,No,No phone service,No,No internet service,No internet service,No internet service,No internet service,No internet service,No internet service,Month-to-month,No,Mailed check,38.84, ,No
7827-NGARZ,Female,0,No,No,5,Yes,No,DSL,No,Yes,No,No,No,No,One year,Yes,Credit card (automatic),44.47,124.06,Yes
2448-IQPNM,Female,0,Yes,No,50,Yes,No,Fiber optic,Yes,No,Yes,No,No,Yes,Month-to-month,Yes,Bank transfer (automatic),89.19,4454.26,No
9116-YXWHL,Female,0,Yes,Yes,43,Yes,No,DSL,Yes,Yes,Yes,Yes,Yes,Yes,Month-to-month,Yes,Credit card (automatic),60.07,2619.02,No
4129-NURJD,Male,0,Yes,No,71,Yes,No,Fiber optic,No,Yes,No,No,No,No,Month-to-month,Yes,Mailed check,97.36,6950.55,No
9820-HKUHF,Male,0,Yes,No,13,No,No phone service,No,No internet service,No internet service,No internet service,No internet service,No internet service,No internet service,Month-to-month,Yes,Mailed check,33.88,401.78,Yes
3565-CTWYZ,Male,0,No,No,28,Yes,Yes,DSL,Yes,Yes,Yes,Yes,Yes,No,Month-to-month,No,Electronic check,57.21,1584.21,No
8383-HGRYD,Male,0,Yes,No,4,Yes,No,Fiber optic,No,Yes,No,No,Yes,No,Two year,No,Electronic check,82.82,357.38,No
4267-BTJNB,Male,0,No,No,27,Yes,Yes,Fiber optic,No,No,Yes,No,Yes,No,One year,Yes,Electronic check,73.97,1972.43,No
3835-JTWSB,Female,0,No,No,64,Yes,No,DSL,Yes,Yes,No,No,No,Yes,One year,Yes,Electronic check,42.12,2673.84,No
2927-WGXHF,Male,0,Yes,Yes,44,Yes,No,DSL,Yes,No,Yes,No,Yes,No,One year,No,Electronic check,70.09,3097.67,No
8269-RNAEP,Male,0,No,No,27,Yes,No,DSL,No,No,Yes,No,Yes,No,Month-to-month,Yes,Mailed check,58.44,1632.83,No
3629-TOEGT,Female,1,Yes,No,9,Yes,No,Fiber optic,No,No,Yes,No,Yes,Yes,One year,Yes,Bank transfer (automatic),82.35,765.64,No
8933-LFJJP,Female,0,No,No,48,Yes,No,DSL,No,No,No,No,Yes,No,Two year,No,Mailed check,53.31,2580.14,No
9542-VWMKD,Male,0,No,No,65,No,No phone service,Fiber optic,No,No,No,Yes,No,No,Month-to-month,No,Mailed check,81.67,5313.07,No
6491-CRLFH,Female,1,No,No,0,Yes,No,DSL,No,No,Yes,No,No,No,Month-to-month,No,Electronic check,40.47, ,Yes
1535-JAGRE,Male,1,Yes,No,46,Yes,Yes,Fiber optic,No,No,No,No,Yes,No,Month-to-month,Yes,Mailed check,98.16,4489.63,Yes
4139-SYUFZ,Male,0,No,No,42,Yes,No,DSL,No,Yes,No,Yes,No,Yes,Month-to-month,Yes,Bank transfer (automatic),62.83,2620.4,No
5862-SUPDI,Female,1,No,No,42,Yes,No,DSL,No,No,Yes,Yes,No,No,Month-to-month,Yes,Electronic check,47.02,1900.09,No
6463-CBJSO,Male,0,Yes,No,17,Yes,Yes,DSL,Yes,Yes,Yes,No,Yes,No,Two year,No,Mailed check,52.27,895.64,No
8023-ABCWN,Male,0,Yes,No,26,Yes,No,Fiber optic,No,Yes,No,No,Yes,No,Month-to-month,Yes,Bank transfer (automatic),65.94,1688.56,No
7076-GUMNJ,Male,0,Yes,No,48,Yes,Yes,DSL,No,Yes,No,Yes,Yes,Yes,Two year,Yes,Bank transfer (automatic),60.18,2758.41,No
7483-JTUUK,Female,0,Yes,No,1,Yes,Yes,Fiber optic,Yes,No,Yes,No,Yes,Yes,One year,Yes,Credit card (automatic),85.14,84.95,Yes
6779-JJRTT,Male,0,Yes,Yes,51,Yes,No,Fiber optic,No,No,No,No,Yes,No,Month-to-month,Yes,Electronic check,85.1,4373.37,Yes
1102-GJPHO,Female,0,No,No,35,Yes,Yes,DSL,Yes,Yes,Yes,No,No,Yes,Two year,Yes,Mailed check,63.52,2263.1,No
4089-MUYTU,Male,0,No,No,41,Yes,Yes,DSL,No,No,Yes,No,No,No,Two year,Yes,Electronic check,58.42,2374.58,No
1667-LKPDQ,Female,0,Yes,No,50,Yes,Yes,No,No internet service,No internet service,No internet service,No internet service,No internet service,No internet service,One year,Yes,Electronic check,19.8,989.7,No
7933-HLRYL,Male,0,No,No,59,Yes,No,DSL,No,Yes,No,Yes,No,No,Month-to-month,No,Mailed check,80.84,4709.38,No
6744-TBMJS,Male,0,No,No,69,Yes,Yes,Fiber optic,No,No,No,No,No,No,Month-to-month,Yes,Bank transfer (automatic),71.48,4862.81,No
6383-HKCYL,Female,1,No,No,0,Yes,No,Fiber optic,No,No,Yes,No,Yes,Yes,One year,No,Electronic check,95.06, ,Yes
5465-EFNGP,Female,0,No,No,47,Yes,No,Fiber optic,No,No,Yes,No,No,No,Two year,No,Mailed check,91.89,4299.21,No
6715-TTAAB,Male,0,No,No,14,Yes,No,Fiber optic,No,No,No,No,No,No,Month-to-month,Yes,Mailed check,73.16,1071.85,Yes
2070-PSAQS,Male,0,No,No,53,Yes,No,DSL,Yes,No,Yes,No,No,No,One year,Yes,Bank transfer (automatic),62.38,3264.78,No
1117-EDQPU,Male,0,Yes,No,42,Yes,No,Fiber optic,No,Yes,No,No,No,Yes,One year,Yes,Credit card (automatic),71.95,3080.4,No
1432-TMQZR,Male,0,Yes,No,3,Yes,Yes,No,No internet service,No internet service,No internet service,No internet service,No internet service,No internet service,One year,No,Bank transfer (automatic),37.66,47.25,No
5891-CWJDX,Female,0,No,Yes,1,Yes,No,Fiber optic,No,No,No,No,Yes,No,Month-to-month,No,Electronic check,74.89,65.27,Yes
5606-ONTVG,Male,0,Yes,Yes,26,Yes,No,DSL,No,Yes,Yes,No,Yes,No,Month-to-month,No,Electronic check,57.83,1499.41,No
2174-PUMCK,Female,0,Yes,No,4,Yes,No,No,No internet service,No internet service,No internet service,No internet service,No internet service,No internet service,One year,Yes,Electronic check,30.38,132.3,No
5928-RUJGJ,Male,0,Yes,No,12,Yes,No,Fiber optic,No,Yes,No,No,Yes,Yes,Month-to-month,Yes,Credit card (automatic),81.0,995.45,Yes
6851-XKVMA,Male,0,Yes,No,5,Yes,Yes,Fiber optic,No,Yes,Yes,No,No,Yes,Two year,Yes,Credit card (automatic),85.1,429.13,Yes
2693-LFQRA,Male,0,Yes,No,51,Yes,Yes,Fiber optic,Yes,Yes,Yes,No,No,Yes,Two year,No,Electronic check,77.13,3853.7,No
8118-VYPKJ,Male,0,No,No,25,Yes,No,Fiber optic,No,No,Yes,Yes,No,No,Two year,No,Bank transfer (automatic),106.39,2719.72,No
2672-EESZN,Male,1,Yes,Yes,9,Yes,Yes,Fiber optic,No,Yes,No,No,Yes,Yes,One year,No,Electronic check,75.63,704.67,Yes
8344-RBRYB,Female,0,No,Yes,41,Yes,Yes,Fiber optic,No,Yes,No,No,No,Yes,One year,Yes,Credit card (automatic),68.49,2780.44,No
8674-OFYEL,Male,0,No,No,58,Yes,No,No,No internet service,No internet service,No internet service,No internet service,No internet service,No internet service,Two year,Yes,Mailed check,29.98,1711.4,No
8449-QUCYV,Female,1,No,No,63,Yes,No,No,No internet service,No internet service,No internet service,No internet service,No internet service,No internet service,Two year,No,Credit card (automatic),37.67,2381.6,No
6509-HFAWC,Male,0,Yes,No,1,Yes,Yes,No,No internet service,No internet service,No internet service,No internet service,No internet service,No internet service,Month-to-month,No,Credit card (automatic),18.0,137.52,Yes
3074-UKNRD,Male,1,Yes,No,44,Yes,Yes,No,No internet service,No internet service,No internet service,No internet service,No internet service,No internet service,One year,Yes,Mailed check,38.44,1609.29,No
1089-HVSLV,Male,0,No,No,21,Yes,No,DSL,No,No,Yes,No,No,No,Month-to-month,Yes,Bank transfer (automatic),62.23,1295.62,Yes
4137-MTVEV,Male,0,No,No,59,Yes,No,Fiber optic,Yes,No,No,Yes,Yes,No,Two year,Yes,Credit card (automatic),81.29,4801.39,No
2663-AHEMO,Female,0,Yes,No,8,Yes,No,Fiber optic,No,No,No,Yes,No,Yes,Two year,Yes,Credit card (automatic),65.22,396.13,No
9763-TVVBF,Female,0,No,No,58,Yes,Yes,Fiber optic,No,No,No,Yes,Yes,No,Month-to-month,Yes,Credit card (automatic),74.2,4266.1,Yes
3186-SPCQK,Female,1,No,No,58,Yes,Yes,Fiber optic,No,Yes,Yes,No,Yes,No,One year,No,Mailed check,90.76,5289.81,No
1256-NLSMF,Female,0,Yes,No,10,Yes,No,No,No internet service,No internet service,No internet service,No internet service,No internet service,No internet service,Month-to-month,Yes,Mailed check,22.55,250.8,No
2364-KBRVJ,Male,1,No,No,2,Yes,No,Fiber optic,Yes,No,No,Yes,No,No,Two year,Yes,Mailed check,95.22,198.22,No
5334-AUTEZ,Male,0,No,Yes,2,Yes,Yes,Fiber optic,No,No,No,No,Yes,No,Month-to-month,No,Electronic check,104.14,207.51,Yes
8672-XGEXB,Female,1,No,No,8,Yes,Yes,No,No internet service,No internet service,No internet service,No internet service,No internet service,No internet service,Month-to-month,Yes,Electronic check,26.68,277.92,Yes
6417-XZVKQ,Male,1,Yes,No,29,Yes,No,No,No internet service,No internet service,No internet service,No internet service,No internet service,No internet service,Two year,Yes,Credit card (automatic),18.0,573.28,No
7848-CDOFK,Male,0,Yes,No,24,Yes,Yes,DSL,Yes,No,No,No,Yes,No,Month-to-month,No,Mailed check,50.92,1133.56,Yes
3283-PNYQA,Female,1,Yes,Yes,3,Yes,No,Fiber optic,No,Yes,No,Yes,Yes,No,Month-to-month,No,Credit card (automatic),114.56,295.3,Yes
9452-OGEPS,Female,0,Yes,No,3,Yes,Yes,No,No internet service,No internet service,No internet service,No internet service,No internet service,No internet service,Month-to-month,Yes,Bank transfer (automatic),31.5,130.03,No
5913-KWLZT,Female,0,Yes,No,2,Yes,No,Fiber optic,No,Yes,Yes,Yes,No,Yes,One year,No,Mailed check,87.39,265.54,No
3132-TKVZE,Male,0,No,No,64,Yes,Yes,DSL,No,Yes,No,No,Yes,No,Month-to-month,Yes,Bank transfer (automatic),53.89,3511.66,No
6045-ZHQDE,Female,0,No,No,1,Yes,Yes,DSL,Yes,No,Yes,Yes,No,Yes,Month-to-month,No,Mailed check,44.67,43.02,Yes
5305-TUKIP,Male,0,Yes,Yes,2,Yes,Yes,Fiber optic,No,Yes,No,No,No,No,Two year,No,Mailed check,71.5,88.6,No
6198-UVYUE,Male,0,No,No,0,Yes,Yes,Fiber optic,No,No,No,Yes,No,Yes,Month-to-month,Yes,Bank transfer (automatic),95.12, ,No
3770-XPGNX,Male,0,Yes,No,8,Yes,No,No,No internet service,No internet service,No internet service,No internet service,No internet service,No internet service,Month-to-month,No,Electronic check,21.48,141.13,No
9336-CBUQO,Female,0,Yes,No,18,Yes,Yes,DSL,Yes,Yes,Yes,No,No,No,Month-to-month,No,Electronic check,41.47,769.7,Yes
9762-ANGPS,Female,0,No,No,9,No,No phone service,No,No internet service,No internet service,No internet service,No internet service,No internet service,No internet service,Month-to-month,Yes,Bank transfer (automatic),19.18,147.78,Yes
1930-QDPRM,Female,0,No,Yes,10,Yes,No,No,No internet service,No internet service,No internet service,No internet service,No internet service,No internet service,Month-to-month,No,Mailed check,19.15,201.82,No
5176-RUVRE,Male,0,Yes,No,0,Yes,No,Fiber optic,No,No,No,No,No,No,One year,No,Credit card (automatic),71.76, ,No
4609-HQYQF,Male,1,No,No,42,Yes,No,Fiber optic,Yes,Yes,Yes,No,No,No,Month-to-month,Yes,Mailed check,75.77,3164.51,No
4018-EPLZW,Male,1,No,No,56,Yes,Yes,DSL,No,No,No,No,Yes,Yes,Month-to-month,No,Electronic check,61.29,3407.34,Yes
1013-AGXQV,Female,1,No,Yes,61,Yes,No,DSL,No,Yes,Yes,No,Yes,No,One year,No,Bank transfer (automatic),81.31,4969.02,No
6567-KSCSS,Male,0,No,No,54,Yes,No,DSL,Yes,Yes,Yes,No,Yes,No,Month-to-month,No,Credit card (automatic),69.08,3731.5,No
7438-GOWNM,Male,0,Yes,No,7,Yes,Yes,DSL,No,No,No,No,Yes,Yes,Month-to-month,Yes,Mailed check,41.98,296.67,No
7913-MIUIE,Female,1,Yes,Yes,0,Yes,No,DSL,No,No,Yes,No,No,No,Month-to-month,Yes,Mailed check,59.85, ,No
3045-VXBII,Male,0,No,No,49,Yes,No,Fiber optic,No,No,No,No,Yes,No,Month-to-month,No,Mailed check,109.44,5312.6,Yes
9629-FRUHL,Female,0,No,No,63,Yes,No,DSL,No,No,Yes,No,No,No,One year,Yes,Mailed check,55.2,3524.55,No
4499-CDIFN,Male,0,Yes,Yes,5,Yes,No,No,No internet service,No internet service,No internet service,No internet service,No internet service,No internet service,Month-to-month,Yes,Electronic check,22.25,88.61,No
8656-YNJUK,Female,0,Yes,No,49,Yes,No,No,No internet service,No internet service,No internet service,No internet service,No internet service,No internet service,Month-to-month,No,Credit card (automatic),18.0,897.97,Yes
8232-SWQZY,Male,0,Yes,No,3,Yes,Yes,DSL,No,No,Yes,No,Yes,No,Two year,Yes,Mailed check,65.09,224.0,No
2794-ZDDUF,Male,0,Yes,No,12,Yes,No,No,No internet service,No internet service,No internet service,No internet service,No internet service,No internet service,One year,Yes,Mailed check,42.32,461.82,No
2101-QLCRR,Male,0,Yes,No,30,Yes,Yes,Fiber optic,No,No,No,Yes,Yes,No,One year,Yes,Credit card (automatic),99.18,2963.66,No
7246-KQJRU,Male,0,No,No,58,Yes,No,No,No internet service,No internet service,No internet service,No internet service,No internet service,No internet service,Month-to-month,No,Mailed check,18.57,1096.16,No
5133-MRPNQ,Female,0,Yes,Yes,25,Yes,Yes,Fiber optic,No,No,No,Yes,Yes,No,Two year,Yes,Electronic check,70.28,1668.65,No
3607-DQDDC,Male,0,No,No,42,Yes,Yes,DSL,Yes,Yes,No,Yes,No,Yes,Month-to-month,Yes,Electronic check,61.14,2557.37,No
7042-LTWLQ,Male,0,Yes,No,6,Yes,Yes,Fiber optic,No,No,No,No,No,No,Month-to-month,Yes,Mailed check,68.81,395.81,Yes
9357-NDWPA,Female,0,Yes,Yes,9,Yes,Yes,Fiber optic,No,Yes,Yes,Yes,Yes,Yes,Month-to-month,Yes,Mailed check,99.82,898.76,Yes
5219-ZRJVC,Male,0,No,No,17,Yes,Yes,No,No internet service,No internet service,No internet service,No internet service,No internet service,No internet service,Month-to-month,No,Mailed check,38.47,598.02,Yes
4149-EUBWF,Female,0,Yes,No,54,Yes,No,Fiber optic,Yes,Yes,No,Yes,No,No,Two year,No,Credit card (automatic),97.38,5312.91,No
6797-MEDKH,Female,0,Yes,Yes,59,Yes,No,Fiber optic,No,Yes,No,No,No,No,Month-to-month,Yes,Credit card (automatic),101.8,6039.15,No
8960-FPQYY,Male,0,No,No,7,Yes,No,Fiber optic,No,No,No,Yes,No,No,One year,Yes,Bank transfer (automatic),104.01,785.36,Yes
5254-TYYPL,Female,1,Yes,No,1,No,No phone service,No,No internet service,No internet service,No internet service,No internet service,No internet service,No internet service,Month-to-month,Yes,Credit card (automatic),30.9,37.19,Yes
9493-ZKMDA,Male,0,Yes,No,48,Yes,Yes,Fiber optic,No,Yes,Yes,No,No,Yes,Two year,No,Mailed check,77.36,3707.46,No
9473-LXYIL,Male,0,No,Yes,10,Yes,No,Fiber optic,Yes,Yes,No,No,No,Yes,Month-to-month,No,Electronic check,75.15,714.25,Yes
3046-EYYXB,Male,1,Yes,No,4,Yes,Yes,DSL,No,No,No,No,Yes,No,One year,No,Credit card (automatic),67.28,245.77,Yes
5550-NAXHT,Female,0,No,No,69,Yes,Yes,No,No internet service,No internet service,No internet service,No internet service,No internet service,No internet service,One year,No,Credit card (automatic),24.92,1668.91,No
5266-DIJPB,Female,0,Yes,No,3,Yes,No,No,No internet service,No internet service,No internet service,No internet service,No internet service,No internet service,One year,Yes,Bank transfer (automatic),22.71,79.57,No
8228-FEXPH,Male,0,Yes,No,55,Yes,No,Fiber optic,No,Yes,Yes,No,No,Yes,Month-to-month,No,Electronic check,101.03,5498.7,Yes
5750-JOVZD,Female,0,Yes,No,2,Yes,Yes,No,No internet service,No internet service,No internet service,No internet service,No internet service,No internet service,Two year,Yes,Credit card (automatic),40.17,65.62,No
9546-PSPIZ,Male,0,No,No,7,No,No phone service,Fiber optic,No,No,Yes,Yes,No,Yes,Month-to-month,Yes,Electronic check,92.8,527.1,Yes
6778-DUIRC,Female,0,Yes,Yes,12,Yes,Yes,Fiber optic,Yes,No,No,Yes,No,No,One year,No,Bank transfer (automatic),87.9,906.24,Yes
9580-AQRJE,Female,0,No,Yes,3,Yes,No,No,No internet service,No internet service,No internet service,No internet service,No internet service,No internet service,Month-to-month,No,Electronic check,23.08,98.61,No
4940-KHXFJ,Female,0,No,Yes,1,No,No phone service,Fiber optic,No,No,Yes,Yes,Yes,Yes,Month-to-month,Yes,Electronic check,73.47,0.0,Yes
3997-USNBQ,Female,0,No,No,49,Yes,Yes,Fiber optic,No,No,No,Yes,No,No,Two year,Yes,Credit card (automatic),78.35,3806.94,No
8466-UDOIX,Female,0,Yes,No,38,Yes,No,No,No internet service,No internet service,No internet service,No internet service,No internet service,No internet service,One year,No,Electronic check,23.6,896.31,Yes
2455-TWXAD,Male,1,No,No,21,Yes,No,No,No internet service,No internet service,No internet service,No internet service,No internet service,No internet service,Month-to-month,No,Credit card (automatic),25.73,571.51,No
8578-CGJCA,Female,0,No,Yes,5,Yes,No,Fiber optic,No,Yes,No,No,No,Yes,Month-to-month,No,Mailed check,93.54,491.23,Yes
8657-XTDMD,Female,0,Yes,No,32,Yes,No,DSL,No,Yes,Yes,Yes,No,No,Month-to-month,No,Electronic check,74.33,2401.82,Yes
5684-UPDUX,Female,0,No,Yes,4,Yes,No,No,No internet service,No internet service,No internet service,No internet service,No internet service,No internet service,Month-to-month,Yes,Electronic check,24.98,76.64,No
5326-CUVWE,Male,0,No,Yes,8,No,No phone service,DSL,Yes,No,Yes,Yes,No,Yes,Two year,Yes,Mailed check,67.35,505.96,No
6592-OPLNN,Female,0,No,No,59,Yes,Yes,Fiber optic,No,No,No,No,No,Yes,Two year,Yes,Mailed check,105.43,6220.07,No
9177-YIYDC,Male,0,No,No,52,Yes,No,Fiber optic,Yes,No,No,No,Yes,Yes,One year,Yes,Credit card (automatic),88.37,4638.31,No
9234-JCHXQ,Male,0,Yes,No,24,Yes,No,No,No internet service,No internet service,No internet service,No internet service,No internet service,No internet service,Month-to-month,No,Electronic check,35.03,808.09,No
5990-YFDBX,Female,1,Yes,No,2,Yes,Yes,Fiber optic,Yes,No,No,No,No,Yes,One year,Yes,Mailed check,112.94,113.09,Yes
3116-WTKYL,Male,0,No,No,42,Yes,No,Fiber optic,No,Yes,Yes,No,No,No,Month-to-month,No,Bank transfer (automatic),98.83,4129.35,Yes
4664-DMKLN,Female,0,No,No,3,Yes,No,Fiber optic,No,No,Yes,Yes,No,Yes,Month-to-month,No,Mailed check,82.67,334.65,Yes
6749-PQAGQ,Male,0,No,No,33,Yes,No,Fiber optic,No,No,Yes,No,Yes,Yes,One year,Yes,Bank transfer (automatic),99.3,3198.53,No
5720-TKEOK,Female,0,Yes,No,4,Yes,Yes,Fiber optic,No,Yes,No,No,No,Yes,Month-to-month,Yes,Mailed check,79.47,379.01,Yes
8184-LJEGR,Female,0,No,Yes,9,No,No phone service,DSL,Yes,No,Yes,Yes,No,Yes,Month-to-month,No,Electronic check,65.91,457.05,No
1813-ASFRY,Male,1,No,No,53,Yes,No,Fiber optic,Yes,No,No,No,Yes,Yes,Month-to-month,Yes,Credit card (automatic),100.62,5275.61,No
6903-CYTZU,Female,0,No,No,7,Yes,Yes,DSL,No,Yes,Yes,No,Yes,Yes,Month-to-month,No,Credit card (automatic),47.4,369.98,Yes
8283-GFFES,Male,0,Yes,Yes,0,Yes,No,No,No internet service,No internet service,No internet service,No internet service,No internet service,No internet service,Month-to-month,No,Bank transfer (automatic),23.78, ,No
4135-LVUUX,Female,0,No,No,40,Yes,Yes,DSL,No,No,No,No,No,No,Month-to-month,Yes,Bank transfer (automatic),70.15,2810.75,No
6251-WFBTE,Female,0,Yes,No,37,Yes,No,No,No internet service,No internet service,No internet service,No internet service,No internet service,No internet service,One year,No,Electronic check,18.02,665.13,No
9902-NTZHH,Male,0,No,Yes,18,Yes,No,DSL,No,No,Yes,No,Yes,No,Month-to-month,Yes,Credit card (automatic),68.96,1327.75,No
5218-KPDLP,Female,0,Yes,No,53,Yes,No,Fiber optic,Yes,No,No,No,No,Yes,Two year,Yes,Credit card (automatic),99.47,5232.01,No
8068-NTDHR,Female,0,No,Yes,6,Yes,No,Fiber optic,No,No,Yes,No,Yes,Yes,Month-to-month,No,Electronic check,90.95,622.34,Yes
8304-UUFOD,Female,0,Yes,No,44,Yes,No,Fiber optic,No,No,No,Yes,Yes,No,Two year,Yes,Bank transfer (automatic),86.97,3797.14,No
6943-RUIEB,Female,0,Yes,No,3,Yes,No,Fiber optic,Yes,No,Yes,No,Yes,Yes,Month-to-month,Yes,Bank transfer (automatic),107.79,326.62,Yes
6723-SCRYG,Male,0,Yes,Yes,1,Yes,No,Fiber optic,No,Yes,No,No,Yes,No,One year,No,Mailed check,71.49,55.38,No
2234-TLOJW,Female,0,No,Yes,9,Yes,Yes,Fiber optic,Yes,Yes,Yes,No,Yes,No,Month-to-month,No,Mailed check,97.61,896.74,Yes
5930-YONYW,Male,1,No,No,56,Yes,No,Fiber optic,Yes,No,Yes,No,No,No,Two year,No,Electronic check,85.67,4745.45,No
4726-OGRZK,Male,0,No,No,5,Yes,No,Fiber optic,No,No,No,Yes,No,Yes,Two year,Yes,Mailed check,97.68,473.23,No
2485-BYFOX,Female,0,No,No,40,Yes,No,Fiber optic,Yes,No,No,No,No,No,Month-to-month,Yes,Bank transfer (automatic),91.61,3651.44,Yes
3336-ATNYH,Male,0,Yes,No,0,Yes,Yes,Fiber optic,No,No,Yes,No,No,Yes,One year,Yes,Bank transfer (automatic),74.78, ,Yes
2763-QUXYN,Female,0,Yes,Yes,70,Yes,No,Fiber optic,Yes,Yes,Yes,No,Yes,No,Month-to-month,Yes,Electronic check,76.64,5288.08,No
2962-OOARW,Male,0,Yes,No,71,Yes,No,DSL,Yes,No,No,No,No,No,Two year,Yes,Credit card (automatic),71.14,4976.67,No
9194-UFPUS,Female,0,Yes,No,0,Yes,Yes,Fiber optic,No,No,No,No,No,No,Month-to-month,Yes,Electronic check,98.87, ,Yes
5414-AHDHH,Female,0,No,No,48,Yes,No,Fiber optic,Yes,Yes,No,Yes,No,Yes,Two year,Yes,Credit card (automatic),100.49,4815.04,No
9052-FUNPU,Male,0,Yes,No,2,Yes,Yes,DSL,Yes,Yes,Yes,No,No,No,Month-to-month,Yes,Electronic check,65.05,123.65,Yes
1205-JDTPE,Male,0,No,No,28,Yes,No,DSL,Yes,No,No,Yes,Yes,No,One year,Yes,Electronic check,42.45,1140.44,No
9102-OHNQI,Male,0,No,No,1,No,No phone service,DSL,Yes,No,No,Yes,No,No,Two year,No,Bank transfer (automatic),65.77,23.98,No
9554-UTSYF,Female,1,No,No,5,Yes,No,No,No internet service,No internet service,No internet service,No internet service,No internet service,No internet service,Month-to-month,Yes,Electronic check,37.69,192.09,Yes
3835-GYVJG,Female,1,Yes,Yes,58,Yes,No,Fiber optic,No,No,No,Yes,No,No,Month-to-month,No,Bank transfer (automatic),107.39,6207.56,No
3256-VRZWA,Male,0,No,Yes,14,Yes,No,DSL,No,No,No,Yes,Yes,Yes,Month-to-month,Yes,Electronic check,58.59,844.86,Yes
7814-CYBMW,Female,0,No,No,4,Yes,No,No,No internet service,No internet service,No internet service,No internet service,No internet service,No internet service,Month-to-month,Yes,Credit card (automatic),31.25,116.67,Yes
1611-GPIAI,Male,0,No,No,6,Yes,No,Fiber optic,Yes,No,No,No,No,No,Two year,No,Mailed check,67.61,364.98,No
3299-YKICE,Male,1,No,No,70,Yes,No,Fiber optic,No,Yes,No,Yes,No,No,One year,Yes,Electronic check,63.6,4334.27,No
2128-ZMIAG,Male,0,Yes,Yes,44,Yes,No,No,No internet service,No internet service,No internet service,No internet service,No internet service,No internet service,Month-to-month,No,Mailed check,18.0,826.68,No
7947-QAMOL,Male,0,No,Yes,27,Yes,Yes,Fiber optic,Yes,No,Yes,No,No,Yes,Month-to-month,Yes,Credit card (automatic),85.22,2285.77,Yes
2183-DZUDU,Female,0,No,No,67,Yes,Yes,Fiber optic,Yes,No,Yes,Yes,Yes,Yes,Two year,No,Bank transfer (automatic),93.67,6334.82,No
9492-BFDBT,Female,0,No,No,57,Yes,No,Fiber optic,No,No,No,No,Yes,Yes,Month-to-month,Yes,Electronic check,92.4,5213.08,No
9663-KKKGY,Female,0,No,Yes,56,Yes,No,DSL,No,Yes,No,No,No,Yes,Month-to-month,Yes,Bank transfer (automatic),52.61,2887.76,No
8677-YWVIX,Female,0,No,Yes,69,Yes,Yes,Fiber optic,No,No,No,Yes,No,No,One year,No,Credit card (automatic),110.61,7652.31,No
2350-GLLXZ,Male,0,Yes,No,56,No,No phone service,Fiber optic,No,No,No,Yes,Yes,Yes,Month-to-month,Yes,Electronic check,86.88,4867.73,No
8161-VXFOP,Male,1,Yes,Yes,54,Yes,No,DSL,No,Yes,No,Yes,Yes,Yes,Month-to-month,Yes,Mailed check,80.5,4317.92,No
6299-EYHHX,Female,0,No,No,0,Yes,No,Fiber optic,Yes,No,No,Yes,Yes,Yes,Month-to-month,Yes,Electronic check,101.28, ,Yes
5693-TUTZJ,Female,1,No,No,47,Yes,Yes,Fiber optic,Yes,Yes,No,No,Yes,No,Month-to-month,Yes,Electronic check,77.92,3652.2,Yes
5992-FHPTN,Female,0,No,Yes,38,Yes,No,DSL,No,No,Yes,Yes,No,No,One year,Yes,Electronic check,63.24,2416.81,No
2143-BFKWH,Male,1,Yes,No,5,No,No phone service,No,No internet service,No internet service,No internet service,No internet service,No internet service,No internet service,Two year,No,Electronic check,23.44,159.84,No
5287-DCKSY,Female,0,No,Yes,59,No,No phone service,DSL,No,No,No,No,No,No,One year,Yes,Mailed check,66.0,3862.43,No
5042-CMOZB,Female,0,No,No,36,Yes,Yes,No,No internet service,No internet service,No internet service,No internet service,No internet service,No internet service,Two year,Yes,Bank transfer (automatic),36.91,1325.11,No
4534-ZVFJS,Female,0,No,No,68,Yes,No,Fiber optic,No,No,Yes,No,No,No,Month-to-month,No,Mailed check,90.71,6266.54,No
8806-XUSEA,Female,1,Yes,No,43,No,No phone service,DSL,No,Yes,No,Yes,No,No,Two year,No,Electronic check,63.04,2753.91,No
7447-QIHNM,Male,0,Yes,Yes,4,Yes,No,DSL,Yes,Yes,No,Yes,Yes,No,Month-to-month,Yes,Bank transfer (automatic),67.41,290.22,Yes
2378-TSKLE,Male,0,No,Yes,27,Yes,No,Fiber optic,No,Yes,No,No,Yes,Yes,Month-to-month,No,Electronic check,87.03,2351.9,Yes
7897-RQEXX,Male,0,No,Yes,14,Yes,No,DSL,Yes,Yes,No,No,No,No,Month-to-month,Yes,Mailed check,45.54,725.46,No
2273-KDWQJ,Male,0,Yes,No,12,Yes,Yes,Fiber optic,No,Yes,No,No,Yes,No,Month-to-month,No,Credit card (automatic),69.8,805.1,No
3658-EXMIU,Female,0,No,No,60,Yes,Yes,Fiber optic,Yes,No,No,Yes,Yes,Yes,Two year,Yes,Mailed check,82.34,4944.22,No
2474-GYKWT,Female,0,Yes,No,27,Yes,No,DSL,No,No,No,No,Yes,Yes,One year,Yes,Mailed check,40.41,1112.88,No
9887-TFNLM,Male,0,Yes,Yes,43,Yes,No,Fiber optic,No,Yes,No,No,No,No,Month-to-month,Yes,Credit card (automatic),70.13,2947.03,No
7095-FTRSE,Male,0,Yes,No,65,Yes,Yes,DSL,Yes,Yes,Yes,Yes,No,No,One year,Yes,Mailed check,45.36,2921.79,No
8852-IJBAP,Female,0,Yes,No,56,Yes,No,Fiber optic,Yes,Yes,Yes,No,No,No,Month-to-month,Yes,Bank transfer (automatic),107.91,6184.67,No
6793-SCFGK,Female,0,No,Yes,61,Yes,Yes,Fiber optic,No,Yes,No,No,No,Yes,Month-to-month,Yes,Credit card (automatic),97.59,5958.32,No
8634-JFTCV,Male,0,Yes,No,60,Yes,Yes,Fiber optic,No,No,Yes,No,Yes,No,Month-to-month,Yes,Electronic check,79.98,4808.78,No
8566-YWDTE,Female,0,No,No,6,Yes,No,No,No internet service,No internet service,No internet service,No internet service,No internet service,No internet service,One year,Yes,Credit card (automatic),28.19,168.54,No
1328-NPLHG,Male,0,Yes,No,43,Yes,Yes,Fiber optic,No,No,Yes,No,No,Yes,One year,No,Mailed check,77.56,3246.92,No
9342-VNXLB,Male,0,Yes,No,43,Yes,No,No,No internet service,No internet service,No internet service,No internet service,No internet service,No internet service,Month-to-month,No,Mailed check,32.16,1362.99,No
6751-ENJAY,Male,0,Yes,Yes,27,Yes,Yes,Fiber optic,No,No,Yes,No,Yes,No,One year,Yes,Electronic check,103.42,2803.21,No
6275-GORQV,Female,0,Yes,No,0,Yes,No,No,No internet service,No internet service,No internet service,No internet service,No internet service,No internet service,One year,Yes,Electronic check,23.3, ,No
5825-SLAIW,Female,0,No,No,51,Yes,No,Fiber optic,Yes,No,Yes,No,No,No,Two year,Yes,Bank transfer (automatic),96.96,4964.46,No
8475-NQHNS,Female,0,No,No,0,Yes,No,Fiber optic,Yes,No,No,No,Yes,No,Month-to-month,Yes,Credit card (automatic),99.15, ,Yes
5741-EVOEF,Male,0,No,No,0,No,No phone service,No,No internet service,No internet service,No internet service,No internet service,No internet service,No internet service,Month-to-month,No,Mailed check,35.08, ,Yes
6236-WOSBX,Female,0,No,Yes,4,Yes,No,No,No internet service,No internet service,No internet service,No internet service,No internet service,No internet service,Month-to-month,No,Mailed check,21.23,142.99,No
4856-GOEQL,Female,1,No,No,64,No,No phone service,No,No internet service,No internet service,No internet service,No internet service,No internet service,No internet service,Two year,Yes,Bank transfer (automatic),24.88,1585.9,No
5863-GGCAO,Male,0,No,No,46,Yes,No,Fiber optic,Yes,Yes,No,No,No,Yes,Month-to-month,Yes,Credit card (automatic),64.08,2898.81,No
4827-JBOAW,Male,0,No,No,37,Yes,Yes,Fiber optic,Yes,Yes,No,No,No,No,Month-to-month,Yes,Mailed check,76.75,2824.93,No
6649-COSRU,Male,0,No,No,28,Yes,No,DSL,Yes,No,No,No,Yes,No,Two year,No,Electronic check,43.15,1165.81,No
7783-CPPNC,Female,0,Yes,No,63,No,No phone service,DSL,No,No,Yes,Yes,Yes,No,Month-to-month,No,Bank transfer (automatic),68.54,4237.47,No
2396-VSNHJ,Male,0,Yes,No,16,Yes,Yes,Fiber optic,No,No,Yes,No,No,Yes,Month-to-month,Yes,Credit card (automatic),68.98,1181.91,Yes
4231-QZMOI,Male,1,No,No,52,Yes,Yes,DSL,Yes,Yes,Yes,No,No,No,One year,Yes,Mailed check,58.9,3002.9,No
5645-DZMNJ,Female,0,No,Yes,3,Yes,Yes,DSL,No,No,No,Yes,Yes,No,Two year,No,Electronic check,45.37,219.16,No
9398-BSMDE,Female,0,Yes,No,53,Yes,No,DSL,No,No,Yes,No,No,Yes,Two year,No,Bank transfer (automatic),75.1,4020.09,No
5881-CKXRX,Female,0,No,No,6,Yes,No,Fiber optic,No,Yes,No,Yes,Yes,Yes,Month-to-month,No,Credit card (automatic),106.9,715.01,Yes
8273-QRKHT,Female,1,Yes,No,9,Yes,Yes,No,No internet service,No internet service,No internet service,No internet service,No internet service,No internet service,One year,Yes,Credit card (automatic),26.94,225.75,No
8145-MLSQE,Male,0,No,No,31,Yes,No,Fiber optic,No,No,Yes,No,No,Yes,Two year,No,Electronic check,80.53,2454.53,No
4704-YBHND,Female,0,No,No,38,Yes,Yes,No,No internet service,No internet service,No internet service,No internet service,No internet service,No internet service,Two year,Yes,Credit card (automatic),18.98,683.52,No
7593-RQPDC,Male,1,Yes,Yes,50,Yes,Yes,No,No internet service,No internet service,No internet service,No internet service,No internet service,No internet service,Month-to-month,Yes,Credit card (automatic),23.76,1202.38,No
3794-NLGXR,Male,1,No,No,28,Yes,No,DSL,No,Yes,Yes,No,Yes,No,One year,Yes,Credit card (automatic),53.99,1491.59,No
2798-TZBNF,Female,0,No,No,23,Yes,Yes,No,No internet service,No internet service,No internet service,No internet service,No internet service,No internet service,One year,No,Mailed check,18.0,382.6,No
4065-WEUII,Male,0,No,No,27,Yes,Yes,DSL,No,No,Yes,Yes,No,No,One year,Yes,Credit card (automatic),55.7,1563.45,Yes
2626-RONUJ,Male,0,No,No,3,Yes,Yes,DSL,No,No,No,No,No,No,Month-to-month,Yes,Bank transfer (automatic),65.24,206.64,Yes
9007-ZEDWZ,Female,0,No,No,46,Yes,No,Fiber optic,No,Yes,No,No,No,Yes,Month-to-month,Yes,Electronic check,79.95,3784.59,No
1158-NWTEG,Male,0,No,No,5,Yes,No,Fiber optic,No,No,No,Yes,Yes,No,Month-to-month,Yes,Bank transfer (automatic),74.61,337.62,No
7290-SBRLI,Male,0,No,Yes,20,Yes,No,Fiber optic,No,Yes,No,No,Yes,Yes,Month-to-month,Yes,Mailed check,87.65,1711.04,No
7766-ZODXW,Female,0,Yes,No,63,Yes,Yes,DSL,No,No,Yes,Yes,No,No,One year,Yes,Electronic check,64.04,3974.12,No
6192-ZXFQM,Female,0,Yes,No,45,Yes,Yes,Fiber optic,No,Yes,Yes,No,No,No,Two year,No,Credit card (automatic),98.67,4440.58,No
8160-JHMEO,Female,0,Yes,No,8,No,No phone service,No,No internet service,No internet service,No internet service,No internet service,No internet service,No internet service,Month-to-month,Yes,Mailed check,21.75,226.6,No
5860-KNAHT,Male,0,Yes,No,29,Yes,No,No,No internet service,No internet service,No internet service,No internet service,No internet service,No internet service,Two year,Yes,Credit card (automatic),30.52,932.35,No
4223-GIISV,Female,0,No,No,68,Yes,No,DSL,No,Yes,Yes,No,No,No,One year,Yes,Credit card (automatic),61.81,4288.09,No
6220-BMYES,Female,0,No,Yes,0,Yes,Yes,No,No internet service,No internet service,No internet service,No internet service,No internet service,No internet service,Month-to-month,Yes,Electronic check,25.44, ,Yes
9305-KGULK,Male,0,No,No,42,No,No phone service,Fiber optic,No,Yes,No,No,No,No,Month-to-month,Yes,Credit card (automatic),77.48,3239.66,No
4963-XBPAM,Male,0,Yes,No,33,Yes,Yes,No,No internet service,No internet service,No internet service,No internet service,No internet service,No internet service,Month-to-month,Yes,Electronic check,31.17,1048.23,Yes
8752-IYZRF,Male,0,No,Yes,48,Yes,No,DSL,No,Yes,No,No,Yes,No,Month-to-month,No,Credit card (automatic),51.74,2543.55,No
4427-BWSJR,Female,1,No,No,14,Yes,No,No,No internet service,No internet service,No internet service,No internet service,No internet service,No internet service,Two year,Yes,Bank transfer (automatic),21.02,261.0,No
5796-URDXK,Male,0,Yes,Yes,32,Yes,Yes,Fiber optic,No,No,No,No,No,No,Month-to-month,No,Mailed check,102.11,3219.27,Yes
2242-XLCHF,Female,1,No,No,60,Yes,No,Fiber optic,No,No,No,No,Yes,No,Month-to-month,Yes,Credit card (automatic),93.77,5640.77,No
8351-MXDXC,Female,0,Yes,No,67,No,No phone service,No,No internet service,No internet service,No internet service,No internet service,No internet service,No internet service,Month-to-month,Yes,Mailed check,34.55,2308.09,No
7425-DLXQW,Male,0,No,Yes,41,Yes,Yes,Fiber optic,No,No,Yes,Yes,No,Yes,Month-to-month,Yes,Electronic check,104.64,4318.7,No
3593-NFXUF,Female,0,Yes,No,5,Yes,No,Fiber optic,No,Yes,Yes,No,Yes,Yes,One year,Yes,Electronic check,95.93,435.59,Yes
8261-BBRKP,Male,0,No,No,42,Yes,No,Fiber optic,No,No,No,No,No,Yes,Month-to-month,No,Electronic check,105.39,4433.47,Yes
1875-LBSXV,Male,0,No,Yes,68,Yes,No,Fiber optic,No,Yes,No,No,Yes,No,One year,Yes,Bank transfer (automatic),85.28,5779.42,No
1373-DTXNG,Female,0,No,No,3,Yes,No,DSL,No,Yes,Yes,Yes,Yes,No,Two year,No,Electronic check,68.26,187.71,No
7626-OABBP,Male,0,Yes,Yes,32,Yes,No,Fiber optic,No,No,No,No,No,Yes,One year,Yes,Credit card (automatic),96.4,3086.53,No
2007-BIICV,Female,0,Yes,No,9,Yes,Yes,Fiber optic,No,No,Yes,No,No,Yes,Two year,No,Electronic check,97.68,784.89,No
5495-KYTBW,Female,0,No,No,43,Yes,No,DSL,No,Yes,No,No,Yes,No,Month-to-month,No,Mailed check,64.4,2742.99,No
7693-SHZIS,Male,0,Yes,Yes,14,Yes,Yes,DSL,Yes,No,No,No,No,No,Two year,No,Electronic check,72.61,993.62,No
5572-ADBCV,Male,0,Yes,No,70,Yes,Yes,DSL,No,Yes,Yes,Yes,No,No,Month-to-month,No,Mailed check,64.52,4526.07,No
3855-TXMQG,Male,0,No,No,20,Yes,No,Fiber optic,No,No,No,No,No,No,One year,No,Bank transfer (automatic),73.08,1414.82,No
9085-FAOWD,Female,0,No,Yes,44,Yes,No,DSL,No,No,Yes,Yes,Yes,No,Two year,No,Electronic check,53.24,2346.88,No
1466-LBNMW,Female,0,No,No,55,Yes,Yes,DSL,No,No,No,No,No,Yes,One year,No,Credit card (automatic),66.44,3592.4,Yes
6910-MXSDR,Male,0,Yes,No,0,Yes,No,Fiber optic,Yes,No,No,No,No,Yes,Month-to-month,No,Mailed check,95.18, ,Yes
7341-LHQJQ,Female,0,No,Yes,4,No,No phone service,No,No internet service,No internet service,No internet service,No internet service,No internet service,No internet service,One year,Yes,Credit card (automatic),20.87,0.0,No
3576-VODPS,Female,0,No,No,53,Yes,No,DSL,No,Yes,Yes,No,No,No,Month-to-month,No,Bank transfer (automatic),52.28,2798.95,No
6851-VTJXL,Female,0,Yes,No,11,Yes,Yes,DSL,No,Yes,Yes,No,No,Yes,One year,Yes,Mailed check,45.44,411.75,No
6088-RFNXY,Male,0,Yes,No,64,Yes,No,Fiber optic,No,No,Yes,No,No,Yes,Month-to-month,Yes,Electronic check,78.01,4960.39,No
9438-VHZUO,Male,0,Yes,No,33,Yes,Yes,Fiber optic,Yes,No,No,Yes,No,No,Month-to-month,Yes,Electronic check,62.66,2052.01,No
4633-PVENQ,Male,0,No,No,26,Yes,Yes,No,No internet service,No internet service,No internet service,No internet service,No internet service,No internet service,Two year,No,Electronic check,21.22,577.14,No
7091-UULTV,Male,0,Yes,Yes,22,Yes,Yes,No,No internet service,No internet service,No internet service,No internet service,No internet service,No internet service,Two year,No,Credit card (automatic),18.0,399.54,No
9538-NZKQM,Male,0,No,Yes,6,Yes,No,Fiber optic,No,No,No,No,Yes,Yes,Month-to-month,Yes,Electronic check,91.01,544.65,Yes
5499-KQXDW,Male,0,Yes,No,46,Yes,Yes,DSL,No,No,No,Yes,No,No,One year,Yes,Bank transfer (automatic),62.28,2907.74,Yes
2397-ANDJU,Male,0,Yes,No,59,Yes,No,DSL,Yes,No,Yes,Yes,No,No,One year,No,Bank transfer (automatic),65.95,3840.8,No
5568-EMSBM,Male,0,No,Yes,32,Yes,No,No,No internet service,No internet service,No internet service,No internet service,No internet service,No internet service,One year,Yes,Electronic check,22.51,725.47,No
3339-TVAXT,Male,0,No,Yes,70,Yes,Yes,Fiber optic,No,Yes,Yes,No,No,No,Two year,Yes,Electronic check,103.62,7213.35,No
5638-MDNYL,Female,0,No,No,55,Yes,Yes,DSL,Yes,Yes,No,Yes,No,No,Month-to-month,No,Credit card (automatic),50.43,2619.17,No
5644-YVRYI,Female,0,No,No,66,Yes,Yes,Fiber optic,No,No,Yes,Yes,No,Yes,Month-to-month,Yes,Electronic check,61.62,4140.04,No
4411-CFVOV,Male,0,Yes,No,51,Yes,No,Fiber optic,No,No,No,No,No,Yes,Two year,Yes,Mailed check,61.01,3065.4,No
5864-QMSIM,Female,1,Yes,No,62,Yes,No,DSL,No,No,Yes,No,No,Yes,Two year,Yes,Mailed check,74.5,4569.32,No
6530-LEDHY,Male,0,Yes,No,11,Yes,Yes,DSL,Yes,No,Yes,No,No,Yes,Month-to-month,Yes,Bank transfer (automatic),61.53,663.19,Yes
7279-JFAGT,Female,0,Yes,Yes,10,Yes,Yes,Fiber optic,No,No,Yes,Yes,Yes,Yes,Month-to-month,Yes,Credit card (automatic),98.91,916.61,Yes
4352-XVXKH,Female,0,No,No,4,Yes,No,Fiber optic,No,Yes,No,No,No,Yes,Month-to-month,Yes,Electronic check,72.19,212.4,Yes
3403-GVWJC,Male,0,No,Yes,7,Yes,Yes,Fiber optic,No,Yes,No,No,No,No,Month-to-month,No,Bank transfer (automatic),83.48,513.89,Yes
8021-DGVLF,Female,0,Yes,No,57,Yes,Yes,No,No internet service,No internet service,No internet service,No internet service,No internet service,No internet service,Month-to-month,Yes,Mailed check,29.2,1638.68,No
6404-AEOMP,Female,1,Yes,Yes,46,No,No phone service,DSL,No,Yes,No,No,Yes,No,Month-to-month,No,Credit card (automatic),52.3,2330.36,No
6283-QHQRI,Female,0,No,No,36,Yes,No,Fiber optic,No,No,Yes,No,No,No,Month-to-month,No,Mailed check,86.85,3170.72,No
1658-RQRYQ,Male,0,No,No,53,Yes,No,Fiber optic,Yes,Yes,Yes,No,Yes,Yes,Month-to-month,Yes,Electronic check,83.22,4358.21,Yes
1499-YQEJU,Male,0,Yes,No,15,Yes,Yes,Fiber optic,No,No,Yes,No,Yes,Yes,Month-to-month,Yes,Mailed check,74.53,1119.74,Yes
6515-DEXLA,Female,1,Yes,No,15,Yes,No,No,No internet service,No internet service,No internet service,No internet service,No internet service,No internet service,Two year,Yes,Electronic check,26.71,414.64,No
8392-LTUIM,Male,0,Yes,No,4,No,No phone service,DSL,No,Yes,Yes,Yes,No,No,Month-to-month,No,Electronic check,47.28,223.67,Yes
2503-USFUG,Female,0,Yes,Yes,36,Yes,Yes,No,No internet service,No internet service,No internet service,No internet service,No internet service,No internet service,One year,No,Electronic check,18.0,642.37,No
4557-SMWLF,Female,0,Yes,No,6,Yes,No,DSL,Yes,Yes,Yes,No,No,No,One year,No,Credit card (automatic),61.59,368.79,No
7611-SYRZU,Male,0,No,No,0,Yes,Yes,DSL,No,Yes,No,No,No,No,Month-to-month,Yes,Bank transfer (automatic),71.69, ,No
4153-RRRVZ,Male,0,Yes,No,0,Yes,Yes,No,No internet service,No internet service,No internet service,No internet service,No internet service,No internet service,Month-to-month,No,Mailed check,30.86, ,No
7879-TAMVJ,Male,0,No,No,40,Yes,No,DSL,No,Yes,Yes,No,No,Yes,One year,Yes,Electronic check,64.33,2566.58,No
6513-DBQSC,Male,0,Yes,No,2,Yes,Yes,No,No internet service,No internet service,No internet service,No internet service,No internet service,No internet service,Month-to-month,No,Credit card (automatic),27.72,15.13,Yes
6444-GFCEV,Female,0,Yes,Yes,3,Yes,No,Fiber optic,No,Yes,Yes,No,Yes,No,Two year,Yes,Electronic check,95.84,408.07,Yes
3777-AOGKU,Female,0,Yes,No,37,Yes,No,Fiber optic,No,Yes,Yes,No,No,No,Month-to-month,No,Credit card (automatic),104.4,3895.35,No
1360-SVOYC,Male,0,No,No,1,Yes,No,DSL,Yes,Yes,Yes,No,No,No,One year,No,Bank transfer (automatic),50.48,98.83,Yes
7989-XVHNU,Female,0,No,Yes,43,Yes,Yes,Fiber optic,No,No,No,Yes,Yes,No,One year,Yes,Electronic check,106.45,4530.91,No
3056-OVQWE,Female,0,Yes,No,63,Yes,Yes,No,No internet service,No internet service,No internet service,No internet service,No internet service,No internet service,One year,No,Electronic check,28.37,1820.78,No
1198-AAGWK,Female,0,No,No,61,Yes,No,DSL,No,Yes,Yes,No,Yes,No,Month-to-month,No,Mailed check,43.79,2664.83,No
7027-UGHLS,Male,0,No,Yes,56,No,No phone service,Fiber optic,Yes,Yes,Yes,No,Yes,Yes,Two year,No,Electronic check,105.24,5799.66,No
7004-BWIER,Female,0,Yes,No,1,Yes,No,DSL,No,Yes,Yes,No,No,Yes,One year,Yes,Electronic check,52.76,31.64,Yes
6464-CUVFQ,Female,0,No,No,25,Yes,No,DSL,No,No,Yes,Yes,No,No,Month-to-month,Yes,Electronic check,54.31,1323.25,No
3844-CDDAF,Male,0,No,Yes,39,Yes,No,Fiber optic,Yes,No,No,Yes,Yes,No,Month-to-month,Yes,Electronic check,82.74,3213.33,No
4219-DFJYI,Female,0,Yes,No,53,Yes,No,DSL,Yes,No,No,No,Yes,Yes,Month-to-month,Yes,Electronic check,39.81,2096.95,No
9532-NUFQP,Female,0,No,No,29,Yes,Yes,No,No internet service,No internet service,No internet service,No internet service,No internet service,No internet service,Month-to-month,Yes,Electronic check,27.51,771.0,No
9623-SXRXU,Male,0,No,Yes,20,Yes,No,Fiber optic,No,No,No,Yes,No,No,Month-to-month,Yes,Mailed check,103.4,1984.27,Yes
1856-JPZKI,Female,0,No,No,71,Yes,No,Fiber optic,No,Yes,No,Yes,Yes,Yes,Month-to-month,No,Electronic check,90.0,6410.7,No
1974-SXCHU,Female,0,Yes,No,59,No,No phone service,Fiber optic,No,No,No,No,Yes,No,One year,Yes,Electronic check,116.37,6867.47,No
5301-JWAXE,Female,0,No,No,44,Yes,No,No,No internet service,No internet service,No internet service,No internet service,No internet service,No internet service,Month-to-month,Yes,Mailed check,31.52,1426.13,No
3995-TGEJA,Male,0,Yes,No,0,Yes,No,DSL,Yes,No,No,No,Yes,No,Month-to-month,Yes,Credit card (automatic),67.52, ,No
9589-ZHMNX,Female,0,No,Yes,37,Yes,No,Fiber optic,Yes,Yes,Yes,Yes,Yes,Yes,One year,Yes,Bank transfer (automatic),68.98,2599.74,No
2003-VZJXM,Female,1,No,No,69,Yes,No,DSL,No,No,Yes,Yes,Yes,Yes,Two year,Yes,Bank transfer (automatic),63.51,4426.32,No
4620-DJKSZ,Female,0,Yes,No,3,No,No phone service,No,No internet service,No internet service,No internet service,No internet service,No internet service,No internet service,One year,Yes,Mailed check,37.34,54.07,No
7713-QXJZP,Male,0,No,No,57,Yes,Yes,No,No internet service,No internet service,No internet service,No internet service,No internet service,No internet service,Month-to-month,Yes,Mailed check,23.36,1345.45,No
3940-QYQPV,Male,0,No,No,25,Yes,No,No,No internet service,No internet service,No internet service,No internet service,No internet service,No internet service,Two year,No,Mailed check,26.41,689.76,No
2648-GFEPM,Female,0,No,Yes,54,Yes,No,DSL,Yes,Yes,No,No,Yes,No,One year,Yes,Electronic check,69.37,3739.82,No
9912-XHKKR,Male,0,No,Yes,6,Yes,Yes,DSL,Yes,No,Yes,No,No,Yes,One year,Yes,Electronic check,44.38,310.52,No
7880-KNHPD,Male,0,No,Yes,10,Yes,Yes,No,No internet service,No internet service,No internet service,No internet service,No internet service,No internet service,One year,No,Credit card (automatic),18.67,279.02,No
8622-ZCYNK,Male,0,Yes,Yes,45,Yes,No,Fiber optic,No,Yes,No,Yes,Yes,Yes,Two year,No,Electronic check,96.18,4345.97,No
8089-HAGRS,Female,0,No,Yes,29,Yes,Yes,Fiber optic,No,Yes,No,No,Yes,Yes,Month-to-month,Yes,Electronic check,84.54,2427.43,No
3530-RIGSK,Male,0,No,No,33,No,No phone service,Fiber optic,No,No,Yes,No,No,No,Month-to-month,No,Electronic check,92.37,3043.23,No
8902-XOFEN,Female,0,No,Yes,67,Yes,No,DSL,No,No,Yes,Yes,No,Yes,Two year,Yes,Electronic check,51.36,3492.07,No
7688-ADYXG,Female,0,No,Yes,7,Yes,No,Fiber optic,No,Yes,No,No,Yes,No,Month-to-month,Yes,Credit card (automatic),99.78,693.54,No
2700-JXWID,Female,0,No,Yes,54,Yes,Yes,Fiber optic,No,Yes,No,No,Yes,No,Month-to-month,No,Mailed check,95.96,5178.45,No
5508-HJJJI,Female,0,Yes,No,9,Yes,No,No,No internet service,No internet service,No internet service,No internet service,No internet service,No internet service,Month-to-month,No,Electronic check,18.0,132.54,No
6886-OLDXV,Male,0,Yes,Yes,8,Yes,No,Fiber optic,No,No,Yes,No,No,Yes,One year,Yes,Mailed check,78.46,634.05,No
6107-IBVVC,Female,0,No,No,70,Yes,No,No,No internet service,No internet service,No internet service,No internet service,No internet service,No internet service,Month-to-month,Yes,Electronic check,37.18,2691.37,No
7697-GQQKX,Male,0,Yes,Yes,45,Yes,Yes,DSL,Yes,No,No,Yes,No,No,Month-to-month,Yes,Electronic check,45.83,2069.81,No
3998-PTVBB,Female,0,Yes,Yes,5,Yes,Yes,Fiber optic,No,Yes,Yes,No,No,No,One year,Yes,Electronic check,90.84,498.68,No
5380-HIILU,Male,1,Yes,No,55,Yes,Yes,No,No internet service,No internet service,No internet service,No internet service,No internet service,No internet service,One year,No,Bank transfer (automatic),24.79,1319.91,No
1899-WERSH,Female,0,No,No,52,Yes,Yes,Fiber optic,Yes,No,No,Yes,No,No,Two year,No,Credit card (automatic),102.12,5406.04,No
4609-GKNWU,Female,0,Yes,No,33,Yes,Yes,Fiber optic,No,No,No,Yes,Yes,No,Month-to-month,Yes,Electronic check,82.68,2714.68,Yes
5431-AABTL,Male,0,Yes,No,1,No,No phone service,DSL,No,No,Yes,No,No,Yes,Two year,Yes,Mailed check,55.98,76.45,No
5231-HGZCK,Female,1,Yes,No,65,Yes,No,DSL,No,Yes,No,No,Yes,Yes,One year,No,Mailed check,65.37,4286.03,No
5177-XFKQW,Male,0,Yes,Yes,7,Yes,Yes,Fiber optic,No,Yes,Yes,No,No,Yes,Two year,Yes,Electronic check,98.13,662.93,No
7707-ZCXHR,Male,1,Yes,No,13,Yes,No,Fiber optic,No,No,No,No,No,Yes,Month-to-month,No,Electronic check,84.43,1229.35,Yes
3222-IQPTF,Male,0,Yes,Yes,1,Yes,No,No,No internet service,No internet service,No internet service,No internet service,No internet service,No internet service,Month-to-month,No,Credit card (automatic),19.63,0.94,No
6402-OUXQE,Male,1,No,No,1,Yes,No,Fiber optic,Yes,No,Yes,No,Yes,No,Two year,No,Credit card (automatic),111.54,115.16,No
9673-ZFQMK,Female,0,Yes,No,6,Yes,No,Fiber optic,Yes,Yes,No,Yes,No,Yes,Two year,No,Credit card (automatic),82.4,428.5,No
9456-YGZYT,Female,0,Yes,Yes,0,Yes,Yes,Fiber optic,No,Yes,Yes,No,No,Yes,One year,Yes,Mailed check,77.62, ,No
8737-ROTSB,Male,0,No,No,65,Yes,Yes,Fiber optic,Yes,No,Yes,No,Yes,No,Month-to-month,Yes,Electronic check,65.59,4254.55,No
2497-BPXSN,Female,0,Yes,No,8,Yes,No,Fiber optic,No,Yes,No,No,Yes,No,Month-to-month,Yes,Electronic check,81.03,619.21,No
2818-ACKUJ,Female,1,Yes,No,0,Yes,No,Fiber optic,Yes,No,No,No,Yes,No,Two year,Yes,Credit card (automatic),101.8, ,No
7753-YFVZW,Female,0,Yes,No,52,Yes,No,Fiber optic,Yes,Yes,No,No,No,No,Month-to-month,Yes,Credit card (automatic),90.71,4775.6,No
3987-WMQWP,Male,0,Yes,No,4,Yes,Yes,DSL,Yes,Yes,No,No,No,No,One year,No,Electronic check,51.39,149.05,No
7635-KZXAH,Female,0,No,No,62,Yes,Yes,No,No internet service,No internet service,No internet service,No internet service,No internet service,No internet service,Month-to-month,No,Mailed check,27.35,1669.76,No
7898-HLGKM,Male,0,No,Yes,24,Yes,No,DSL,Yes,No,No,Yes,Yes,Yes,Month-to-month,No,Bank transfer (automatic),55.55,1286.15,No
4078-SBLEQ,Female,0,Yes,Yes,60,Yes,No,DSL,Yes,No,Yes,No,Yes,No,Two year,Yes,Electronic check,40.84,2379.59,No
3587-WBBKS,Female,0,No,No,48,Yes,No,No,No internet service,No internet service,No internet service,No internet service,No internet service,No internet service,Month-to-month,Yes,Mailed check,31.8,1636.35,No
8228-GIHVH,Female,1,No,No,3,Yes,No,Fiber optic,No,No,Yes,No,No,Yes,Month-to-month,No,Electronic check,98.07,330.26,Yes
8082-HPXOX,Male,1,No,No,63,Yes,Yes,No,No internet service,No internet service,No internet service,No internet service,No internet service,No internet service,Two year,Yes,Credit card (automatic),23.64,1397.5,No
2461-WFMZK,Male,0,No,No,55,Yes,Yes,Fiber optic,No,Yes,No,Yes,Yes,No,Month-to-month,No,Electronic check,96.65,5337.26,No
4216-ZSVLH,Female,0,No,No,61,Yes,No,Fiber optic,No,Yes,No,No,Yes,Yes,Two year,No,Bank transfer (automatic),96.57,5803.88,No
7326-IBJBP,Male,1,No,No,3,Yes,Yes,Fiber optic,No,Yes,Yes,Yes,No,No,One year,Yes,Electronic check,83.77,198.58,No
3087-MBLOP,Male,1,No,No,7,Yes,Yes,Fiber optic,No,No,Yes,No,No,No,Two year,No,Electronic check,97.06,685.56,Yes
4244-UQTNE,Female,0,Yes,No,38,Yes,Yes,No,No internet service,No internet service,No internet service,No internet service,No internet service,No internet service,Month-to-month,Yes,Credit card (automatic),36.34,1417.6,No
4174-ZLAJN,Female,0,No,No,65,Yes,No,Fiber optic,No,No,Yes,No,Yes,No,Month-to-month,No,Electronic check,103.75,6784.75,No
8507-KLGNZ,Male,0,No,No,44,Yes,Yes,Fiber optic,No,Yes,No,Yes,Yes,Yes,One year,Yes,Bank transfer (automatic),56.03,2488.97,No
4900-HJXID,Male,0,No,No,4,Yes,Yes,No,No internet service,No internet service,No internet service,No internet service,No internet service,No internet service,Month-to-month,Yes,Electronic check,38.42,181.73,Yes
6273-MUIHF,Female,0,Yes,No,20,Yes,Yes,Fiber optic,Yes,No,Yes,Yes,No,No,Month-to-month,No,Credit card (automatic),89.32,1812.23,Yes
9444-DTBZI,Male,0,Yes,No,13,Yes,No,DSL,No,Yes,No,No,No,Yes,Month-to-month,Yes,Credit card (automatic),74.77,1019.08,No
8970-HWYHR,Male,0,Yes,No,55,Yes,Yes,DSL,Yes,No,No,Yes,Yes,No,Two year,Yes,Electronic check,65.29,3577.4,No
5491-XOHHX,Male,0,No,No,52,Yes,No,Fiber optic,No,No,No,No,Yes,No,One year,Yes,Mailed check,89.06,4593.59,No
9099-ALOUW,Male,0,No,No,0,Yes,No,Fiber optic,No,No,Yes,Yes,Yes,No,Month-to-month,Yes,Electronic check,92.92, ,Yes
5376-RJMUB,Female,0,No,No,71,Yes,Yes,No,No internet service,No internet service,No internet service,No internet service,No internet service,No internet service,Month-to-month,Yes,Mailed check,27.81,2058.99,No
4231-BOPVY,Male,1,Yes,No,38,Yes,No,Fiber optic,No,No,No,No,No,Yes,Two year,No,Bank transfer (automatic),72.47,2733.71,No
9737-ROUYH,Male,0,Yes,No,70,Yes,Yes,Fiber optic,No,No,Yes,No,No,Yes,One year,Yes,Mailed check,68.72,4812.13,No
3652-ZJQAG,Female,0,Yes,Yes,60,Yes,No,DSL,No,Yes,Yes,Yes,Yes,No,One year,No,Electronic check,42.71,2603.84,No
2240-XYHJP,Male,1,Yes,No,65,Yes,No,Fiber optic,No,No,No,No,Yes,No,Month-to-month,Yes,Electronic check,83.92,5505.73,Yes
4956-VBBJL,Male,0,No,No,62,Yes,Yes,Fiber optic,No,No,No,Yes,Yes,Yes,Two year,Yes,Mailed check,117.32,7332.1,No
6023-ATQTC,Female,0,No,No,26,Yes,Yes,Fiber optic,Yes,No,No,No,No,No,Month-to-month,Yes,Credit card (automatic),65.73,1696.42,No
1800-XYOEA,Female,0,No,No,4,Yes,No,Fiber optic,No,Yes,No,No,Yes,Yes,Month-to-month,Yes,Electronic check,111.55,504.62,Yes
2429-QGNLF,Male,0,No,No,29,Yes,Yes,Fiber optic,No,No,Yes,Yes,No,No,Month-to-month,Yes,Electronic check,60.29,1809.27,No
5886-ZNEYW,Male,1,Yes,No,2,Yes,No,Fiber optic,No,No,Yes,No,Yes,No,Month-to-month,Yes,Electronic check,100.25,167.82,Yes
8040-MTEEI,Male,1,No,No,0,Yes,No,Fiber optic,Yes,No,No,No,No,Yes,Month-to-month,No,Electronic check,90.32, ,Yes
7374-COLYY,Male,0,No,No,8,Yes,No,Fiber optic,No,No,Yes,No,No,No,Month-to-month,Yes,Electronic check,95.88,867.98,Yes
4518-GWDEP,Female,0,No,No,67,Yes,Yes,DSL,Yes,Yes,No,No,No,Yes,One year,Yes,Electronic check,55.64,3792.21,No
1554-VFNBG,Female,0,No,No,68,Yes,Yes,DSL,Yes,No,No,Yes,Yes,No,Two year,No,Mailed check,49.74,3348.04,No
6531-JQUVU,Female,0,Yes,No,54,Yes,No,DSL,No,No,No,No,Yes,Yes,One year,Yes,Credit card (automatic),63.47,3410.43,No
8699-BOSAG,Female,0,Yes,Yes,24,Yes,No,Fiber optic,No,No,No,No,No,No,Month-to-month,Yes,Credit card (automatic),103.45,2432.29,Yes
2688-ZHLXZ,Male,0,No,No,22,Yes,Yes,DSL,No,No,Yes,No,No,No,Month-to-month,Yes,Electronic check,48.42,982.78,No
6774-LHLEK,Female,1,No,No,6,Yes,Yes,Fiber optic,No,No,No,Yes,Yes,Yes,Month-to-month,No,Credit card (automatic),64.74,350.59,Yes
8210-HAUAL,Female,0,No,No,2,Yes,No,Fiber optic,Yes,No,No,Yes,No,No,Month-to-month,No,Electronic check,101.69,216.51,Yes
2672-RCTJV,Male,0,Yes,No,6,Yes,Yes,Fiber optic,No,No,No,No,No,No,Month-to-month,No,Electronic check,70.21,486.46,No
1411-XNFCO,Female,0,No,Yes,1,Yes,No,Fiber optic,No,No,Yes,No,No,Yes,Two year,No,Bank transfer (automatic),104.31,0.0,No
6969-MFXYV,Male,0,Yes,No,29,Yes,No,Fiber optic,No,No,No,No,Yes,No,One year,Yes,Credit card (automatic),90.72,2615.12,Yes
2139-PBHXL,Female,0,No,No,58,Yes,Yes,DSL,No,No,No,Yes,No,Yes,Month-to-month,Yes,Credit card (automatic),58.18,3383.95,No
9484-TPWKE,Female,0,Yes,No,8,Yes,No,DSL,Yes,Yes,No,No,No,No,Two year,Yes,Bank transfer (automatic),64.57,528.28,No
5796-DPGTW,Male,0,No,No,6,Yes,No,Fiber optic,No,No,No,No,No,No,One year,Yes,Credit card (automatic),93.9,604.14,No
3440-SLHRF,Female,0,Yes,Yes,29,Yes,No,DSL,No,No,Yes,Yes,Yes,Yes,Month-to-month,Yes,Mailed check,53.83,1601.94,No
5194-WNVVJ,Male,0,Yes,Yes,59,Yes,No,Fiber optic,Yes,No,Yes,Yes,No,Yes,Two year,Yes,Bank transfer (automatic),79.42,4627.79,No
8685-AZDWC,Female,0,Yes,Yes,53,No,No phone service,No,No internet service,No internet service,No internet service,No internet service,No internet service,No internet service,Month-to-month,Yes,Bank transfer (automatic),19.81,1124.0,No
3167-JRCWO,Male,0,No,No,68,Yes,Yes,DSL,No,Yes,No,No,No,Yes,Month-to-month,Yes,Electronic check,54.47,3772.75,No
1427-ACJIR,Male,0,No,No,16,Yes,Yes,DSL,Yes,No,No,Yes,Yes,No,Month-to-month,No,Credit card (automatic),46.92,760.39,No
6824-OXBWL,Male,0,No,Yes,4,Yes,Yes,No,No internet service,No internet service,No internet service,No internet service,No internet service,No internet service,Month-to-month,No,Bank transfer (automatic),18.94,41.12,No
7090-LWJRN,Female,0,No,No,5,Yes,Yes,Fiber optic,No,No,No,No,Yes,No,Two year,Yes,Bank transfer (automatic),114.0,464.96,Yes
6252-CCLZM,Male,0,No,No,34,Yes,No,No,No internet service,No internet service,No internet service,No internet service,No internet service,No internet service,Month-to-month,No,Mailed check,33.76,1160.4,No
2898-YORVG,Female,0,No,No,69,No,No phone service,DSL,No,Yes,No,No,Yes,No,Month-to-month,Yes,Electronic check,67.42,4605.65,No
8728-FCBKF,Male,0,Yes,No,17,Yes,Yes,Fiber optic,No,No,Yes,No,No,No,One year,Yes,Electronic check,84.78,1416.0,Yes
8502-MRXYW,Male,0,No,No,36,Yes,Yes,No,No internet service,No internet service,No internet service,No internet service,No internet service,No internet service,Month-to-month,No,Mailed check,22.88,805.39,No
9376-ZLLRT,Male,0,No,Yes,31,No,No phone service,No,No internet service,No internet service,No internet service,No internet service,No internet service,No internet service,Month-to-month,Yes,Bank transfer (automatic),34.06,1019.22,No
7725-UIEKP,Male,0,No,No,58,Yes,Yes,DSL,Yes,No,Yes,No,Yes,No,Month-to-month,No,Credit card (automatic),73.25,4211.56,No
1420-NEHRA,Female,0,Yes,Yes,61,Yes,No,Fiber optic,No,No,No,No,No,No,Month-to-month,No,Credit card (automatic),87.31,5244.39,No
5428-TWIZL,Male,1,Yes,No,67,Yes,No,Fiber optic,No,Yes,No,No,No,No,Month-to-month,Yes,Bank transfer (automatic),85.42,5755.03,No
2249-XICZJ,Female,0,Yes,No,31,Yes,No,Fiber optic,No,No,No,Yes,Yes,No,Two year,Yes,Electronic check,107.79,3321.3,No
8844-FGZQK,Female,0,No,No,40,Yes,Yes,DSL,No,Yes,No,Yes,Yes,Yes,Month-to-month,Yes,Mailed check,54.93,2189.05,No
2833-YSBLO,Male,1,No,Yes,39,Yes,No,Fiber optic,No,Yes,Yes,No,No,No,Month-to-month,Yes,Bank transfer (automatic),65.73,2645.98,No
7232-FJZAR,Female,0,No,No,8,Yes,Yes,DSL,Yes,No,No,No,Yes,No,Two year,No,Electronic check,80.42,583.05,No
4354-GLJAF,Female,0,No,No,52,Yes,Yes,DSL,Yes,Yes,No,Yes,No,Yes,Two year,No,Electronic check,43.26,2224.95,No
3337-KIJGG,Female,0,No,No,40,Yes,No,No,No internet service,No internet service,No internet service,No internet service,No internet service,No internet service,Two year,No,Bank transfer (automatic),20.72,848.55,No
7415-ZUYMN,Female,1,Yes,No,39,Yes,No,Fiber optic,No,No,No,No,Yes,No,Month-to-month,Yes,Bank transfer (automatic),85.2,3351.64,Yes
2564-IOLKN,Female,0,Yes,Yes,24,Yes,No,No,No internet service,No internet service,No internet service,No internet service,No internet service,No internet service,One year,No,Credit card (automatic),37.34,874.94,No
8874-EDGOM,Female,0,No,No,0,Yes,No,DSL,No,No,Yes,No,No,No,One year,Yes,Bank transfer (automatic),45.42, ,Yes
7386-BZHMG,Male,1,Yes,No,12,Yes,No,Fiber optic,Yes,Yes,Yes,No,Yes,Yes,Two year,Yes,Electronic check,73.94,763.7,No
3467-EEGEW,Female,0,Yes,No,54,Yes,No,DSL,Yes,Yes,No,Yes,No,No,One year,No,Mailed check,67.29,3577.02,No
3888-HLIME,Male,0,Yes,No,47,Yes,No,DSL,Yes,No,No,Yes,Yes,Yes,One year,Yes,Electronic check,67.07,3178.93,No
3899-FRGOV,Female,0,Yes,No,4,Yes,No,No,No internet service,No internet service,No internet service,No internet service,No internet service,No internet service,Month-to-month,Yes,Credit card (automatic),26.55,82.13,Yes
9695-ZNLFL,Female,0,No,No,57,Yes,Yes,DSL,No,No,No,Yes,No,No,Month-to-month,No,Mailed check,50.8,2885.82,No
1220-JEKRJ,Female,0,No,Yes,59,Yes,No,Fiber optic,Yes,No,Yes,No,Yes,Yes,Month-to-month,Yes,Credit card (automatic),70.91,4199.58,No
3855-UEWDN,Female,1,No,No,33,Yes,No,No,No internet service,No internet service,No internet service,No internet service,No internet service,No internet service,Two year,No,Electronic check,28.72,974.64,No
8154-XQKLK,Female,0,No,No,1,Yes,No,DSL,No,Yes,Yes,Yes,Yes,Yes,Month-to-month,Yes,Electronic check,49.92,10.72,Yes
6482-PLZTW,Female,0,Yes,No,66,Yes,No,No,No internet service,No internet service,No internet service,No internet service,No internet service,No internet service,Month-to-month,Yes,Bank transfer (automatic),26.13,1707.64,No
8777-JMOYU,Male,0,Yes,No,12,Yes,Yes,DSL,No,No,Yes,Yes,No,No,Month-to-month,Yes,Electronic check,52.14,578.18,Yes
5746-EOGOE,Male,0,No,No,9,Yes,No,DSL,Yes,Yes,Yes,Yes,Yes,Yes,One year,Yes,Electronic check,46.98,430.51,No
2430-WSAIX,Male,1,Yes,Yes,57,Yes,Yes,Fiber optic,No,Yes,Yes,No,Yes,No,Month-to-month,Yes,Bank transfer (automatic),106.23,5978.33,No
6486-GHNJF,Male,0,No,No,2,Yes,No,DSL,No,Yes,No,No,Yes,No,One year,Yes,Bank transfer (automatic),64.73,155.38,No
2240-MMGGV,Female,0,Yes,No,5,Yes,Yes,Fiber optic,Yes,No,Yes,No,No,Yes,Month-to-month,No,Electronic check,77.89,360.97,Yes
6026-RNUZA,Female,1,No,No,3,Yes,No,No,No internet service,No internet service,No internet service,No internet service,No internet service,No internet service,One year,No,Credit card (automatic),18.48,54.7,Yes
4942-KVQTD,Female,1,No,Yes,35,Yes,No,Fiber optic,No,No,No,No,No,Yes,Month-to-month,No,Credit card (automatic),76.32,2668.78,No
7879-ISPBB,Male,0,No,No,57,Yes,Yes,Fiber optic,No,Yes,No,No,No,Yes,Two year,Yes,Electronic check,93.47,5379.52,No
1549-ZPHTE,Female,0,No,No,58,Yes,Yes,Fiber optic,No,No,No,Yes,No,No,One year,No,Electronic check,75.73,4420.37,No
9773-BEFEW,Male,0,No,No,3,Yes,No,Fiber optic,No,Yes,No,Yes,No,No,Two year,Yes,Credit card (automatic),95.35,264.51,Yes
6057-DBHVL,Female,0,Yes,Yes,3,Yes,Yes,Fiber optic,Yes,No,No,No,No,Yes,Two year,No,Mailed check,63.39,198.6,No
1881-GPARL,Female,0,No,Yes,68,Yes,Yes,Fiber optic,No,No,No,No,No,Yes,Month-to-month,No,Mailed check,90.68,6114.31,Yes
4779-BLDCI,Male,1,No,No,5,Yes,No,DSL,No,No,No,No,Yes,Yes,One year,Yes,Mailed check,52.46,194.91,Yes
3926-OXLOK,Male,0,No,No,47,No,No phone service,Fiber optic,No,Yes,No,Yes,No,No,Two year,No,Bank transfer (automatic),88.62,4239.38,No
3484-KBPME,Male,0,No,No,1,Yes,No,Fiber optic,Yes,No,No,No,No,No,Month-to-month,No,Electronic check,95.3,65.54,No
3183-QNLSV,Male,0,Yes,No,70,Yes,No,DSL,Yes,No,Yes,Yes,No,No,One year,Yes,Electronic check,52.53,3674.21,No
6735-QOMBZ,Male,0,Yes,No,51,Yes,Yes,Fiber optic,Yes,No,No,Yes,Yes,No,Month-to-month,Yes,Electronic check,98.74,5039.12,No
2520-AXXHU,Male,0,No,Yes,57,Yes,No,DSL,Yes,No,No,Yes,Yes,No,One year,No,Credit card (automatic),59.69,3470.97,No
1571-TNONC,Male,0,Yes,No,70,Yes,Yes,DSL,No,Yes,No,Yes,Yes,Yes,Month-to-month,No,Credit card (automatic),59.97,4281.32,No
3749-MHNJW,Male,0,No,No,5,Yes,No,DSL,No,Yes,Yes,No,No,Yes,Month-to-month,No,Credit card (automatic),50.87,246.21,Yes
9018-IKPAE,Male,0,No,No,0,Yes,No,DSL,No,No,No,No,Yes,Yes,Two year,Yes,Bank transfer (automatic),47.06, ,No
3130-LBQQQ,Female,0,No,No,36,Yes,No,DSL,No,No,No,No,No,Yes,Month-to-month,No,Mailed check,65.68,2301.04,No
8748-XASOC,Male,0,Yes,No,35,Yes,No,DSL,No,No,No,No,No,Yes,Month-to-month,Yes,Mailed check,52.74,1805.65,No
5780-TLDGZ,Female,0,Yes,No,45,Yes,No,Fiber optic,No,Yes,No,No,Yes,No,Two year,Yes,Bank transfer (automatic),106.72,4804.93,No
6588-QSDEH,Male,0,No,No,66,Yes,No,DSL,No,Yes,Yes,Yes,No,Yes,Month-to-month,Yes,Credit card (automatic),63.96,4158.7,No
8359-BKTRT,Male,0,No,No,26,Yes,Yes,Fiber optic,No,Yes,Yes,Yes,Yes,Yes,One year,No,Mailed check,83.0,2193.98,No
1974-IEXJT,Male,0,No,No,2,Yes,Yes,Fiber optic,No,Yes,No,No,Yes,No,Month-to-month,Yes,Mailed check,71.52,165.98,Yes
8127-GNKQS,Female,0,Yes,No,11,Yes,No,Fiber optic,No,No,Yes,Yes,Yes,Yes,Month-to-month,Yes,Mailed check,75.31,775.62,No
1234-ZFOII,Male,0,Yes,No,6,Yes,No,DSL,No,No,No,Yes,No,No,Month-to-month,Yes,Bank transfer (automatic),46.23,272.43,Yes
5113-QSKKS,Female,0,No,No,53,Yes,No,No,No internet service,No internet service,No internet service,No internet service,No internet service,No internet service,One year,Yes,Credit card (automatic),36.59,1932.41,No
5736-ESHVX,Male,1,No,Yes,1,Yes,No,DSL,Yes,No,No,No,No,Yes,Two year,Yes,Mailed check,49.75,12.49,No
1926-OJQVP,Female,0,No,No,7,Yes,Yes,Fiber optic,No,No,No,Yes,Yes,No,Month-to-month,No,Credit card (automatic),95.19,707.58,Yes
9411-ETEJL,Male,0,No,No,13,Yes,No,No,No internet service,No internet service,No internet service,No internet service,No internet service,No internet service,Month-to-month,No,Electronic check,40.35,595.01,No
8568-SABHP,Male,0,No,No,8,No,No phone service,Fiber optic,No,Yes,Yes,No,Yes,No,One year,Yes,Bank transfer (automatic),93.42,747.32,No
3039-UUWDL,Female,0,No,No,2,Yes,Yes,No,No internet service,No internet service,No internet service,No internet service,No internet service,No internet service,Two year,Yes,Mailed check,18.0,58.63,No
8986-SEHAU,Male,0,No,Yes,8,Yes,Yes,Fiber optic,Yes,No,Yes,No,Yes,Yes,Month-to-month,Yes,Bank transfer (automatic),73.28,552.92,Yes
2036-XPMXS,Male,1,No,Yes,16,Yes,Yes,DSL,No,No,No,No,No,Yes,Month-to-month,Yes,Electronic check,53.58,940.72,Yes
8954-NCGZG,Female,0,No,No,42,No,No phone service,DSL,No,Yes,No,No,No,No,One year,Yes,Credit card (automatic),52.26,2194.38,No
1945-CQDYY,Male,0,Yes,No,24,No,No phone service,No,No internet service,No internet service,No internet service,No internet service,No internet service,No internet service,Month-to-month,No,Electronic check,34.53,944.1,No
5288-GUKQY,Male,0,No,No,12,Yes,Yes,No,No internet service,No internet service,No internet service,No internet service,No internet service,No internet service,Two year,No,Credit card (automatic),18.0,188.18,No
2369-UORPD,Male,0,No,Yes,0,Yes,No,Fiber optic,No,Yes,Yes,No,No,No,Month-to-month,Yes,Electronic check,56.99, ,Yes
2921-OGSQW,Male,1,No,Yes,66,Yes,Yes,DSL,Yes,Yes,No,No,Yes,No,Two year,Yes,Electronic check,44.09,2890.31,No
6437-KIBNM,Female,0,Yes,No,27,Yes,No,Fiber optic,No,No,No,Yes,Yes,Yes,Month-to-month,No,Mailed check,83.55,2241.96,Yes
7665-GKIHX,Female,0,Yes,Yes,8,Yes,No,DSL,No,No,No,No,No,Yes,Month-to-month,No,Electronic check,60.95,523.82,No
8506-RTWGE,Female,1,No,No,1,No,No phone service,Fiber optic,No,No,No,Yes,No,Yes,Month-to-month,No,Electronic check,70.63,63.23,Yes
7213-EWOHM,Male,1,No,No,1,Yes,No,No,No internet service,No internet service,No internet service,No internet service,No internet service,No internet service,One year,Yes,Electronic check,32.75,88.74,No
3817-EIGWK,Female,0,Yes,No,48,Yes,Yes,DSL,No,No,No,No,Yes,Yes,Month-to-month,No,Electronic check,50.24,2435.2,Yes
5558-UIIYH,Female,0,Yes,No,66,Yes,No,Fiber optic,Yes,Yes,Yes,No,No,Yes,Month-to-month,Yes,Electronic check,84.2,5548.33,No
4249-DQKTO,Male,0,No,Yes,61,Yes,Yes,DSL,No,No,Yes,No,Yes,No,Month-to-month,Yes,Credit card (automatic),72.07,4446.32,No
1139-TTHLW,Female,1,No,No,51,Yes,No,Fiber optic,No,No,No,No,No,No,Month-to-month,Yes,Electronic check,107.55,5466.52,No
3308-IXTKR,Female,0,Yes,No,11,Yes,Yes,Fiber optic,No,Yes,No,Yes,Yes,Yes,Month-to-month,Yes,Electronic check,79.07,882.93,No
5239-UXVQD,Female,0,Yes,No,54,Yes,No,DSL,Yes,No,No,No,Yes,No,Month-to-month,Yes,Electronic check,59.68,3185.81,No
9115-BTIXE,Male,0,Yes,No,48,Yes,No,Fiber optic,No,No,Yes,Yes,Yes,Yes,Two year,Yes,Mailed check,61.75,3025.34,No
8191-UDJCJ,Male,0,Yes,No,4,Yes,Yes,No,No internet service,No internet service,No internet service,No internet service,No internet service,No internet service,One year,No,Credit card (automatic),18.0,105.16,No
3358-JUPBA,Female,0,Yes,Yes,69,Yes,No,No,No internet service,No internet service,No internet service,No internet service,No internet service,No internet service,Two year,Yes,Credit card (automatic),32.53,2247.85,No
3027-SXYAM,Female,0,No,No,71,Yes,No,Fiber optic,No,Yes,No,No,No,No,Month-to-month,Yes,Bank transfer (automatic),75.31,5326.83,No
8405-OGUEN,Male,0,No,Yes,69,Yes,Yes,Fiber optic,Yes,Yes,No,Yes,No,No,Month-to-month,Yes,Electronic check,64.32,4478.42,No
6114-IQNOY,Male,0,Yes,Yes,3,Yes,Yes,DSL,No,No,No,Yes,Yes,Yes,Month-to-month,No,Credit card (automatic),67.99,164.0,Yes
2808-VUGAO,Female,0,Yes,No,11,Yes,Yes,Fiber optic,No,No,Yes,No,No,Yes,Month-to-month,No,Credit card (automatic),104.6,1140.58,Yes
7271-VRJSZ,Male,0,No,Yes,4,Yes,Yes,Fiber optic,No,No,No,No,Yes,Yes,Two year,Yes,Mailed check,90.81,343.47,No
3519-OSXWA,Male,0,Yes,Yes,16,Yes,No,DSL,No,Yes,Yes,Yes,No,No,Month-to-month,No,Bank transfer (automatic),73.12,1131.08,No
9831-YKOYT,Female,0,No,Yes,8,Yes,No,DSL,No,No,Yes,No,No,No,Two year,Yes,Bank transfer (automatic),53.03,446.52,No
7112-BUHPB,Male,0,Yes,No,1,Yes,Yes,DSL,No,Yes,No,No,No,No,One year,Yes,Mailed check,73.4,80.18,No
3554-LTEDS,Male,0,No,No,4,Yes,No,Fiber optic,No,Yes,No,No,No,Yes,Two year,No,Credit card (automatic),112.91,517.46,No
8068-JDOXM,Male,0,No,No,64,Yes,No,No,No internet service,No internet service,No internet service,No internet service,No internet service,No internet service,Month-to-month,No,Credit card (automatic),25.37,1637.15,No
9296-GXXXT,Female,0,Yes,Yes,40,Yes,No,No,No internet service,No internet service,No internet service,No internet service,No internet service,No internet service,Month-to-month,Yes,Credit card (automatic),39.62,1567.12,No
2077-AKJZE,Male,0,No,Yes,5,No,No phone service,No,No internet service,No internet service,No internet service,No internet service,No internet service,No internet service,Month-to-month,Yes,Credit card (automatic),31.23,154.83,No
6290-XXLAY,Female,0,No,No,0,Yes,No,Fiber optic,No,No,No,No,No,No,Month-to-month,Yes,Electronic check,103.08, ,Yes
6170-ONMVJ,Female,0,Yes,Yes,38,Yes,No,Fiber optic,No,No,Yes,Yes,No,Yes,Two year,No,Mailed check,78.22,2963.31,No
6945-XVIDW,Female,0,No,No,11,Yes,Yes,No,No internet service,No internet service,No internet service,No internet service,No internet service,No internet service,Month-to-month,No,Electronic check,18.0,267.18,No
7287-RFUNL,Female,0,Yes,Yes,14,Yes,Yes,DSL,Yes,No,No,Yes,No,Yes,Month-to-month,No,Bank transfer (automatic),53.47,698.37,No
9442-MUCSU,Female,0,No,No,33,Yes,No,Fiber optic,No,No,Yes,No,No,No,Two year,No,Electronic check,76.49,2596.05,No
1221-RWLXH,Male,0,No,Yes,16,Yes,Yes,No,No internet service,No internet service,No internet service,No internet service,No internet service,No internet service,Month-to-month,Yes,Electronic check,18.0,226.32,No
8492-PHBZY,Female,0,Yes,No,6,Yes,No,Fiber optic,No,Yes,Yes,Yes,Yes,Yes,Month-to-month,Yes,Electronic check,75.03,501.97,Yes
2104-TJTGZ,Female,1,Yes,No,35,Yes,No,Fiber optic,No,No,No,Yes,Yes,Yes,One year,Yes,Electronic check,81.11,2780.94,No
9087-YQFJY,Female,0,Yes,Yes,40,Yes,No,Fiber optic,No,No,No,No,No,Yes,Month-to-month,No,Bank transfer (automatic),104.27,4193.76,No
5209-WVGUG,Male,0,No,No,69,Yes,No,No,No internet service,No internet service,No internet service,No internet service,No internet service,No internet service,Two year,No,Electronic check,18.0,1260.09,No
9866-HCJEB,Male,0,Yes,No,33,Yes,No,DSL,No,Yes,No,No,No,No,Month-to-month,No,Bank transfer (automatic),58.05,1898.95,No
6814-ECZQR,Female,0,Yes,No,7,Yes,No,Fiber optic,Yes,No,No,No,No,Yes,Month-to-month,Yes,Electronic check,95.94,702.03,Yes
9299-LFNGV,Male,0,No,No,38,Yes,No,No,No internet service,No internet service,No internet service,No internet service,No internet service,No internet service,One year,No,Credit card (automatic),25.4,943.92,No
8039-SGEMH,Female,0,No,Yes,41,Yes,Yes,No,No internet service,No internet service,No internet service,No internet service,No internet service,No internet service,Month-to-month,Yes,Mailed check,36.46,1536.74,No
1196-MVUWS,Male,0,No,No,42,Yes,Yes,Fiber optic,No,Yes,No,No,No,Yes,Month-to-month,Yes,Electronic check,73.17,3057.09,No
2359-UNYYK,Female,1,No,Yes,37,Yes,No,DSL,No,Yes,No,Yes,No,No,Month-to-month,Yes,Bank transfer (automatic),62.14,2285.96,No
1113-PDIYW,Female,0,Yes,No,3,Yes,Yes,No,No internet service,No internet service,No internet service,No internet service,No internet service,No internet service,Month-to-month,No,Credit card (automatic),27.98,106.47,No
1661-ZUCLA,Male,0,No,No,63,Yes,Yes,No,No internet service,No internet service,No internet service,No internet service,No internet service,No internet service,Month-to-month,No,Credit card (automatic),21.04,1316.09,No
6975-VSMHV,Male,0,No,Yes,1,No,No phone service,DSL,Yes,No,Yes,No,No,No,Month-to-month,Yes,Electronic check,63.54,0.0,No
4630-KOKHL,Female,1,Yes,No,11,No,No phone service,Fiber optic,No,No,No,No,No,Yes,Two year,No,Electronic check,113.59,1145.99,Yes
5263-ISVIL,Male,0,No,No,9,Yes,No,No,No internet service,No internet service,No internet service,No internet service,No internet service,No internet service,Month-to-month,No,Credit card (automatic),27.5,263.4,No
6913-BPZMY,Male,0,No,Yes,10,Yes,No,Fiber optic,No,No,No,No,Yes,No,Month-to-month,Yes,Credit card (automatic),87.41,941.31,Yes
9927-CWOVY,Female,0,Yes,No,7,Yes,Yes,DSL,Yes,Yes,No,Yes,No,No,Month-to-month,Yes,Electronic check,65.93,507.17,No
2699-PBPCS,Male,0,Yes,No,54,Yes,Yes,No,No internet service,No internet service,No internet service,No internet service,No internet service,No internet service,Month-to-month,No,Mailed check,18.0,936.54,No
6259-VFZYJ,Female,0,Yes,No,71,Yes,No,Fiber optic,No,No,No,No,No,Yes,One year,No,Mailed check,86.71,6131.76,Yes
5000-QOIWM,Male,0,No,No,52,Yes,Yes,Fiber optic,Yes,No,Yes,No,Yes,No,Two year,Yes,Bank transfer (automatic),55.99,2892.03,No
1867-CZYAC,Male,0,Yes,No,70,Yes,Yes,Fiber optic,No,Yes,No,No,Yes,Yes,Month-to-month,Yes,Bank transfer (automatic),67.35,4729.84,No
3504-GXCMG,Female,0,No,No,6,Yes,Yes,Fiber optic,No,No,Yes,Yes,No,Yes,Month-to-month,No,Bank transfer (automatic),65.72,484.36,Yes
2486-DYPBH,Male,0,Yes,No,27,Yes,Yes,No,No internet service,No internet service,No internet service,No internet service,No internet service,No internet service,Two year,No,Credit card (automatic),20.23,557.5,No
5836-LBZNZ,Male,0,No,No,41,Yes,No,Fiber optic,No,No,No,No,No,No,Month-to-month,Yes,Electronic check,90.87,3675.12,No
6623-DEVUY,Female,0,No,No,14,Yes,Yes,Fiber optic,Yes,Yes,Yes,No,No,Yes,Month-to-month,Yes,Electronic check,70.96,1028.66,No
5489-VVKMM,Female,1,Yes,No,2,Yes,No,Fiber optic,Yes,No,No,No,No,No,Month-to-month,Yes,Mailed check,69.71,212.42,No
6439-OKJFL,Female,1,Yes,Yes,36,Yes,No,Fiber optic,No,No,No,No,No,Yes,Month-to-month,Yes,Bank transfer (automatic),99.13,3548.18,Yes
9179-FYPVT,Female,0,No,No,71,Yes,Yes,Fiber optic,No,No,No,No,No,Yes,Two year,Yes,Mailed check,96.21,6883.48,No
4769-IBRLQ,Male,0,Yes,No,9,Yes,Yes,DSL,Yes,Yes,Yes,Yes,No,No,Month-to-month,No,Electronic check,60.58,440.15,No
5412-YKJLL,Male,0,Yes,No,43,Yes,Yes,DSL,No,Yes,No,No,No,Yes,Two year,No,Electronic check,66.97,2923.86,No
6845-FOVWE,Female,1,No,Yes,28,Yes,No,Fiber optic,Yes,No,No,No,No,No,Month-to-month,Yes,Bank transfer (automatic),100.65,2736.16,No
7671-CGDJD,Female,0,No,No,60,Yes,Yes,DSL,No,Yes,Yes,No,No,No,Month-to-month,No,Credit card (automatic),50.43,3010.36,No
5765-IHEPH,Female,0,No,Yes,68,Yes,No,No,No internet service,No internet service,No internet service,No internet service,No internet service,No internet service,Two year,Yes,Mailed check,19.23,1312.97,No
7497-HAIBS,Male,0,No,No,1,Yes,No,Fiber optic,No,No,No,No,Yes,No,One year,No,Credit card (automatic),87.5,159.17,No
6365-CQTGI,Male,0,No,No,30,Yes,No,Fiber optic,No,No,No,No,No,No,Two year,No,Bank transfer (automatic),90.5,2694.66,No
4526-KOVPX,Male,0,No,No,49,No,No phone service,Fiber optic,Yes,No,No,No,No,No,One year,No,Mailed check,74.9,3654.19,No
5519-ZBZWN,Female,0,Yes,No,1,Yes,Yes,DSL,Yes,No,No,No,No,No,Month-to-month,Yes,Bank transfer (automatic),66.92,70.19,Yes
7598-MHGYB,Female,0,No,No,67,No,No phone service,No,No internet service,No internet service,No internet service,No internet service,No internet service,No internet service,Month-to-month,Yes,Mailed check,26.88,1708.9,No
4895-MJDES,Male,0,No,No,60,Yes,Yes,Fiber optic,Yes,No,No,No,Yes,No,Two year,Yes,Credit card (automatic),74.62,4526.42,No
2041-GAAGC,Male,1,No,No,5,Yes,No,Fiber optic,No,No,No,No,No,Yes,Month-to-month,Yes,Bank transfer (automatic),78.33,431.12,Yes
8461-LIAUK,Male,0,No,Yes,44,Yes,No,DSL,Yes,No,No,No,No,Yes,Month-to-month,No,Credit card (automatic),68.79,3026.64,No
9583-CIWDP,Male,0,Yes,Yes,0,Yes,No,No,No internet service,No internet service,No internet service,No internet service,No internet service,No internet service,Month-to-month,Yes,Mailed check,29.64, ,Yes
4135-FKPOC,Female,0,No,Yes,12,Yes,No,Fiber optic,No,No,Yes,No,Yes,No,One year,No,Bank transfer (automatic),107.3,1295.47,Yes
3417-BTDYF,Female,0,No,Yes,54,Yes,No,No,No internet service,No internet service,No internet service,No internet service,No internet service,No internet service,Month-to-month,Yes,Mailed check,35.5,1959.47,No
4777-WZAMM,Male,0,Yes,No,31,Yes,No,No,No internet service,No internet service,No internet service,No internet service,No internet service,No internet service,One year,No,Electronic check,26.13,799.53,No
5913-DVYXR,Female,0,Yes,No,60,Yes,Yes,DSL,No,Yes,Yes,Yes,Yes,Yes,One year,Yes,Mailed check,46.51,2801.38,No
4620-LITNG,Female,1,No,No,10,Yes,Yes,Fiber optic,No,Yes,No,Yes,Yes,Yes,One year,No,Mailed check,71.87,735.9,Yes
5601-QWMRT,Male,1,Yes,No,59,Yes,Yes,Fiber optic,No,Yes,No,No,No,Yes,One year,No,Electronic check,96.21,5709.23,No
4659-MIMUS,Male,0,No,No,2,Yes,No,Fiber optic,No,No,Yes,No,Yes,Yes,Two year,No,Electronic check,77.88,63.63,No
1437-ALTVB,Male,0,No,No,25,Yes,Yes,Fiber optic,No,No,No,No,Yes,No,Month-to-month,Yes,Electronic check,98.52,2438.84,Yes
3917-IBDXV,Male,0,No,Yes,61,Yes,No,DSL,No,Yes,No,Yes,Yes,No,One year,Yes,Bank transfer (automatic),51.11,3154.21,No
4106-BESIH,Female,0,No,No,44,Yes,No,Fiber optic,No,No,Yes,Yes,No,No,Month-to-month,Yes,Bank transfer (automatic),89.97,3958.35,No
4615-YAMZE,Female,0,Yes,No,48,Yes,Yes,Fiber optic,No,No,No,No,No,No,Month-to-month,Yes,Mailed check,66.79,3211.58,Yes
6362-PBGWO,Male,1,Yes,No,3,Yes,No,DSL,No,No,No,Yes,Yes,No,Month-to-month,Yes,Bank transfer (automatic),68.84,201.72,Yes
2190-HBYMA,Male,0,No,Yes,68,Yes,Yes,Fiber optic,Yes,Yes,Yes,Yes,No,No,Month-to-month,No,Mailed check,68.08,4654.81,No
1811-ENVDL,Female,0,Yes,No,1,Yes,No,DSL,Yes,Yes,No,No,No,No,Two year,No,Mailed check,48.36,8.8,No
6041-SLOOP,Male,1,No,No,10,Yes,No,No,No internet service,No internet service,No internet service,No internet service,No internet service,No internet service,Month-to-month,No,Mailed check,29.39,338.28,No
5647-WSLZL,Female,1,Yes,No,19,Yes,No,DSL,Yes,No,No,No,No,No,One year,No,Credit card (automatic),57.77,1070.24,Yes
7544-PPPAB,Female,0,Yes,No,63,Yes,No,Fiber optic,No,Yes,No,No,Yes,No,Month-to-month,No,Bank transfer (automatic),66.64,4206.65,No
2010-UVWSA,Female,0,No,No,40,Yes,Yes,DSL,Yes,Yes,Yes,No,Yes,Yes,Month-to-month,Yes,Credit card (automatic),49.92,1941.55,No
3294-LTPVE,Female,0,No,No,47,Yes,Yes,No,No internet service,No internet service,No internet service,No internet service,No internet service,No internet service,Month-to-month,Yes,Electronic check,21.89,1011.66,No
6301-HCSOK,Female,0,No,No,30,No,No phone service,Fiber optic,No,No,Yes,Yes,Yes,No,Two year,Yes,Electronic check,107.55,3293.27,No
3656-RXJRT,Female,0,Yes,No,68,No,No phone service,DSL,Yes,Yes,Yes,Yes,No,No,Month-to-month,Yes,Credit card (automatic),51.34,3508.06,No
1711-OUBAJ,Male,0,No,No,67,Yes,No,DSL,No,No,Yes,Yes,No,No,Month-to-month,No,Bank transfer (automatic),69.25,4635.99,No
1557-ULTHB,Male,0,No,No,37,Yes,Yes,Fiber optic,No,Yes,No,No,Yes,Yes,Month-to-month,Yes,Credit card (automatic),91.69,3487.4,No
8069-LXCBR,Male,0,No,Yes,1,Yes,No,No,No internet service,No internet service,No internet service,No internet service,No internet service,No internet service,Two year,Yes,Mailed check,18.0,2.01,No
7273-SJYGK,Male,0,Yes,No,42,No,No phone service,Fiber optic,No,Yes,No,No,No,Yes,Two year,Yes,Bank transfer (automatic),86.15,3636.34,No
5285-LPRPH,Male,0,Yes,No,32,Yes,No,No,No internet service,No internet service,No internet service,No internet service,No internet service,No internet service,Month-to-month,Yes,Electronic check,30.96,1037.34,No
2690-ZPAAY,Male,0,No,Yes,27,Yes,Yes,Fiber optic,No,No,No,Yes,Yes,No,Month-to-month,No,Electronic check,93.87,2488.59,Yes
8116-VBTPX,Male,0,No,No,63,Yes,No,Fiber optic,No,No,Yes,No,Yes,Yes,One year,No,Mailed check,85.08,5317.85,No
2938-SOQMS,Male,0,Yes,No,38,Yes,No,DSL,No,Yes,No,No,No,No,Two year,No,Credit card (automatic),64.14,2454.78,No
1489-GGUWA,Male,1,Yes,No,49,No,No phone service,DSL,Yes,Yes,No,No,No,Yes,Month-to-month,Yes,Electronic check,60.97,3009.56,No
4262-FEOYU,Female,0,No,No,1,Yes,No,Fiber optic,Yes,Yes,No,Yes,No,No,Month-to-month,Yes,Electronic check,87.49,136.33,Yes
6908-NCDZJ,Female,0,No,Yes,25,Yes,Yes,Fiber optic,Yes,No,No,No,Yes,Yes,Month-to-month,Yes,Credit card (automatic),75.34,1870.7,Yes
8285-JUDHF,Female,0,No,Yes,50,Yes,Yes,Fiber optic,No,No,No,No,No,No,One year,Yes,Credit card (automatic),90.33,4461.52,No
9036-DYNUA,Female,1,No,No,69,Yes,No,Fiber optic,No,No,Yes,No,No,Yes,Month-to-month,Yes,Electronic check,74.7,5108.44,No
5840-YKWMT,Female,0,No,Yes,1,Yes,No,DSL,No,Yes,No,No,Yes,No,Month-to-month,No,Electronic check,59.26,83.23,Yes
2957-QOJCV,Female,0,No,No,0,Yes,No,No,No internet service,No internet service,No internet service,No internet service,No internet service,No internet service,Month-to-month,Yes,Credit card (automatic),22.54, ,No
6247-GLOGC,Male,1,No,No,1,Yes,Yes,DSL,No,No,No,No,No,No,One year,Yes,Electronic check,78.23,101.55,No
4239-KZUYE,Female,0,Yes,Yes,14,Yes,Yes,DSL,Yes,Yes,No,No,No,Yes,Two year,No,Electronic check,72.54,1044.21,No
2256-PNNSD,Male,0,No,Yes,28,Yes,No,DSL,Yes,Yes,Yes,No,No,No,Two year,Yes,Electronic check,48.67,1355.43,No
5422-BYZXF,Female,0,No,No,53,No,No phone service,Fiber optic,No,Yes,No,Yes,No,Yes,Month-to-month,Yes,Credit card (automatic),69.67,3651.62,No
2433-VOVKM,Female,1,No,No,36,Yes,Yes,Fiber optic,No,No,No,No,No,No,Month-to-month,No,Electronic check,76.99,2771.91,Yes
2083-PSRXY,Male,0,Yes,No,1,No,No phone service,Fiber optic,No,No,No,No,Yes,No,One year,Yes,Electronic check,95.39,100.7,No
7891-QWSSY,Female,0,No,No,4,Yes,No,Fiber optic,No,No,No,No,Yes,No,Month-to-month,Yes,Mailed check,73.18,269.55,Yes
2905-YEGBH,Male,1,No,Yes,44,Yes,No,Fiber optic,No,No,No,Yes,Yes,Yes,One year,Yes,Mailed check,92.74,4101.69,No
5242-VZSJC,Male,0,Yes,No,62,Yes,Yes,DSL,Yes,No,No,Yes,No,No,Month-to-month,Yes,Electronic check,55.41,3492.06,No
2269-XSSGJ,Male,0,No,No,2,Yes,No,Fiber optic,No,No,No,No,Yes,No,Two year,Yes,Mailed check,95.53,202.09,Yes
9750-NBSWL,Male,0,Yes,No,3,Yes,No,Fiber optic,Yes,No,No,No,No,No,Month-to-month,No,Bank transfer (automatic),81.29,307.71,Yes
7957-NXTDG,Male,0,Yes,No,23,Yes,No,DSL,Yes,No,Yes,No,Yes,No,One year,Yes,Electronic check,53.68,1202.76,Yes
7723-GWFCF,Female,0,Yes,No,55,Yes,No,DSL,No,Yes,No,Yes,No,Yes,One year,No,Bank transfer (automatic),66.83,3644.57,No
1211-FZHCG,Female,0,No,No,28,Yes,Yes,DSL,No,Yes,No,No,Yes,Yes,One year,No,Electronic check,57.75,1703.16,No
3500-XIAWA,Male,1,Yes,No,67,Yes,Yes,Fiber optic,Yes,Yes,No,No,Yes,Yes,One year,Yes,Electronic check,70.96,4819.47,No
1291-UJBQJ,Female,0,No,No,31,Yes,No,DSL,No,No,No,No,No,Yes,Month-to-month,Yes,Electronic check,57.49,1868.8,No
2554-MAGRW,Male,0,No,No,42,No,No phone service,No,No internet service,No internet service,No internet service,No internet service,No internet service,No internet service,Month-to-month,Yes,Electronic check,29.41,1141.97,No
6172-FLBSD,Male,0,No,No,33,Yes,No,DSL,No,No,No,Yes,No,Yes,Two year,No,Electronic check,86.94,2867.61,Yes
3550-KZNWW,Female,0,No,No,1,Yes,No,No,No internet service,No internet service,No internet service,No internet service,No internet service,No internet service,Two year,Yes,Credit card (automatic),28.01,51.41,No
8169-CHASG,Female,0,No,Yes,9,Yes,Yes,DSL,No,No,No,Yes,Yes,No,Month-to-month,No,Mailed check,62.41,519.79,No
9578-WHFWJ,Male,0,Yes,Yes,0,Yes,Yes,DSL,Yes,No,No,No,Yes,No,Two year,Yes,Bank transfer (automatic),69.7, ,No
3131-RQEHC,Male,0,Yes,No,8,Yes,No,Fiber optic,No,No,No,No,No,Yes,Month-to-month,No,Credit card (automatic),75.92,693.4,Yes
5811-TRKKF,Female,0,Yes,No,2,Yes,No,DSL,Yes,Yes,Yes,No,Yes,No,Two year,No,Mailed check,46.33,47.78,No
1473-PMTEX,Female,0,No,No,3,Yes,Yes,No,No internet service,No internet service,No internet service,No internet service,No internet service,No internet service,Month-to-month,Yes,Mailed check,37.46,105.97,No
3877-OKNOT,Male,0,Yes,Yes,2,Yes,No,Fiber optic,Yes,No,No,No,Yes,No,Month-to-month,No,Bank transfer (automatic),100.16,123.6,No
4709-APXKH,Male,0,No,Yes,51,Yes,Yes,No,No internet service,No internet service,No internet service,No internet service,No internet service,No internet service,Month-to-month,No,Bank transfer (automatic),23.13,1142.48,No
4635-SBZYL,Male,0,No,No,32,Yes,Yes,DSL,Yes,Yes,No,Yes,Yes,Yes,Two year,No,Credit card (automatic),68.61,2064.8,No
5764-VGVZS,Female,0,No,No,1,Yes,No,DSL,Yes,Yes,Yes,No,Yes,Yes,Month-to-month,Yes,Credit card (automatic),67.88,144.95,Yes
9403-NEYOD,Female,0,Yes,No,10,Yes,Yes,No,No internet service,No internet service,No internet service,No internet service,No internet service,No internet service,Two year,Yes,Electronic check,23.41,275.14,No
5717-JQAGK,Female,0,Yes,No,42,Yes,Yes,DSL,No,Yes,Yes,No,Yes,Yes,Two year,No,Mailed check,74.13,3180.96,No
9779-EHKOS,Male,0,Yes,No,36,Yes,No,Fiber optic,Yes,Yes,No,Yes,No,No,Month-to-month,Yes,Bank transfer (automatic),102.79,3745.55,Yes
7204-BBYKA,Female,0,No,No,0,No,No phone service,Fiber optic,No,No,No,No,No,Yes,One year,Yes,Credit card (automatic),85.42, ,No
9035-GVTHF,Female,1,No,No,53,Yes,Yes,DSL,Yes,Yes,No,No,No,No,Two year,No,Electronic check,67.16,3571.55,No
6325-LCUUP,Male,0,No,No,27,Yes,No,Fiber optic,Yes,No,No,No,No,Yes,Month-to-month,Yes,Mailed check,93.59,2459.19,Yes
1575-OODRB,Female,0,No,Yes,34,Yes,No,No,No internet service,No internet service,No internet service,No internet service,No internet service,No internet service,Two year,Yes,Electronic check,18.0,744.84,No
4093-CCFRO,Male,0,No,No,47,Yes,No,Fiber optic,No,No,No,Yes,No,No,Month-to-month,Yes,Electronic check,94.21,4405.68,No
1596-ODSEA,Male,0,Yes,Yes,5,Yes,No,DSL,Yes,No,Yes,No,Yes,No,Two year,No,Credit card (automatic),53.2,190.12,No
9123-OTZYX,Female,0,Yes,No,5,Yes,Yes,No,No internet service,No internet service,No internet service,No internet service,No internet service,No internet service,One year,No,Mailed check,26.87,199.67,No
9819-KCXER,Male,1,Yes,No,39,Yes,No,No,No internet service,No internet service,No internet service,No internet service,No internet service,No internet service,Month-to-month,No,Electronic check,21.81,946.72,No
1228-DTRSU,Female,0,Yes,No,41,Yes,Yes,Fiber optic,No,No,No,No,No,No,Two year,Yes,Mailed check,106.4,4356.37,No
7673-TLDQF,Female,1,Yes,No,61,Yes,Yes,Fiber optic,Yes,No,Yes,No,No,Yes,Two year,No,Bank transfer (automatic),81.63,4985.09,No
1419-BNLHR,Male,0,No,No,6,Yes,Yes,Fiber optic,Yes,No,No,No,Yes,No,Month-to-month,Yes,Bank transfer (automatic),74.56,519.02,No
1338-NBLCR,Male,0,Yes,Yes,24,Yes,Yes,Fiber optic,Yes,Yes,Yes,Yes,No,No,Month-to-month,No,Electronic check,90.05,2139.95,No
9572-ESHUG,Female,1,Yes,No,4,Yes,No,DSL,No,Yes,No,No,Yes,No,Two year,No,Electronic check,50.73,146.56,No
1019-KPZHX,Male,1,Yes,No,67,Yes,No,DSL,Yes,No,Yes,Yes,No,No,Month-to-month,No,Bank transfer (automatic),50.67,3451.42,No
8398-UBCXS,Female,0,Yes,No,22,Yes,No,DSL,No,Yes,Yes,Yes,No,No,Month-to-month,Yes,Mailed check,57.67,1273.89,No
4510-MLOGF,Male,1,Yes,Yes,2,Yes,Yes,DSL,No,Yes,No,Yes,No,No,Month-to-month,No,Electronic check,62.01,198.31,No
1230-MITTZ,Male,0,Yes,No,64,Yes,No,DSL,No,Yes,Yes,Yes,No,No,Month-to-month,Yes,Electronic check,66.79,4306.77,No
1290-FJUEU,Female,0,Yes,No,12,Yes,Yes,DSL,Yes,No,Yes,Yes,No,Yes,One year,Yes,Mailed check,62.0,726.87,No
5280-ARNTM,Male,0,No,No,0,Yes,No,DSL,Yes,Yes,Yes,Yes,Yes,No,Month-to-month,Yes,Mailed check,71.23, ,Yes
8775-URASA,Female,0,Yes,No,24,Yes,No,Fiber optic,Yes,No,Yes,No,Yes,Yes,Month-to-month,Yes,Mailed check,89.31,2109.77,No
5594-VDPUX,Male,0,Yes,No,30,Yes,No,DSL,Yes,Yes,Yes,No,No,No,Month-to-month,No,Credit card (automatic),52.93,1549.79,No
6132-VYZTS,Male,0,No,No,9,Yes,Yes,No,No internet service,No internet service,No internet service,No internet service,No internet service,No internet service,Month-to-month,No,Electronic check,18.0,195.06,No
4868-TDGDP,Female,0,Yes,No,9,Yes,No,Fiber optic,Yes,No,No,No,No,No,Month-to-month,No,Electronic check,88.94,827.21,Yes
5255-YJBJF,Female,0,No,Yes,46,Yes,Yes,No,No internet service,No internet service,No internet service,No internet service,No internet service,No internet service,Month-to-month,No,Electronic check,23.26,1108.04,No
7652-ISLFZ,Female,0,Yes,No,36,No,No phone service,DSL,No,No,No,No,No,No,Month-to-month,No,Electronic check,52.62,1852.46,No
4587-UYWZU,Male,1,No,Yes,64,Yes,Yes,DSL,No,Yes,No,No,Yes,Yes,Month-to-month,Yes,Electronic check,42.41,2741.63,No
1037-GHVEZ,Male,0,No,No,62,Yes,No,Fiber optic,No,Yes,No,No,Yes,No,Month-to-month,Yes,Credit card (automatic),89.71,5573.2,No
8973-YQNUT,Female,0,No,No,61,Yes,No,Fiber optic,Yes,Yes,No,No,No,No,Month-to-month,Yes,Mailed check,90.39,5441.76,No
1108-ZHRYM,Female,0,Yes,No,42,Yes,No,Fiber optic,Yes,Yes,No,No,No,Yes,Two year,Yes,Electronic check,87.93,3741.56,No
3472-PZIAK,Female,0,Yes,No,0,Yes,Yes,No,No internet service,No internet service,No internet service,No internet service,No internet service,No internet service,Month-to-month,Yes,Credit card (automatic),28.2, ,Yes
8894-KMGQI,Female,0,Yes,No,12,Yes,No,Fiber optic,No,Yes,Yes,No,Yes,No,One year,Yes,Mailed check,87.72,1118.23,Yes
4233-PCIBW,Female,0,No,Yes,55,No,No phone service,No,No internet service,No internet service,No internet service,No internet service,No internet service,No internet service,Two year,Yes,Bank transfer (automatic),20.77,1120.87,No
2888-EPYSR,Male,0,Yes,Yes,1,Yes,Yes,Fiber optic,No,Yes,Yes,Yes,Yes,No,Month-to-month,Yes,Mailed check,89.87,60.02,Yes
3695-OASOJ,Female,0,No,Yes,6,Yes,Yes,Fiber optic,No,No,No,Yes,No,Yes,One year,Yes,Electronic check,97.04,546.31,Yes
5434-RUZEG,Male,0,Yes,No,3,Yes,No,DSL,No,No,Yes,No,Yes,No,Month-to-month,No,Bank transfer (automatic),45.27,134.61,Yes
4034-TLTWZ,Male,0,Yes,No,69,Yes,No,DSL,No,Yes,No,No,No,No,Two year,No,Credit card (automatic),61.81,4317.05,No
9856-PXWNF,Female,0,Yes,No,39,Yes,Yes,DSL,No,Yes,No,Yes,No,No,One year,Yes,Electronic check,73.41,2947.41,No
4506-ETEKX,Male,0,Yes,Yes,7,Yes,No,DSL,Yes,Yes,Yes,No,No,No,Month-to-month,No,Bank transfer (automatic),52.52,327.91,No
7284-QKDGA,Male,0,No,Yes,21,Yes,No,No,No internet service,No internet service,No internet service,No internet service,No internet service,No internet service,Month-to-month,No,Mailed check,21.83,398.3,No
7459-CVMVK,Female,0,No,Yes,9,Yes,Yes,DSL,No,Yes,No,No,No,No,Month-to-month,Yes,Bank transfer (automatic),67.13,646.54,Yes
6799-GMMGN,Female,1,Yes,No,0,Yes,Yes,No,No internet service,No internet service,No internet service,No internet service,No internet service,No internet service,Month-to-month,No,Electronic check,18.0, ,No
9653-HWWNA,Female,0,Yes,No,4,Yes,Yes,No,No internet service,No internet service,No internet service,No internet service,No internet service,No internet service,Two year,No,Mailed check,18.23,58.39,No
8537-RJQOS,Female,0,No,Yes,3,No,No phone service,Fiber optic,No,No,No,No,No,Yes,Month-to-month,No,Mailed check,78.68,237.51,Yes
5535-NPAJY,Male,0,No,No,38,Yes,No,Fiber optic,No,Yes,Yes,No,Yes,Yes,Two year,No,Mailed check,94.9,3663.69,No
5464-LKJJY,Female,0,No,Yes,52,No,No phone service,No,No internet service,No internet service,No internet service,No internet service,No internet service,No internet service,Two year,Yes,Electronic check,38.97,2050.33,No
3325-AWGUP,Male,0,No,No,14,Yes,Yes,Fiber optic,No,No,No,No,No,Yes,Month-to-month,Yes,Mailed check,94.13,1293.54,No
6471-RCGWS,Male,0,No,No,18,Yes,No,No,No internet service,No internet service,No internet service,No internet service,No internet service,No internet service,Two year,No,Electronic check,29.29,507.72,No
5693-ADQVJ,Male,0,No,No,45,Yes,No,Fiber optic,No,No,Yes,No,Yes,No,Month-to-month,Yes,Bank transfer (automatic),96.05,4291.34,No
6320-XNMVM,Male,1,Yes,Yes,0,Yes,No,Fiber optic,Yes,Yes,No,No,Yes,No,One year,Yes,Electronic check,75.04, ,Yes
5522-VENKW,Male,0,No,Yes,2,Yes,No,Fiber optic,No,No,No,No,Yes,No,Two year,Yes,Electronic check,103.67,124.69,No
1757-JIOEY,Male,0,No,Yes,1,Yes,No,DSL,No,Yes,Yes,Yes,Yes,No,Month-to-month,Yes,Credit card (automatic),57.56,37.95,Yes
3797-LAOCZ,Female,1,Yes,No,66,Yes,Yes,Fiber optic,No,No,No,No,Yes,No,Month-to-month,Yes,Mailed check,107.99,7139.17,Yes
1013-VIGUA,Male,0,No,No,1,No,No phone service,DSL,Yes,No,Yes,Yes,Yes,Yes,Two year,No,Electronic check,50.06,57.83,No
9346-ATCUC,Male,0,Yes,No,10,Yes,Yes,Fiber optic,No,Yes,No,Yes,Yes,No,Two year,Yes,Electronic check,101.31,1018.28,Yes
5158-BIUVV,Female,0,Yes,No,50,Yes,No,No,No internet service,No internet service,No internet service,No internet service,No internet service,No internet service,Month-to-month,Yes,Bank transfer (automatic),18.0,935.07,Yes
9292-XJDSZ,Female,0,No,Yes,0,Yes,Yes,DSL,Yes,No,No,No,No,No,Month-to-month,Yes,Mailed check,62.88, ,No
3913-XTLYJ,Female,0,No,No,29,Yes,No,Fiber optic,No,No,No,No,Yes,Yes,One year,No,Credit card (automatic),72.9,1995.14,Yes
8768-QVUIF,Male,0,Yes,No,31,Yes,No,Fiber optic,No,Yes,No,Yes,No,No,Month-to-month,Yes,Bank transfer (automatic),59.19,1766.6,No
5188-FZBRO,Male,0,No,No,1,Yes,Yes,DSL,No,No,No,Yes,No,No,Month-to-month,Yes,Bank transfer (automatic),65.53,54.65,No
9514-CMCIR,Female,0,Yes,No,2,Yes,Yes,DSL,Yes,Yes,Yes,No,No,No,Two year,No,Bank transfer (automatic),75.11,196.98,No
6594-WCAVR,Female,0,No,Yes,49,Yes,No,DSL,No,No,Yes,No,Yes,Yes,One year,No,Mailed check,47.65,2334.88,No
3033-RCSGH,Male,1,Yes,No,3,Yes,No,DSL,No,Yes,No,No,Yes,No,Month-to-month,Yes,Electronic check,55.15,76.26,No
4602-YKNFB,Female,0,No,Yes,17,Yes,No,DSL,No,No,No,No,Yes,No,Month-to-month,Yes,Bank transfer (automatic),68.59,1170.64,No
3779-CORHA,Female,0,Yes,Yes,17,Yes,No,Fiber optic,No,No,No,No,No,No,One year,No,Credit card (automatic),94.51,1609.81,No
7068-QNDEI,Female,1,Yes,Yes,56,No,No phone service,No,No internet service,No internet service,No internet service,No internet service,No internet service,No internet service,One year,Yes,Credit card (automatic),40.53,2271.2,No
8497-XWFVK,Male,1,No,Yes,33,Yes,Yes,Fiber optic,No,No,No,No,No,No,Two year,No,Electronic check,88.53,2937.42,No
9193-KENQT,Female,0,Yes,Yes,44,Yes,No,DSL,No,Yes,No,No,No,No,Month-to-month,No,Electronic check,61.68,2673.29,No
6172-PUXAX,Male,0,Yes,No,3,Yes,Yes,DSL,Yes,No,Yes,Yes,No,Yes,Month-to-month,No,Credit card (automatic),76.9,222.13,No
4346-VTTPR,Female,0,Yes,No,1,Yes,No,DSL,Yes,Yes,No,No,Yes,Yes,One year,No,Credit card (automatic),61.15,112.23,Yes
3109-SNHBD,Male,0,No,No,2,Yes,Yes,Fiber optic,No,No,No,No,No,Yes,Month-to-month,Yes,Mailed check,73.28,120.28,Yes
8451-HQLTT,Male,0,Yes,Yes,10,Yes,No,Fiber optic,No,No,No,Yes,Yes,No,Month-to-month,Yes,Mailed check,79.71,804.9,No
3119-BGATK,Male,0,No,Yes,50,Yes,No,DSL,No,No,No,No,No,Yes,Month-to-month,No,Bank transfer (automatic),54.27,2757.61,Yes
5690-QEWPC,Female,0,Yes,Yes,34,Yes,Yes,Fiber optic,No,Yes,No,No,No,No,Two year,Yes,Electronic check,93.85,3209.79,Yes
2698-YPTJW,Female,0,No,Yes,19,Yes,No,DSL,No,Yes,No,No,Yes,No,One year,No,Mailed check,75.97,1424.21,No
3916-JAKCY,Female,0,No,No,69,Yes,Yes,Fiber optic,No,No,No,No,No,No,One year,No,Mailed check,106.19,7347.64,No
4497-GFWQJ,Female,0,Yes,Yes,3,Yes,Yes,DSL,No,No,No,No,Yes,No,One year,Yes,Mailed check,45.34,108.06,No
1408-MENTL,Female,0,No,Yes,25,Yes,No,No,No internet service,No internet service,No internet service,No internet service,No internet service,No internet service,Month-to-month,No,Bank transfer (automatic),18.0,477.42,No
1819-QAMPE,Female,0,Yes,No,0,Yes,No,Fiber optic,Yes,No,No,No,Yes,Yes,Two year,Yes,Electronic check,81.81, ,No
5402-RRBMM,Male,1,Yes,No,24,Yes,Yes,Fiber optic,No,No,Yes,No,Yes,Yes,Month-to-month,Yes,Electronic check,65.66,1631.81,Yes
3800-KLONN,Female,1,No,Yes,0,Yes,Yes,DSL,No,Yes,No,Yes,Yes,Yes,Month-to-month,Yes,Mailed check,61.14, ,Yes
2762-DDDDK,Male,0,No,No,10,Yes,No,DSL,Yes,Yes,No,No,No,No,Two year,Yes,Bank transfer (automatic),54.06,488.11,No
6145-SOZJW,Male,0,No,No,70,Yes,Yes,Fiber optic,No,Yes,Yes,No,Yes,No,One year,Yes,Mailed check,73.19,5181.19,No
6102-HBUJM,Male,1,No,No,26,Yes,No,Fiber optic,No,No,No,Yes,Yes,No,Month-to-month,No,Electronic check,80.67,2165.77,No
8459-WJITN,Male,1,Yes,No,33,Yes,No,Fiber optic,No,No,No,No,No,No,Month-to-month,No,Bank transfer (automatic),100.15,3300.92,No
5848-HZIIA,Female,1,No,No,56,Yes,Yes,DSL,No,Yes,No,No,No,No,Month-to-month,Yes,Bank transfer (automatic),52.95,2981.34,No
6652-RRLMP,Female,0,Yes,No,0,Yes,Yes,DSL,Yes,Yes,No,No,Yes,No,Month-to-month,Yes,Mailed check,64.85, ,Yes
1509-QBAXT,Male,0,No,Yes,13,Yes,No,Fiber optic,No,No,No,Yes,No,Yes,Month-to-month,No,Electronic check,96.7,1283.18,Yes
3143-UWYLM,Female,0,No,No,8,Yes,No,No,No internet service,No internet service,No internet service,No internet service,No internet service,No internet service,Month-to-month,No,Electronic check,18.0,168.0,No
5677-XIQAB,Male,0,Yes,No,3,Yes,No,Fiber optic,No,Yes,No,Yes,Yes,No,Month-to-month,No,Mailed check,85.65,293.11,Yes
3156-TOQIZ,Male,0,No,No,0,Yes,No,No,No internet service,No internet service,No internet service,No internet service,No internet service,No internet service,Month-to-month,Yes,Credit card (automatic),20.65, ,No
8543-DLFHS,Male,0,No,No,60,Yes,No,No,No internet service,No internet service,No internet service,No internet service,No internet service,No internet service,Month-to-month,Yes,Electronic check,33.12,1875.77,No
8611-UBCOR,Male,0,No,No,26,Yes,Yes,DSL,Yes,No,Yes,No,No,No,Month-to-month,Yes,Electronic check,51.06,1307.49,Yes
9459-UONNB,Male,0,No,No,0,Yes,No,No,No internet service,No internet service,No internet service,No internet service,No internet service,No internet service,Month-to-month,Yes,Electronic check,23.87, ,Yes
5807-EZRRC,Male,0,No,No,13,Yes,No,Fiber optic,No,No,No,Yes,Yes,No,Month-to-month,Yes,Credit card (automatic),67.35,894.78,Yes
6760-VDWGT,Male,0,No,No,45,Yes,No,DSL,No,No,No,No,No,No,Month-to-month,Yes,Electronic check,63.95,2897.68,No
4000-MVONL,Male,0,No,No,26,Yes,No,Fiber optic,No,Yes,Yes,No,No,No,Month-to-month,Yes,Electronic check,91.97,2378.36,Yes
9270-OUTNN,Female,0,No,No,9,Yes,No,Fiber optic,No,No,No,No,Yes,Yes,Month-to-month,Yes,Electronic check,62.91,495.98,Yes
9852-PBSKO,Male,1,Yes,No,14,Yes,No,DSL,No,Yes,Yes,Yes,No,No,Month-to-month,No,Electronic check,58.64,784.64,No
1648-ZITVP,Male,0,Yes,Yes,50,Yes,Yes,DSL,Yes,No,Yes,No,No,No,Two year,Yes,Electronic check,55.84,2757.2,No
4260-QGYRF,Female,0,No,No,33,Yes,No,Fiber optic,No,No,No,No,Yes,No,Month-to-month,Yes,Electronic check,93.68,3065.74,No
3162-JUNGX,Male,0,No,No,57,Yes,No,DSL,No,No,Yes,Yes,No,No,One year,Yes,Electronic check,74.32,4191.41,No
1305-QEQHQ,Female,0,No,No,29,Yes,No,No,No internet service,No internet service,No internet service,No internet service,No internet service,No internet service,Two year,No,Mailed check,23.8,673.87,No
5070-NGQEF,Male,0,Yes,Yes,53,Yes,Yes,No,No internet service,No internet service,No internet service,No internet service,No internet service,No internet service,Month-to-month,No,Electronic check,19.57,967.66,No
4251-GHMAV,Female,0,Yes,Yes,55,Yes,Yes,Fiber optic,No,No,No,No,Yes,No,One year,No,Bank transfer (automatic),87.78,4827.56,No
1357-VLKOD,Female,1,No,Yes,6,Yes,Yes,Fiber optic,No,No,No,No,No,No,Month-to-month,Yes,Electronic check,73.11,398.26,Yes
7899-RTWRI,Female,0,Yes,Yes,1,Yes,No,No,No internet service,No internet service,No internet service,No internet service,No internet service,No internet service,Two year,Yes,Bank transfer (automatic),18.91,0.0,No
1195-UIGBH,Female,1,Yes,No,49,Yes,No,DSL,Yes,No,Yes,No,No,No,Month-to-month,No,Electronic check,66.5,3307.56,No
7221-VGEJW,Male,0,Yes,No,10,Yes,No,No,No internet service,No internet service,No internet service,No internet service,No internet service,No internet service,Month-to-month,Yes,Electronic check,20.66,230.4,No
8236-YOXBI,Male,0,No,No,10,Yes,Yes,Fiber optic,No,No,No,Yes,Yes,Yes,Month-to-month,No,Mailed check,92.59,881.16,Yes
4146-PSCUR,Male,0,No,No,4,Yes,No,No,No internet service,No internet service,No internet service,No internet service,No internet service,No internet service,Two year,No,Electronic check,18.0,105.23,No
2228-DGQUW,Male,0,Yes,No,2,Yes,No,DSL,No,No,No,No,No,No,Two year,No,Mailed check,45.45,42.55,No
5982-YULRH,Male,1,No,No,44,Yes,No,Fiber optic,No,Yes,Yes,No,No,Yes,One year,Yes,Electronic check,94.66,4179.49,Yes
1138-LZICX,Male,0,Yes,No,24,No,No phone service,No,No internet service,No internet service,No internet service,No internet service,No internet service,No internet service,One year,Yes,Electronic check,26.69,614.23,Yes
4801-IJGTC,Female,0,No,No,1,Yes,No,Fiber optic,No,No,Yes,No,Yes,No,Month-to-month,No,Credit card (automatic),69.42,11.57,Yes
7035-HNVPV,Male,0,No,No,64,Yes,No,DSL,Yes,No,Yes,No,Yes,Yes,One year,Yes,Electronic check,55.55,3523.75,No
2087-ANIZZ,Male,1,No,No,49,Yes,No,DSL,No,Yes,No,Yes,No,Yes,One year,Yes,Credit card (automatic),63.81,3144.18,No
7185-PFSNC,Female,0,Yes,Yes,2,Yes,No,Fiber optic,No,Yes,No,No,Yes,Yes,Month-to-month,Yes,Electronic check,80.95,216.2,No
6156-UULHY,Male,0,Yes,No,15,Yes,Yes,DSL,No,No,No,No,Yes,No,Month-to-month,Yes,Electronic check,49.25,736.37,Yes
5721-FRRFT,Female,0,Yes,No,0,No,No phone service,No,No internet service,No internet service,No internet service,No internet service,No internet service,No internet service,Two year,Yes,Credit card (automatic),32.39, ,No
5339-PQUTR,Female,0,No,No,66,Yes,No,Fiber optic,No,No,No,No,Yes,Yes,Two year,No,Bank transfer (automatic),84.79,5557.1,No
6023-FBDCI,Female,0,Yes,No,1,Yes,No,Fiber optic,No,No,Yes,No,Yes,No,Month-to-month,Yes,Electronic check,98.61,144.11,Yes
4735-MKJPE,Male,0,No,No,55,Yes,No,DSL,No,No,Yes,No,Yes,Yes,Month-to-month,Yes,Electronic check,67.29,3770.72,Yes
5175-SRHOR,Male,1,Yes,No,35,Yes,No,DSL,Yes,Yes,No,No,Yes,No,Month-to-month,No,Mailed check,64.09,2276.74,No
3638-OCHOO,Female,0,No,Yes,24,Yes,No,No,No internet service,No internet service,No internet service,No internet service,No internet service,No internet service,Month-to-month,No,Mailed check,30.51,644.16,No
9924-KYIWW,Female,0,No,Yes,65,Yes,Yes,Fiber optic,No,Yes,No,Yes,No,Yes,One year,No,Bank transfer (automatic),72.33,4677.44,No
3041-GUNPJ,Female,0,Yes,No,58,Yes,No,Fiber optic,No,Yes,Yes,No,Yes,No,Month-to-month,Yes,Bank transfer (automatic),68.38,3937.52,No
5322-VPRND,Male,0,No,No,42,Yes,No,No,No internet service,No internet service,No internet service,No internet service,No internet service,No internet service,Two year,Yes,Electronic check,31.68,1394.3,Yes
7912-FFTKG,Male,0,No,No,47,Yes,No,DSL,Yes,No,No,No,Yes,Yes,Month-to-month,Yes,Bank transfer (automatic),61.05,2882.04,No
4906-HWPYJ,Male,1,No,Yes,6,Yes,Yes,DSL,Yes,No,Yes,No,No,No,Month-to-month,Yes,Mailed check,64.63,448.08,No
4808-OLBQL,Male,0,No,Yes,64,Yes,No,Fiber optic,Yes,Yes,No,No,Yes,Yes,One year,Yes,Bank transfer (automatic),79.12,4980.31,No
2773-KUTNQ,Male,0,No,Yes,2,Yes,No,Fiber optic,Yes,No,No,Yes,No,No,Month-to-month,Yes,Mailed check,97.94,233.99,Yes
8563-ZRTUQ,Female,1,No,No,6,Yes,No,DSL,No,No,No,No,No,Yes,Two year,Yes,Electronic check,43.59,311.26,No
9852-QCENF,Male,0,No,No,3,Yes,No,Fiber optic,No,No,Yes,Yes,No,No,Month-to-month,No,Mailed check,76.06,346.3,Yes
8932-JZTWB,Female,0,Yes,Yes,43,Yes,Yes,Fiber optic,Yes,No,No,Yes,No,Yes,Month-to-month,Yes,Mailed check,104.36,4475.85,Yes
3941-YWZKZ,Female,0,No,No,3,Yes,Yes,DSL,No,Yes,No,Yes,No,No,Two year,No,Bank transfer (automatic),75.59,206.12,No
5992-TFYIL,Male,0,No,No,1,Yes,Yes,Fiber optic,No,No,No,Yes,No,No,Month-to-month,Yes,Credit card (automatic),76.0,102.73,No
2865-PBVGC,Female,0,Yes,No,1,Yes,Yes,Fiber optic,No,No,Yes,No,Yes,Yes,Month-to-month,No,Electronic check,99.15,139.53,Yes
7354-VLPEK,Female,0,No,Yes,8,Yes,No,Fiber optic,Yes,Yes,No,No,No,Yes,One year,No,Credit card (automatic),116.11,887.99,No
3179-SKCUK,Male,0,Yes,No,0,Yes,No,Fiber optic,Yes,Yes,No,No,No,Yes,One year,No,Electronic check,100.82, ,No
9905-GIIWU,Male,0,Yes,No,42,Yes,No,Fiber optic,Yes,Yes,No,Yes,No,Yes,Month-to-month,Yes,Bank transfer (automatic),75.46,3143.1,Yes
7753-EGINM,Female,1,No,Yes,63,Yes,Yes,Fiber optic,Yes,No,No,Yes,No,No,One year,No,Mailed check,96.53,6047.76,No
1853-OKBKR,Female,0,Yes,Yes,67,Yes,Yes,Fiber optic,Yes,No,No,No,No,Yes,Month-to-month,Yes,Credit card (automatic),90.97,6103.63,No
2107-SRQQB,Female,1,No,No,32,Yes,No,DSL,No,Yes,No,No,No,Yes,Two year,No,Electronic check,62.76,1969.24,No
1471-EBTDL,Female,0,Yes,No,9,Yes,No,DSL,Yes,No,Yes,Yes,No,No,Month-to-month,Yes,Mailed check,56.81,452.06,No
3995-TTDNT,Male,1,No,No,0,Yes,Yes,DSL,Yes,Yes,No,No,No,Yes,Two year,Yes,Bank transfer (automatic),72.12, ,Yes
7291-ILKOF,Female,0,No,No,52,Yes,Yes,No,No internet service,No internet service,No internet service,No internet service,No internet service,No internet service,Month-to-month,Yes,Mailed check,31.92,1631.55,No
9988-OMWBE,Female,1,No,Yes,44,Yes,No,Fiber optic,No,No,No,No,No,Yes,Month-to-month,No,Mailed check,76.41,3260.07,No
5317-RVBSQ,Female,0,No,No,36,Yes,Yes,Fiber optic,No,Yes,No,No,Yes,No,Two year,Yes,Mailed check,68.5,2475.95,No
2214-IJLPR,Female,0,Yes,No,8,Yes,No,Fiber optic,No,Yes,Yes,No,Yes,Yes,Month-to-month,Yes,Credit card (automatic),84.82,588.97,Yes
2490-RSZMC,Female,0,Yes,No,1,Yes,No,Fiber optic,No,Yes,Yes,No,No,No,Month-to-month,Yes,Electronic check,103.66,92.09,Yes
3404-BKSBP,Female,0,No,Yes,6,Yes,Yes,Fiber optic,No,Yes,Yes,No,No,No,Two year,Yes,Mailed check,110.01,666.55,No
1765-VYPSF,Male,0,No,No,58,Yes,No,Fiber optic,No,Yes,No,No,No,No,Month-to-month,No,Bank transfer (automatic),63.57,3617.1,Yes
6783-HNVWG,Female,1,No,No,42,Yes,No,DSL,Yes,No,Yes,Yes,Yes,No,One year,No,Credit card (automatic),68.14,2969.15,No
8432-YFRBY,Male,0,No,Yes,53,Yes,No,DSL,No,Yes,No,No,Yes,Yes,Month-to-month,Yes,Bank transfer (automatic),38.91,2052.39,No
4398-QOXLQ,Female,1,Yes,No,32,No,No phone service,Fiber optic,No,Yes,No,No,No,Yes,One year,No,Credit card (automatic),106.95,3429.01,No
4731-UFNBP,Female,0,Yes,No,25,Yes,Yes,Fiber optic,No,Yes,No,Yes,Yes,No,Two year,Yes,Bank transfer (automatic),95.18,2322.34,No
4375-BQMLY,Female,1,No,No,29,Yes,No,DSL,Yes,No,No,No,No,No,Month-to-month,Yes,Mailed check,56.88,1600.04,No
5227-DUNPI,Male,1,No,Yes,29,Yes,Yes,DSL,No,No,Yes,No,No,Yes,One year,Yes,Electronic check,63.02,1862.23,No
6290-JPDKZ,Female,0,No,Yes,5,Yes,No,Fiber optic,No,No,No,No,No,No,One year,No,Electronic check,73.98,465.17,No
6587-EXNEU,Male,0,No,No,24,Yes,No,DSL,No,Yes,No,No,Yes,No,Two year,No,Electronic check,54.99,1382.86,No
5625-GWJGS,Male,0,No,No,31,Yes,No,Fiber optic,No,Yes,No,Yes,Yes,Yes,One year,Yes,Mailed check,106.71,3305.08,No
2001-OPCZO,Male,0,No,Yes,62,Yes,No,Fiber optic,No,Yes,No,Yes,Yes,No,Month-to-month,Yes,Credit card (automatic),82.05,5060.72,No
4359-AMXKD,Female,0,Yes,Yes,19,Yes,No,Fiber optic,No,Yes,No,No,No,No,Month-to-month,Yes,Bank transfer (automatic),97.53,1845.21,Yes
3763-LYJXM,Male,0,No,No,34,Yes,No,No,No internet service,No internet service,No internet service,No internet service,No internet service,No internet service,Month-to-month,Yes,Mailed check,27.25,941.27,No
8042-DQRIV,Female,0,Yes,No,12,Yes,No,No,No internet service,No internet service,No internet service,No internet service,No internet service,No internet service,Month-to-month,Yes,Mailed check,28.91,362.0,No
1983-VTKLB,Male,0,Yes,Yes,31,Yes,Yes,DSL,Yes,Yes,Yes,Yes,Yes,No,One year,No,Mailed check,63.46,1929.09,No
8392-OSVUU,Female,0,No,No,28,Yes,Yes,DSL,Yes,No,No,No,Yes,Yes,Two year,No,Bank transfer (automatic),64.52,1828.37,No
7927-QSFEI,Female,0,Yes,No,56,Yes,Yes,Fiber optic,No,No,No,No,Yes,No,Month-to-month,Yes,Electronic check,95.22,5347.46,No
5227-LLLIV,Female,0,Yes,Yes,45,Yes,Yes,Fiber optic,Yes,No,No,Yes,Yes,No,Month-to-month,Yes,Mailed check,80.94,3565.43,No
8131-ENIMH,Female,1,No,Yes,0,Yes,No,Fiber optic,No,Yes,Yes,Yes,Yes,No,Month-to-month,Yes,Credit card (automatic),69.67, ,Yes
6057-IGHLY,Female,1,No,No,62,Yes,No,No,No internet service,No internet service,No internet service,No internet service,No internet service,No internet service,Two year,Yes,Electronic check,27.51,1584.06,No
3332-WJTRR,Female,1,Yes,No,3,Yes,No,Fiber optic,No,Yes,Yes,No,Yes,Yes,Two year,Yes,Electronic check,108.72,362.4,No
3321-FTUIB,Female,0,No,No,45,Yes,No,Fiber optic,No,No,No,Yes,Yes,Yes,Month-to-month,No,Mailed check,68.07,2978.66,Yes
4057-TQNRK,Male,0,No,No,6,Yes,No,DSL,No,Yes,No,No,Yes,No,Month-to-month,No,Electronic check,60.62,313.53,Yes
1617-IPVGU,Male,0,Yes,No,1,Yes,No,No,No internet service,No internet service,No internet service,No internet service,No internet service,No internet service,Month-to-month,Yes,Bank transfer (automatic),25.74,0.0,Yes
1532-BNXRO,Female,0,No,No,50,Yes,No,Fiber optic,No,No,No,No,No,No,Month-to-month,No,Credit card (automatic),100.47,4874.23,No
3737-OIOLM,Male,1,No,No,32,Yes,No,DSL,No,No,Yes,No,No,Yes,Month-to-month,Yes,Electronic check,48.94,1615.91,No
1797-BIHQI,Female,0,No,No,28,Yes,No,Fiber optic,No,Yes,No,Yes,Yes,Yes,Two year,Yes,Electronic check,105.11,2928.67,No
7624-QUOXE,Female,0,No,No,47,Yes,No,DSL,Yes,Yes,No,Yes,Yes,No,Month-to-month,No,Credit card (automatic),62.78,2886.98,No
6708-VQMIH,Male,1,No,Yes,4,Yes,Yes,Fiber optic,Yes,No,No,Yes,No,No,Month-to-month,Yes,Electronic check,95.82,362.99,Yes
9084-NLOSV,Female,1,No,No,47,Yes,Yes,DSL,Yes,No,No,No,No,Yes,Month-to-month,Yes,Bank transfer (automatic),69.1,3332.58,No
3014-YNLPO,Female,0,Yes,No,28,No,No phone service,Fiber optic,No,Yes,No,No,No,No,Month-to-month,Yes,Credit card (automatic),99.04,2784.31,Yes
8098-OLMIU,Female,0,No,No,39,Yes,No,DSL,Yes,No,Yes,Yes,Yes,No,Month-to-month,No,Credit card (automatic),48.9,1843.36,No
3871-LDHJU,Female,0,No,Yes,45,Yes,No,DSL,No,No,Yes,No,Yes,Yes,Month-to-month,No,Credit card (automatic),68.95,3138.62,No
2827-OJULE,Female,0,Yes,No,38,Yes,No,Fiber optic,No,No,No,No,Yes,No,One year,Yes,Mailed check,95.52,3698.56,No
2463-FSQXQ,Female,0,No,No,40,Yes,Yes,Fiber optic,Yes,No,Yes,No,No,No,One year,No,Bank transfer (automatic),105.62,4311.44,No
3991-XDPOA,Female,0,No,Yes,48,Yes,No,Fiber optic,No,Yes,No,No,Yes,Yes,Two year,Yes,Mailed check,70.98,3349.89,No
9641-BYVOU,Male,0,Yes,No,7,Yes,No,DSL,No,No,Yes,Yes,No,No,Two year,Yes,Mailed check,73.39,446.31,Yes
1719-THPGJ,Female,0,Yes,No,62,Yes,No,Fiber optic,No,No,Yes,No,No,No,Month-to-month,No,Credit card (automatic),70.64,4305.09,No
3583-UBTUQ,Female,0,No,No,19,Yes,No,Fiber optic,No,Yes,No,Yes,No,No,Two year,No,Bank transfer (automatic),85.82,1701.43,No
5505-CEZXX,Male,0,Yes,No,15,Yes,Yes,Fiber optic,Yes,No,No,No,No,Yes,Two year,Yes,Electronic check,79.93,1212.75,No
7510-OWGCX,Male,0,No,No,3,No,No phone service,DSL,No,Yes,Yes,No,Yes,No,Month-to-month,Yes,Mailed check,74.6,221.94,Yes
9144-IHQOD,Female,0,Yes,Yes,2,Yes,Yes,Fiber optic,Yes,Yes,Yes,No,No,Yes,Month-to-month,Yes,Bank transfer (automatic),73.78,262.19,No
4910-KOALR,Male,0,No,No,54,Yes,No,DSL,No,No,No,Yes,No,No,One year,No,Electronic check,72.62,3817.78,No
2419-IBZOG,Female,0,No,No,56,Yes,No,DSL,Yes,Yes,Yes,No,Yes,No,Month-to-month,No,Bank transfer (automatic),56.75,3088.9,No
8662-MOVPG,Male,0,Yes,Yes,42,No,No phone service,No,No internet service,No internet service,No internet service,No internet service,No internet service,No internet service,Two year,No,Mailed check,21.8,791.0,No
1086-PMEBN,Male,0,No,No,58,No,No phone service,DSL,Yes,No,Yes,Yes,No,No,Two year,Yes,Mailed check,66.52,3882.49,No
5864-YJEOA,Female,0,Yes,No,51,Yes,No,Fiber optic,No,No,No,Yes,No,Yes,Month-to-month,Yes,Credit card (automatic),92.56,4693.81,No
4462-PLTXT,Male,1,Yes,No,4,Yes,Yes,Fiber optic,No,No,No,No,No,No,One year,No,Credit card (automatic),112.99,533.75,Yes
7934-FNKUR,Male,1,No,No,50,Yes,No,DSL,No,Yes,No,No,Yes,Yes,Month-to-month,Yes,Bank transfer (automatic),64.67,3206.25,No
2590-MVIAM,Female,1,Yes,No,1,Yes,Yes,Fiber optic,Yes,No,No,No,No,Yes,Two year,Yes,Bank transfer (automatic),73.16,80.87,No
5990-OASMU,Female,0,No,No,47,Yes,Yes,DSL,No,No,Yes,No,Yes,Yes,Month-to-month,No,Bank transfer (automatic),50.94,2442.6,Yes
5064-EOZIE,Male,1,No,No,17,Yes,No,No,No internet service,No internet service,No internet service,No internet service,No internet service,No internet service,Month-to-month,No,Bank transfer (automatic),23.49,386.81,Yes
9495-RPDYJ,Female,0,Yes,No,32,Yes,No,DSL,Yes,No,Yes,No,Yes,No,Month-to-month,Yes,Bank transfer (automatic),47.63,1564.64,Yes
6015-QUSGB,Female,0,Yes,No,6,Yes,No,Fiber optic,No,No,No,Yes,Yes,Yes,Two year,Yes,Credit card (automatic),105.67,630.44,No
3699-YFXKI,Female,1,No,No,0,No,No phone service,No,No internet service,No internet service,No internet service,No internet service,No internet service,No internet service,Month-to-month,Yes,Electronic check,21.98, ,Yes
2757-SEWKG,Male,0,Yes,No,27,Yes,Yes,DSL,No,No,No,Yes,No,No,Month-to-month,Yes,Mailed check,57.44,1530.71,No
6399-LYMHS,Male,0,No,No,31,Yes,Yes,Fiber optic,Yes,No,No,Yes,Yes,No,Month-to-month,No,Electronic check,73.02,2240.82,Yes
3863-MTZFS,Female,0,Yes,No,24,Yes,Yes,Fiber optic,No,Yes,Yes,No,No,Yes,Month-to-month,Yes,Mailed check,97.18,2400.95,Yes
1576-TORXP,Female,0,No,Yes,70,Yes,Yes,No,No internet service,No internet service,No internet service,No internet service,No internet service,No internet service,Month-to-month,Yes,Credit card (automatic),24.93,1706.29,No
8925-BHYJL,Male,0,Yes,Yes,16,Yes,Yes,Fiber optic,No,No,No,No,No,No,Month-to-month,Yes,Mailed check,90.3,1488.84,Yes
9744-QNFTN,Female,0,No,Yes,2,Yes,Yes,DSL,No,Yes,Yes,No,Yes,No,Month-to-month,No,Bank transfer (automatic),64.57,206.06,No
5711-MYQTS,Male,0,No,No,14,Yes,Yes,No,No internet service,No internet service,No internet service,No internet service,No internet service,No internet service,One year,No,Credit card (automatic),26.43,326.46,No
6745-AZQII,Female,0,Yes,No,24,Yes,No,Fiber optic,Yes,No,No,Yes,Yes,No,Month-to-month,Yes,Mailed check,81.54,2074.77,Yes
7581-RUWVP,Female,0,No,No,24,Yes,Yes,Fiber optic,No,No,No,No,No,No,Month-to-month,Yes,Credit card (automatic),82.43,1922.39,Yes
3292-DPTFT,Female,0,Yes,No,1,Yes,Yes,Fiber optic,Yes,Yes,Yes,Yes,No,Yes,Month-to-month,No,Credit card (automatic),95.04,148.32,No
5699-NPGAN,Female,0,Yes,Yes,68,Yes,No,Fiber optic,No,No,No,No,Yes,No,Month-to-month,Yes,Credit card (automatic),83.16,5711.52,No
5313-NLBLJ,Male,0,Yes,No,5,Yes,Yes,No,No internet service,No internet service,No internet service,No internet service,No internet service,No internet service,Month-to-month,Yes,Credit card (automatic),28.67,81.99,Yes
1518-XHRJQ,Female,0,No,Yes,1,Yes,Yes,Fiber optic,Yes,No,No,No,Yes,No,Month-to-month,Yes,Electronic check,96.63,35.71,Yes
3336-UORDU,Male,0,No,No,3,Yes,No,Fiber optic,Yes,No,No,No,No,No,One year,Yes,Electronic check,108.35,317.63,No
5194-ETSZS,Female,0,Yes,Yes,59,Yes,No,No,No internet service,No internet service,No internet service,No internet service,No internet service,No internet service,Month-to-month,Yes,Mailed check,32.93,1851.34,No
4172-PKRMC,Female,0,No,Yes,6,No,No phone service,Fiber optic,Yes,No,No,No,No,Yes,Two year,No,Electronic check,101.29,637.56,No
7308-FETFQ,Male,0,No,Yes,3,Yes,No,Fiber optic,No,No,Yes,No,No,No,Month-to-month,Yes,Bank transfer (automatic),80.3,241.4,No
4401-SKSYB,Male,0,Yes,No,69,Yes,Yes,DSL,Yes,No,No,No,No,No,One year,Yes,Mailed check,65.51,4508.84,No
9186-CVURX,Male,0,Yes,Yes,41,Yes,No,DSL,No,No,No,No,No,No,One year,No,Electronic check,59.37,2548.76,No
8525-USEKM,Male,0,Yes,No,11,Yes,Yes,Fiber optic,No,Yes,Yes,No,No,Yes,Month-to-month,Yes,Credit card (automatic),93.28,973.93,No
7555-IDRRS,Male,0,Yes,No,64,Yes,No,No,No internet service,No internet service,No internet service,No internet service,No internet service,No internet service,Month-to-month,No,Electronic check,27.34,1774.62,No
5175-ABEVE,Female,0,No,No,6,Yes,No,Fiber optic,Yes,No,No,No,No,No,One year,Yes,Mailed check,87.38,545.74,Yes
8237-OYKYM,Female,1,No,Yes,1,Yes,Yes,Fiber optic,No,Yes,No,No,Yes,Yes,One year,No,Mailed check,76.84,83.48,Yes
4975-MGNTE,Female,0,Yes,No,50,Yes,No,DSL,Yes,No,No,Yes,Yes,No,Month-to-month,Yes,Mailed check,65.49,3248.65,No
8683-CVJYA,Female,1,No,Yes,65,Yes,Yes,DSL,No,No,No,Yes,No,No,One year,Yes,Electronic check,55.01,3462.07,No
1694-MRJCV,Female,0,Yes,No,33,Yes,Yes,DSL,No,No,Yes,Yes,Yes,No,Month-to-month,Yes,Mailed check,57.76,1863.31,Yes
2929-NECLJ,Male,0,No,No,66,Yes,No,DSL,No,No,Yes,No,Yes,No,One year,Yes,Credit card (automatic),62.98,4155.91,No
8670-JBNBY,Female,0,No,No,2,Yes,Yes,DSL,Yes,No,No,No,No,No,Month-to-month,Yes,Mailed check,60.11,156.09,Yes
9877-URVQV,Female,0,Yes,Yes,43,Yes,Yes,DSL,Yes,Yes,No,Yes,No,No,Month-to-month,Yes,Credit card (automatic),47.85,2014.88,No
4861-ILAFM,Female,1,No,No,36,Yes,Yes,Fiber optic,Yes,No,No,No,Yes,No,One year,No,Credit card (automatic),84.45,3090.66,No
6948-FTXFJ,Female,0,Yes,No,60,Yes,No,Fiber optic,No,No,Yes,No,No,Yes,One year,No,Bank transfer (automatic),89.67,5357.26,No
1980-YXZBV,Female,0,No,Yes,16,Yes,No,Fiber optic,No,No,No,No,No,Yes,Month-to-month,Yes,Mailed check,73.63,1170.67,No
7366-OQPYE,Female,1,Yes,No,70,Yes,No,DSL,Yes,No,Yes,No,Yes,Yes,One year,Yes,Bank transfer (automatic),52.81,3691.64,No
9608-NYTZH,Female,1,No,No,65,Yes,No,Fiber optic,Yes,Yes,No,No,No,No,One year,No,Mailed check,101.2,6558.96,No
5612-AECAJ,Male,0,No,No,0,Yes,No,DSL,No,No,No,Yes,No,No,One year,Yes,Mailed check,65.35, ,No
5993-MZJIG,Female,0,No,No,40,Yes,Yes,Fiber optic,Yes,No,Yes,Yes,Yes,No,Month-to-month,Yes,Bank transfer (automatic),97.87,3992.93,Yes
3502-VMKNA,Male,0,No,Yes,58,Yes,No,DSL,Yes,No,Yes,No,Yes,Yes,Month-to-month,Yes,Mailed check,55.03,3257.88,No
1048-NYEFF,Male,0,No,Yes,17,Yes,No,No,No internet service,No internet service,No internet service,No internet service,No internet service,No internet service,Month-to-month,Yes,Credit card (automatic),30.97,529.09,No
7465-DWCOB,Female,1,Yes,No,44,No,No phone service,DSL,No,Yes,No,No,Yes,No,Month-to-month,Yes,Credit card (automatic),55.86,2522.84,No
8512-JBWZO,Male,0,No,No,0,Yes,Yes,DSL,Yes,No,No,Yes,No,Yes,One year,Yes,Bank transfer (automatic),51.76, ,Yes
6994-JIJEQ,Female,0,Yes,Yes,17,Yes,Yes,DSL,Yes,Yes,Yes,No,No,No,Month-to-month,Yes,Credit card (automatic),56.48,935.79,Yes
6654-WFFYR,Male,0,No,No,38,Yes,Yes,DSL,No,Yes,No,Yes,No,Yes,Two year,No,Electronic check,51.93,1991.46,No
7381-GONBW,Female,0,No,No,31,Yes,No,DSL,No,No,No,No,Yes,No,One year,Yes,Mailed check,43.31,1353.88,No
2246-VDYHZ,Male,0,Yes,Yes,17,Yes,No,No,No internet service,No internet service,No internet service,No internet service,No internet service,No internet service,Two year,Yes,Bank transfer (automatic),30.65,542.36,No
8565-BTUUM,Female,0,Yes,Yes,40,Yes,Yes,DSL,Yes,Yes,Yes,No,No,No,Month-to-month,Yes,Electronic check,84.92,3352.13,Yes
8161-HFSAJ,Male,0,Yes,No,48,Yes,Yes,Fiber optic,Yes,No,No,Yes,Yes,No,Month-to-month,No,Mailed check,93.4,4457.43,No
6781-YJCWX,Male,0,Yes,No,26,Yes,No,Fiber optic,No,Yes,No,Yes,Yes,No,Two year,No,Credit card (automatic),80.54,2020.59,No
9498-JRGWE,Male,0,No,No,51,Yes,Yes,Fiber optic,No,No,No,No,Yes,Yes,Month-to-month,Yes,Electronic check,70.67,3698.21,Yes
3303-JUZVG,Female,0,Yes,Yes,67,Yes,Yes,Fiber optic,No,No,Yes,Yes,Yes,No,Two year,Yes,Credit card (automatic),73.25,4901.63,No
4164-SKOKA,Female,0,No,No,53,No,No phone service,DSL,Yes,No,No,No,No,No,Month-to-month,No,Electronic check,65.32,3469.85,No
6646-WIODB,Female,0,Yes,No,49,Yes,No,DSL,Yes,No,Yes,Yes,No,No,Month-to-month,No,Credit card (automatic),68.12,3377.94,No
7752-RIZDV,Male,0,No,No,1,Yes,No,Fiber optic,No,Yes,No,No,No,Yes,Month-to-month,Yes,Mailed check,76.73,51.98,Yes
1284-TDXBH,Male,1,Yes,No,18,Yes,Yes,Fiber optic,No,No,No,Yes,Yes,No,Month-to-month,Yes,Credit card (automatic),91.58,1601.9,Yes
7038-DDHFN,Male,0,Yes,Yes,19,Yes,No,Fiber optic,No,No,No,No,No,Yes,Month-to-month,Yes,Bank transfer (automatic),106.33,1910.96,No
2061-OYYXC,Female,0,No,No,1,Yes,No,Fiber optic,Yes,No,No,Yes,No,No,Month-to-month,Yes,Bank transfer (automatic),88.98,129.44,No
1766-YGGBX,Female,0,Yes,No,66,Yes,No,No,No internet service,No internet service,No internet service,No internet service,No internet service,No internet service,One year,No,Credit card (automatic),31.68,2073.06,No
6631-OUJHD,Male,0,No,Yes,46,Yes,Yes,Fiber optic,No,No,No,No,No,Yes,One year,Yes,Bank transfer (automatic),77.14,3572.25,No
8510-KOEAI,Female,0,No,No,33,Yes,Yes,DSL,No,Yes,No,No,Yes,No,Month-to-month,Yes,Electronic check,45.42,1411.95,No
1734-ISOQW,Female,0,Yes,No,14,Yes,No,No,No internet service,No internet service,No internet service,No internet service,No internet service,No internet service,Month-to-month,Yes,Electronic check,22.04,301.37,No
9527-HWATU,Male,0,Yes,Yes,69,Yes,Yes,DSL,No,Yes,Yes,No,Yes,No,Month-to-month,No,Electronic check,74.63,5075.08,No
5853-LWDRL,Male,0,Yes,Yes,5,Yes,Yes,No,No internet service,No internet service,No internet service,No internet service,No internet service,No internet service,One year,Yes,Bank transfer (automatic),25.66,38.12,Yes
2166-MAPGI,Male,0,Yes,No,71,Yes,No,Fiber optic,Yes,Yes,No,No,Yes,No,Month-to-month,No,Electronic check,104.03,7351.11,No
4694-CREUK,Male,0,No,No,4,Yes,No,Fiber optic,No,Yes,No,Yes,No,No,Month-to-month,No,Mailed check,96.43,352.39,Yes
1297-WDHUD,Male,0,Yes,No,7,Yes,No,No,No internet service,No internet service,No internet service,No internet service,No internet service,No internet service,One year,No,Electronic check,28.43,261.88,No
2463-PUVFP,Female,0,Yes,No,0,Yes,Yes,Fiber optic,Yes,Yes,No,No,Yes,No,Month-to-month,No,Electronic check,61.01, ,No
3707-KKWXS,Male,0,No,Yes,6,Yes,Yes,DSL,No,No,Yes,No,No,No,One year,No,Mailed check,67.92,434.31,No
1970-BCNET,Female,0,Yes,No,56,Yes,Yes,Fiber optic,No,No,No,No,No,Yes,Two year,Yes,Bank transfer (automatic),81.52,4543.1,No
9836-LMMXE,Female,0,No,No,30,Yes,Yes,Fiber optic,No,No,No,No,No,Yes,Month-to-month,Yes,Mailed check,89.84,2683.6,No
1524-EOUGE,Female,0,No,Yes,14,Yes,Yes,Fiber optic,Yes,No,Yes,No,Yes,Yes,Two year,Yes,Credit card (automatic),85.83,1184.24,Yes
3308-CGWXP,Female,0,No,Yes,25,Yes,Yes,DSL,No,Yes,No,Yes,Yes,Yes,Month-to-month,No,Credit card (automatic),61.44,1525.68,No
9066-CILZA,Male,0,No,No,29,Yes,Yes,DSL,Yes,No,No,No,Yes,No,One year,Yes,Electronic check,75.05,2168.14,No
3422-KDBQX,Male,0,Yes,No,34,Yes,Yes,Fiber optic,No,No,Yes,No,No,No,Month-to-month,No,Bank transfer (automatic),83.31,2928.09,Yes
